timestamp,top_bid_price,top5_volume,last_price
1758860438911,0.0,0.0,0.0
1758860439011,0.0,0.0,0.0
1758860439112,0.0,0.0,0.0
1758860439211,0.0,0.0,0.0
1758860439311,0.0,0.0,0.0
1758860439411,0.0,0.0,0.0
1758860439511,0.0,0.0,0.0
1758860439610,0.0,0.0,0.0
1758860439710,0.0,0.0,0.0
1758860439810,0.0,0.0,0.0
1758860439910,0.0,0.0,0.0
1758860440010,0.0,0.0,0.0
1758860440110,0.0,0.0,0.0
1758860440210,0.0,0.0,0.0
1758860440310,0.0,0.0,0.0
1758860440410,0.0,0.0,0.0
1758860440509,0.0,0.0,0.0
1758860440610,0.0,0.0,0.0
1758860440711,0.0,0.0,0.0
1758860440811,0.0,0.0,0.0
1758860440910,0.0,0.0,0.0
1758860441011,0.0,0.0,0.0
1758860441110,0.0,0.0,0.0
1758860441211,0.0,0.0,0.0
1758860441311,0.0,0.0,0.0
1758860441410,0.0,0.0,0.0
1758860441510,0.0,0.0,0.0
1758860441610,0.0,0.0,0.0
1758860441710,0.0,0.0,0.0
1758860441809,0.0,0.0,0.0
1758860441911,0.0,0.0,0.0
1758860442011,0.0,0.0,0.0
1758860442110,0.0,0.0,0.0
1758860442210,0.0,0.0,0.0
1758860442310,0.0,0.0,0.0
1758860442410,0.0,0.0,3974.44
1758860442510,0.0,0.0,3974.44
1758860442610,0.0,0.0,3974.44
1758860442710,0.0,0.0,3974.44
1758860442813,0.0,0.0,3974.44
1758860442910,0.0,0.0,3974.44
1758860443010,0.0,0.0,3974.44
1758860443110,0.0,0.0,3974.44
1758860443210,0.0,0.0,3974.44
1758860443310,0.0,0.0,3974.44
1758860443410,0.0,0.0,3974.44
1758860443510,0.0,0.0,3974.44
1758860443610,0.0,0.0,3974.44
1758860443710,0.0,0.0,3974.44
1758860443810,0.0,0.0,3974.44
1758860443910,0.0,0.0,3974.44
1758860444011,0.0,0.0,3974.44
1758860444110,0.0,0.0,3974.44
1758860444211,0.0,0.0,3974.44
1758860444310,0.0,0.0,3974.44
1758860444411,0.0,0.0,3974.44
1758860444510,0.0,0.0,3974.44
1758860444611,0.0,0.0,3974.44
1758860444711,0.0,0.0,3974.44
1758860444810,0.0,0.0,3974.44
1758860444910,0.0,0.0,3974.44
1758860445010,0.0,0.0,3974.44
1758860445110,0.0,0.0,3974.44
1758860445210,0.0,0.0,3974.44
1758860445310,0.0,0.0,3974.44
1758860445410,0.0,0.0,3974.44
1758860445510,0.0,0.0,3974.44
1758860445610,0.0,0.0,3974.44
1758860445711,0.0,0.0,3974.44
1758860445811,0.0,0.0,3974.45
1758860445911,0.0,0.0,3974.45
1758860446011,0.0,0.0,3974.45
1758860446111,0.0,0.0,3974.45
1758860446210,0.0,0.0,3974.45
1758860446311,0.0,0.0,3974.45
1758860446411,0.0,0.0,3974.45
1758860446511,0.0,0.0,3974.45
1758860446611,0.0,0.0,3974.45
1758860446711,0.0,0.0,3974.45
1758860446811,0.0,0.0,3974.45
1758860446910,0.0,0.0,3974.45
1758860447011,0.0,0.0,3974.45
1758860447111,0.0,0.0,3974.45
1758860447211,0.0,0.0,3974.45
1758860447311,0.0,0.0,3974.45
1758860447410,0.0,0.0,3974.45
1758860447510,0.0,0.0,3974.45
1758860447610,0.0,0.0,3974.45
1758860447711,0.0,0.0,3974.45
1758860447817,0.0,0.0,3974.45
1758860447910,0.0,0.0,3974.45
1758860448035,0.0,0.0,3974.45
1758860448117,0.0,0.0,3974.45
1758860448210,0.0,0.0,3974.45
1758860448310,0.0,0.0,3974.45
1758860448410,0.0,0.0,3974.45
1758860448517,0.0,0.0,3974.51
1758860448611,0.0,0.0,3974.84
1758860448711,0.0,0.0,3974.84
1758860448810,0.0,0.0,3975.21
1758860448910,0.0,0.0,3975.35
1758860449010,0.0,0.0,3975.35
1758860449110,0.0,0.0,3975.35
1758860449210,0.0,0.0,3975.35
1758860449310,0.0,0.0,3975.35
1758860449411,0.0,0.0,3975.35
1758860449510,0.0,0.0,3975.35
1758860449610,0.0,0.0,3975.35
1758860449710,0.0,0.0,3975.35
1758860449810,0.0,0.0,3975.35
1758860449911,0.0,0.0,3975.35
1758860450011,0.0,0.0,3975.35
1758860450111,0.0,0.0,3976.4
1758860450211,0.0,0.0,3976.4
1758860450311,0.0,0.0,3976.39
1758860450412,0.0,0.0,3976.39
1758860450511,0.0,0.0,3976.39
1758860450611,0.0,0.0,3976.39
1758860450711,0.0,0.0,3976.39
1758860450810,0.0,0.0,3976.39
1758860450910,0.0,0.0,3976.39
1758860451011,0.0,0.0,3976.39
1758860451111,0.0,0.0,3976.39
1758860451210,0.0,0.0,3976.4
1758860451310,0.0,0.0,3976.89
1758860451411,0.0,0.0,3976.89
1758860451513,0.0,0.0,3976.89
1758860451611,0.0,0.0,3976.88
1758860451711,0.0,0.0,3976.88
1758860451811,0.0,0.0,3976.88
1758860451910,0.0,0.0,3976.88
1758860452010,0.0,0.0,3976.88
1758860452110,0.0,0.0,3976.48
1758860452210,0.0,0.0,3976.48
1758860452310,0.0,0.0,3976.48
1758860452411,0.0,0.0,3976.48
1758860452510,0.0,0.0,3976.48
1758860452610,0.0,0.0,3976.48
1758860452710,0.0,0.0,3976.48
1758860452810,0.0,0.0,3976.48
1758860452910,0.0,0.0,3976.49
1758860453010,0.0,0.0,3976.49
1758860453110,0.0,0.0,3976.49
1758860453210,0.0,0.0,3976.49
1758860453310,0.0,0.0,3976.49
1758860453410,0.0,0.0,3976.49
1758860453510,0.0,0.0,3976.49
1758860453610,0.0,0.0,3976.27
1758860453710,0.0,0.0,3976.27
1758860453810,0.0,0.0,3976.27
1758860453911,0.0,0.0,3976.27
1758860454011,0.0,0.0,3976.27
1758860454110,0.0,0.0,3976.27
1758860454211,0.0,0.0,3976.27
1758860454311,0.0,0.0,3976.27
1758860454411,0.0,0.0,3976.27
1758860454511,0.0,0.0,3976.27
1758860454611,0.0,0.0,3976.01
1758860454711,0.0,0.0,3975.56
1758860454811,0.0,0.0,3975.56
1758860454935,0.0,0.0,3975.23
1758860455013,0.0,0.0,3975.06
1758860455111,0.0,0.0,3975.06
1758860455211,0.0,0.0,3975.06
1758860455311,0.0,0.0,3975.06
1758860455411,0.0,0.0,3975.06
1758860455510,0.0,0.0,3975.06
1758860455610,0.0,0.0,3975.06
1758860455710,0.0,0.0,3975.06
1758860455810,0.0,0.0,3975.06
1758860455910,0.0,0.0,3975.06
1758860456010,0.0,0.0,3975.06
1758860456110,0.0,0.0,3975.02
1758860456210,0.0,0.0,3975.02
1758860456312,0.0,0.0,3975.02
1758860456411,0.0,0.0,3975.02
1758860456510,0.0,0.0,3975.02
1758860456610,0.0,0.0,3975.02
1758860456710,0.0,0.0,3975.02
1758860456810,0.0,0.0,3975.02
1758860456910,0.0,0.0,3975.02
1758860457010,0.0,0.0,3974.65
1758860457110,0.0,0.0,3974.65
1758860457211,0.0,0.0,3974.65
1758860457310,0.0,0.0,3974.65
1758860457410,0.0,0.0,3974.65
1758860457510,0.0,0.0,3974.65
1758860457610,0.0,0.0,3974.65
1758860457711,0.0,0.0,3974.65
1758860457811,0.0,0.0,3974.65
1758860457911,0.0,0.0,3974.65
1758860458011,0.0,0.0,3974.64
1758860458115,0.0,0.0,3974.64
1758860458217,0.0,0.0,3974.64
1758860458311,0.0,0.0,3974.64
1758860458411,0.0,0.0,3974.64
1758860458511,0.0,0.0,3974.64
1758860458611,0.0,0.0,3974.64
1758860458711,0.0,0.0,3974.64
1758860458811,0.0,0.0,3974.64
1758860458911,0.0,0.0,3974.64
1758860459011,0.0,0.0,3974.64
1758860459110,0.0,0.0,3974.64
1758860459210,0.0,0.0,3974.64
1758860459310,0.0,0.0,3974.64
1758860459410,0.0,0.0,3974.64
1758860459510,0.0,0.0,3974.64
1758860459610,0.0,0.0,3974.64
1758860459710,0.0,0.0,3974.64
1758860459810,0.0,0.0,3974.64
1758860459910,0.0,0.0,3974.64
1758860460010,0.0,0.0,3974.64
1758860460110,0.0,0.0,3974.64
1758860460212,0.0,0.0,3974.64
1758860460310,0.0,0.0,3974.84
1758860460411,0.0,0.0,3974.84
1758860460510,0.0,0.0,3974.84
1758860460610,0.0,0.0,3974.84
1758860460710,0.0,0.0,3974.84
1758860460811,0.0,0.0,3974.84
1758860460910,0.0,0.0,3974.84
1758860461010,0.0,0.0,3974.84
1758860461110,0.0,0.0,3974.84
1758860461210,0.0,0.0,3974.84
1758860461310,0.0,0.0,3974.84
1758860461410,0.0,0.0,3974.84
1758860461510,0.0,0.0,3974.84
1758860461610,0.0,0.0,3974.84
1758860461710,0.0,0.0,3974.84
1758860461811,0.0,0.0,3974.84
1758860461910,0.0,0.0,3974.84
1758860462011,0.0,0.0,3974.84
1758860462111,0.0,0.0,3974.84
1758860462210,0.0,0.0,3974.84
1758860462311,0.0,0.0,3974.84
1758860462411,0.0,0.0,3974.84
1758860462511,0.0,0.0,3974.84
1758860462611,0.0,0.0,3974.84
1758860462710,0.0,0.0,3974.84
1758860462811,0.0,0.0,3974.84
1758860462911,0.0,0.0,3974.84
1758860463011,0.0,0.0,3974.84
1758860463111,0.0,0.0,3974.84
1758860463213,0.0,0.0,3974.84
1758860463311,0.0,0.0,3974.84
1758860463410,0.0,0.0,3974.84
1758860463511,0.0,0.0,3974.84
1758860463611,0.0,0.0,3974.84
1758860463710,0.0,0.0,3974.83
1758860463811,0.0,0.0,3974.43
1758860463911,0.0,0.0,3974.43
1758860464010,0.0,0.0,3974.43
1758860464111,0.0,0.0,3974.43
1758860464211,0.0,0.0,3974.43
1758860464310,0.0,0.0,3974.43
1758860464411,0.0,0.0,3974.43
1758860464510,0.0,0.0,3974.43
1758860464610,0.0,0.0,3974.43
1758860464710,0.0,0.0,3974.43
1758860464810,0.0,0.0,3974.43
1758860464910,0.0,0.0,3974.44
1758860465010,0.0,0.0,3974.44
1758860465110,0.0,0.0,3974.44
1758860465210,0.0,0.0,3974.44
1758860465310,0.0,0.0,3974.44
1758860465410,0.0,0.0,3974.44
1758860465510,0.0,0.0,3974.44
1758860465610,0.0,0.0,3974.44
1758860465710,0.0,0.0,3974.44
1758860465810,0.0,0.0,3974.44
1758860465910,0.0,0.0,3974.44
1758860466010,0.0,0.0,3974.44
1758860466110,0.0,0.0,3974.44
1758860466210,0.0,0.0,3974.43
1758860466310,0.0,0.0,3974.43
1758860466411,0.0,0.0,3974.43
1758860466511,0.0,0.0,3974.43
1758860466611,0.0,0.0,3974.43
1758860466711,0.0,0.0,3974.43
1758860466811,0.0,0.0,3974.43
1758860466911,0.0,0.0,3974.43
1758860467011,0.0,0.0,3974.43
1758860467111,0.0,0.0,3974.43
1758860467211,0.0,0.0,3974.43
1758860467311,0.0,0.0,3974.43
1758860467411,0.0,0.0,3974.38
1758860467511,0.0,0.0,3974.38
1758860467611,0.0,0.0,3974.38
1758860467711,0.0,0.0,3974.38
1758860467811,0.0,0.0,3974.38
1758860467911,0.0,0.0,3974.38
1758860468011,0.0,0.0,3974.38
1758860468110,0.0,0.0,3974.38
1758860468242,0.0,0.0,3974.38
1758860468317,0.0,0.0,3974.38
1758860468411,0.0,0.0,3974.38
1758860468511,0.0,0.0,3974.38
1758860468611,0.0,0.0,3974.38
1758860468710,0.0,0.0,3974.38
1758860468810,0.0,0.0,3974.38
1758860468910,0.0,0.0,3974.38
1758860469010,0.0,0.0,3974.38
1758860469110,0.0,0.0,3974.38
1758860469210,0.0,0.0,3974.38
1758860469310,0.0,0.0,3974.38
1758860469410,0.0,0.0,3974.38
1758860469511,0.0,0.0,3974.38
1758860469610,0.0,0.0,3974.38
1758860469710,0.0,0.0,3974.38
1758860469810,0.0,0.0,3974.38
1758860469910,0.0,0.0,3974.38
1758860470010,0.0,0.0,3974.38
1758860470110,0.0,0.0,3974.38
1758860470210,0.0,0.0,3974.38
1758860470310,0.0,0.0,3974.38
1758860470410,0.0,0.0,3974.38
1758860470510,0.0,0.0,3974.38
1758860470610,0.0,0.0,3974.37
1758860470710,0.0,0.0,3974.37
1758860470811,0.0,0.0,3974.37
1758860470911,0.0,0.0,3974.37
1758860471011,0.0,0.0,3974.37
1758860471111,0.0,0.0,3974.37
1758860471211,0.0,0.0,3974.37
1758860471310,0.0,0.0,3974.37
1758860471411,0.0,0.0,3974.37
1758860471510,0.0,0.0,3974.37
1758860471611,0.0,0.0,3974.37
1758860471711,0.0,0.0,3974.37
1758860471813,0.0,0.0,3974.24
1758860471911,0.0,0.0,3974.13
1758860472011,0.0,0.0,3974.13
1758860472111,0.0,0.0,3974.13
1758860472211,0.0,0.0,3974.13
1758860472311,0.0,0.0,3974.13
1758860472410,0.0,0.0,3974.13
1758860472510,0.0,0.0,3974.13
1758860472610,0.0,0.0,3974.13
1758860472710,0.0,0.0,3974.13
1758860472810,0.0,0.0,3974.13
1758860472910,0.0,0.0,3974.13
1758860473011,0.0,0.0,3974.13
1758860473111,0.0,0.0,3974.13
1758860473210,0.0,0.0,3974.13
1758860473316,0.0,0.0,3974.13
1758860473411,0.0,0.0,3974.13
1758860473511,0.0,0.0,3974.13
1758860473611,0.0,0.0,3974.07
1758860473711,0.0,0.0,3974.07
1758860473811,0.0,0.0,3974.07
1758860473911,0.0,0.0,3974.07
1758860474010,0.0,0.0,3973.98
1758860474123,0.0,0.0,3973.5
1758860474222,0.0,0.0,3973.5
1758860474310,0.0,0.0,3973.5
1758860474411,0.0,0.0,3973.5
1758860474510,0.0,0.0,3973.5
1758860474610,0.0,0.0,3973.5
1758860474710,0.0,0.0,3973.5
1758860474810,0.0,0.0,3973.5
1758860474910,0.0,0.0,3973.5
1758860475011,0.0,0.0,3973.5
1758860475111,0.0,0.0,3973.5
1758860475211,0.0,0.0,3973.5
1758860475311,0.0,0.0,3973.5
1758860475411,0.0,0.0,3973.5
1758860475510,0.0,0.0,3973.37
1758860475611,0.0,0.0,3973.37
1758860475711,0.0,0.0,3973.37
1758860475811,0.0,0.0,3973.37
1758860475911,0.0,0.0,3973.37
1758860476010,0.0,0.0,3973.37
1758860476111,0.0,0.0,3973.29
1758860476211,0.0,0.0,3973.29
1758860476311,0.0,0.0,3973.29
1758860476411,0.0,0.0,3973.29
1758860476511,0.0,0.0,3973.29
1758860476611,0.0,0.0,3973.17
1758860476711,0.0,0.0,3973.17
1758860476811,0.0,0.0,3973.17
1758860476911,0.0,0.0,3972.97
1758860477012,0.0,0.0,3972.97
1758860477113,0.0,0.0,3972.65
1758860477225,0.0,0.0,3972.5
1758860477311,0.0,0.0,3972.29
1758860477412,0.0,0.0,3972.29
1758860477511,0.0,0.0,3972.29
1758860477611,0.0,0.0,3972.29
1758860477711,0.0,0.0,3971.84
1758860477811,0.0,0.0,3971.84
1758860477911,0.0,0.0,3971.84
1758860478010,0.0,0.0,3971.84
1758860478110,0.0,0.0,3971.84
1758860478210,0.0,0.0,3971.84
1758860478325,0.0,0.0,3971.84
1758860478412,0.0,0.0,3971.84
1758860478510,0.0,0.0,3971.84
1758860478610,0.0,0.0,3971.84
1758860478710,0.0,0.0,3971.84
1758860478811,0.0,0.0,3971.84
1758860478911,0.0,0.0,3971.84
1758860479011,0.0,0.0,3971.84
1758860479111,0.0,0.0,3971.84
1758860479211,0.0,0.0,3971.84
1758860479311,0.0,0.0,3971.84
1758860479411,0.0,0.0,3971.84
1758860479511,0.0,0.0,3971.82
1758860479611,0.0,0.0,3971.82
1758860479711,0.0,0.0,3971.82
1758860479811,0.0,0.0,3971.82
1758860479911,0.0,0.0,3971.82
1758860480011,0.0,0.0,3971.82
1758860480111,0.0,0.0,3971.82
1758860480210,0.0,0.0,3971.81
1758860480311,0.0,0.0,3971.81
1758860480411,0.0,0.0,3971.82
1758860480511,0.0,0.0,3971.82
1758860480611,0.0,0.0,3971.82
1758860480711,0.0,0.0,3971.82
1758860480811,0.0,0.0,3971.82
1758860480911,0.0,0.0,3971.82
1758860481010,0.0,0.0,3971.82
1758860481110,0.0,0.0,3971.82
1758860481211,0.0,0.0,3971.82
1758860481311,0.0,0.0,3971.82
1758860481411,0.0,0.0,3971.82
1758860481510,0.0,0.0,3971.82
1758860481610,0.0,0.0,3971.82
1758860481711,0.0,0.0,3971.82
1758860481810,0.0,0.0,3971.82
1758860481912,0.0,0.0,3971.82
1758860482011,0.0,0.0,3971.82
1758860482110,0.0,0.0,3971.82
1758860482210,0.0,0.0,3971.82
1758860482310,0.0,0.0,3971.82
1758860482410,0.0,0.0,3971.82
1758860482510,0.0,0.0,3971.82
1758860482611,0.0,0.0,3971.82
1758860482711,0.0,0.0,3971.82
1758860482811,0.0,0.0,3971.82
1758860482911,0.0,0.0,3971.82
1758860483011,0.0,0.0,3971.82
1758860483111,0.0,0.0,3971.82
1758860483211,0.0,0.0,3971.82
1758860483311,0.0,0.0,3971.82
1758860483425,0.0,0.0,3971.82
1758860483514,0.0,0.0,3971.82
1758860483611,0.0,0.0,3971.82
1758860483711,0.0,0.0,3971.82
1758860483811,0.0,0.0,3971.82
1758860483911,0.0,0.0,3971.82
1758860484010,0.0,0.0,3971.82
1758860484110,0.0,0.0,3971.82
1758860484210,0.0,0.0,3971.82
1758860484310,0.0,0.0,3971.82
1758860484411,0.0,0.0,3971.82
1758860484510,0.0,0.0,3971.82
1758860484610,0.0,0.0,3971.82
1758860484710,0.0,0.0,3971.82
1758860484810,0.0,0.0,3971.82
1758860484911,0.0,0.0,3971.82
1758860485010,0.0,0.0,3971.82
1758860485111,0.0,0.0,3971.82
1758860485211,0.0,0.0,3971.82
1758860485310,0.0,0.0,3971.82
1758860485410,0.0,0.0,3971.82
1758860485510,0.0,0.0,3971.82
1758860485611,0.0,0.0,3971.82
1758860485710,0.0,0.0,3971.82
1758860485810,0.0,0.0,3971.82
1758860485910,0.0,0.0,3971.82
1758860486010,0.0,0.0,3971.82
1758860486110,0.0,0.0,3971.82
1758860486209,0.0,0.0,3971.82
1758860486311,0.0,0.0,3971.82
1758860486411,0.0,0.0,3971.82
1758860486511,0.0,0.0,3971.82
1758860486611,0.0,0.0,3971.82
1758860486711,0.0,0.0,3971.82
1758860486811,0.0,0.0,3971.82
1758860486911,0.0,0.0,3971.82
1758860487011,0.0,0.0,3971.82
1758860487111,0.0,0.0,3971.82
1758860487211,0.0,0.0,3971.82
1758860487311,0.0,0.0,3971.82
1758860487411,0.0,0.0,3971.82
1758860487511,0.0,0.0,3971.82
1758860487611,0.0,0.0,3971.82
1758860487711,0.0,0.0,3971.82
1758860487810,0.0,0.0,3971.82
1758860487910,0.0,0.0,3971.82
1758860488011,0.0,0.0,3971.82
1758860488110,0.0,0.0,3971.82
1758860488211,0.0,0.0,3971.82
1758860488311,0.0,0.0,3971.82
1758860488410,0.0,0.0,3971.82
1758860488513,0.0,0.0,3971.82
1758860488611,0.0,0.0,3971.82
1758860488710,0.0,0.0,3971.82
1758860488810,0.0,0.0,3971.82
1758860488910,0.0,0.0,3971.82
1758860489011,0.0,0.0,3971.82
1758860489110,0.0,0.0,3971.82
1758860489210,0.0,0.0,3971.82
1758860489311,0.0,0.0,3971.82
1758860489410,0.0,0.0,3971.82
1758860489512,0.0,0.0,3971.82
1758860489611,0.0,0.0,3971.82
1758860489710,0.0,0.0,3971.82
1758860489810,0.0,0.0,3971.82
1758860489910,0.0,0.0,3971.82
1758860490010,0.0,0.0,3971.82
1758860490111,0.0,0.0,3971.82
1758860490211,0.0,0.0,3971.82
1758860490311,0.0,0.0,3971.82
1758860490410,0.0,0.0,3971.82
1758860490511,0.0,0.0,3971.82
1758860490611,0.0,0.0,3971.82
1758860490811,0.0,0.0,3971.81
1758860490910,0.0,0.0,3971.81
1758860491012,0.0,0.0,3971.81
1758860491110,0.0,0.0,3971.81
1758860491210,0.0,0.0,3971.81
1758860491312,0.0,0.0,3971.81
1758860491411,0.0,0.0,3971.81
1758860491511,0.0,0.0,3971.81
1758860491611,0.0,0.0,3971.81
1758860491711,0.0,0.0,3971.81
1758860491811,0.0,0.0,3971.81
1758860491911,0.0,0.0,3971.73
1758860492011,0.0,0.0,3971.73
1758860492111,0.0,0.0,3971.62
1758860492211,0.0,0.0,3971.42
1758860492310,0.0,0.0,3971.42
1758860492411,0.0,0.0,3971.42
1758860492511,0.0,0.0,3971.42
1758860492611,0.0,0.0,3971.42
1758860492711,0.0,0.0,3971.42
1758860492811,0.0,0.0,3971.42
1758860492910,0.0,0.0,3971.42
1758860493011,0.0,0.0,3971.42
1758860493111,0.0,0.0,3971.42
1758860493211,0.0,0.0,3971.42
1758860493311,0.0,0.0,3971.42
1758860493411,0.0,0.0,3971.42
1758860493544,0.0,0.0,3971.42
1758860493620,0.0,0.0,3971.42
1758860493710,0.0,0.0,3971.42
1758860493810,0.0,0.0,3971.42
1758860493911,0.0,0.0,3971.42
1758860494010,0.0,0.0,3971.42
1758860494110,0.0,0.0,3971.42
1758860494210,0.0,0.0,3971.42
1758860494311,0.0,0.0,3971.42
1758860494410,0.0,0.0,3971.42
1758860494510,0.0,0.0,3971.42
1758860494610,0.0,0.0,3971.42
1758860494710,0.0,0.0,3971.42
1758860494810,0.0,0.0,3971.42
1758860494911,0.0,0.0,3971.42
1758860495011,0.0,0.0,3971.42
1758860495111,0.0,0.0,3971.42
1758860495211,0.0,0.0,3971.42
1758860495310,0.0,0.0,3971.42
1758860495411,0.0,0.0,3971.42
1758860495510,0.0,0.0,3971.42
1758860495611,0.0,0.0,3971.42
1758860495711,0.0,0.0,3971.42
1758860495811,0.0,0.0,3971.42
1758860495911,0.0,0.0,3971.74
1758860496011,0.0,0.0,3971.74
1758860496111,0.0,0.0,3971.74
1758860496211,0.0,0.0,3971.74
1758860496311,0.0,0.0,3971.74
1758860496411,0.0,0.0,3971.74
1758860496511,0.0,0.0,3971.74
1758860496610,0.0,0.0,3971.74
1758860496711,0.0,0.0,3971.74
1758860496811,0.0,0.0,3971.74
1758860496911,0.0,0.0,3971.74
1758860497011,0.0,0.0,3971.74
1758860497111,0.0,0.0,3971.74
1758860497210,0.0,0.0,3971.74
1758860497311,0.0,0.0,3971.74
1758860497411,0.0,0.0,3971.74
1758860497511,0.0,0.0,3971.74
1758860497611,0.0,0.0,3971.74
1758860497711,0.0,0.0,3971.74
1758860497810,0.0,0.0,3971.74
1758860497910,0.0,0.0,3971.74
1758860498010,0.0,0.0,3971.74
1758860498111,0.0,0.0,3971.74
1758860498211,0.0,0.0,3971.74
1758860498310,0.0,0.0,3971.74
1758860498411,0.0,0.0,3971.82
1758860498511,0.0,0.0,3971.82
1758860498615,0.0,0.0,3971.82
1758860498716,0.0,0.0,3972.22
1758860498811,0.0,0.0,3972.5
1758860498910,0.0,0.0,3972.5
1758860499010,0.0,0.0,3972.5
1758860499110,0.0,0.0,3972.5
1758860499210,0.0,0.0,3972.5
1758860499310,0.0,0.0,3972.49
1758860499410,0.0,0.0,3972.49
1758860499510,0.0,0.0,3972.49
1758860499610,0.0,0.0,3972.49
1758860499711,0.0,0.0,3972.49
1758860499811,0.0,0.0,3972.49
1758860499911,0.0,0.0,3972.49
1758860500011,0.0,0.0,3972.49
1758860500111,0.0,0.0,3972.49
1758860500211,0.0,0.0,3972.49
1758860500311,0.0,0.0,3972.49
1758860500410,0.0,0.0,3972.49
1758860500511,0.0,0.0,3972.49
1758860500611,0.0,0.0,3972.49
1758860500711,0.0,0.0,3972.49
1758860500811,0.0,0.0,3972.49
1758860500911,0.0,0.0,3972.5
1758860501011,0.0,0.0,3972.5
1758860501111,0.0,0.0,3972.5
1758860501211,0.0,0.0,3972.5
1758860501411,0.0,0.0,3972.5
1758860501511,0.0,0.0,3972.5
1758860501611,0.0,0.0,3972.5
1758860501710,0.0,0.0,3972.5
1758860501811,0.0,0.0,3972.5
1758860501910,0.0,0.0,3972.5
1758860502011,0.0,0.0,3972.5
1758860502111,0.0,0.0,3972.5
1758860502210,0.0,0.0,3972.5
1758860502310,0.0,0.0,3972.5
1758860502410,0.0,0.0,3972.5
1758860502510,0.0,0.0,3972.5
1758860502610,0.0,0.0,3972.5
1758860502711,0.0,0.0,3972.5
1758860502811,0.0,0.0,3972.5
1758860502911,0.0,0.0,3972.5
1758860503011,0.0,0.0,3972.5
1758860503111,0.0,0.0,3972.5
1758860503211,0.0,0.0,3972.5
1758860503311,0.0,0.0,3972.5
1758860503411,0.0,0.0,3972.5
1758860503511,0.0,0.0,3972.5
1758860503611,0.0,0.0,3972.5
1758860503729,0.0,0.0,3972.5
1758860503815,0.0,0.0,3972.5
1758860503911,0.0,0.0,3972.49
1758860504011,0.0,0.0,3972.49
1758860504111,0.0,0.0,3972.49
1758860504211,0.0,0.0,3972.49
1758860504311,0.0,0.0,3972.49
1758860504411,0.0,0.0,3972.49
1758860504511,0.0,0.0,3972.49
1758860504611,0.0,0.0,3972.49
1758860504710,0.0,0.0,3972.49
1758860504810,0.0,0.0,3972.49
1758860504910,0.0,0.0,3972.49
1758860505011,0.0,0.0,3972.49
1758860505111,0.0,0.0,3972.49
1758860505211,0.0,0.0,3972.49
1758860505311,0.0,0.0,3972.49
1758860505411,0.0,0.0,3972.49
1758860505510,0.0,0.0,3972.49
1758860505611,0.0,0.0,3972.49
1758860505711,0.0,0.0,3972.49
1758860505811,0.0,0.0,3972.49
1758860505911,0.0,0.0,3972.49
1758860506010,0.0,0.0,3972.49
1758860506110,0.0,0.0,3972.49
1758860506210,0.0,0.0,3972.49
1758860506310,0.0,0.0,3972.49
1758860506410,0.0,0.0,3972.49
1758860506510,0.0,0.0,3972.49
1758860506610,0.0,0.0,3972.49
1758860506710,0.0,0.0,3972.49
1758860506811,0.0,0.0,3972.5
1758860506911,0.0,0.0,3972.5
1758860507011,0.0,0.0,3972.5
1758860507111,0.0,0.0,3972.5
1758860507211,0.0,0.0,3972.5
1758860507311,0.0,0.0,3972.5
1758860507411,0.0,0.0,3972.4
1758860507511,0.0,0.0,3972.4
1758860507611,0.0,0.0,3972.09
1758860507711,0.0,0.0,3972.09
1758860507811,0.0,0.0,3972.05
1758860507910,0.0,0.0,3972.05
1758860508011,0.0,0.0,3972.05
1758860508111,0.0,0.0,3972.05
1758860508211,0.0,0.0,3972.05
1758860508311,0.0,0.0,3971.91
1758860508411,0.0,0.0,3971.91
1758860508511,0.0,0.0,3971.91
1758860508611,0.0,0.0,3971.91
1758860508710,0.0,0.0,3971.91
1758860508812,0.0,0.0,3971.91
1758860508911,0.0,0.0,3971.91
1758860509010,0.0,0.0,3971.91
1758860509110,0.0,0.0,3971.91
1758860509210,0.0,0.0,3971.91
1758860509311,0.0,0.0,3971.92
1758860509411,0.0,0.0,3972.45
1758860509511,0.0,0.0,3972.45
1758860509610,0.0,0.0,3972.45
1758860509710,0.0,0.0,3972.45
1758860509810,0.0,0.0,3972.45
1758860509910,0.0,0.0,3972.45
1758860510010,0.0,0.0,3972.45
1758860510111,0.0,0.0,3972.45
1758860510211,0.0,0.0,3972.45
1758860510311,0.0,0.0,3972.45
1758860510411,0.0,0.0,3972.45
1758860510511,0.0,0.0,3972.45
1758860510611,0.0,0.0,3972.45
1758860510711,0.0,0.0,3972.45
1758860510811,0.0,0.0,3972.45
1758860510911,0.0,0.0,3972.45
1758860511011,0.0,0.0,3972.45
1758860511111,0.0,0.0,3972.45
1758860511211,0.0,0.0,3972.45
1758860511311,0.0,0.0,3972.45
1758860511411,0.0,0.0,3972.45
1758860511511,0.0,0.0,3972.45
1758860511611,0.0,0.0,3972.45
1758860511711,0.0,0.0,3972.45
1758860511811,0.0,0.0,3972.45
1758860511911,0.0,0.0,3972.45
1758860512010,0.0,0.0,3972.45
1758860512111,0.0,0.0,3972.45
1758860512211,0.0,0.0,3972.45
1758860512311,0.0,0.0,3972.45
1758860512411,0.0,0.0,3972.45
1758860512511,0.0,0.0,3972.45
1758860512611,0.0,0.0,3972.45
1758860512710,0.0,0.0,3972.45
1758860512811,0.0,0.0,3972.45
1758860512911,0.0,0.0,3972.45
1758860513010,0.0,0.0,3972.45
1758860513111,0.0,0.0,3972.45
1758860513211,0.0,0.0,3972.45
1758860513310,0.0,0.0,3972.45
1758860513410,0.0,0.0,3972.45
1758860513510,0.0,0.0,3972.45
1758860513610,0.0,0.0,3972.45
1758860513710,0.0,0.0,3972.45
1758860513820,0.0,0.0,3972.45
1758860513919,0.0,0.0,3972.45
1758860514010,0.0,0.0,3972.45
1758860514111,0.0,0.0,3972.45
1758860514211,0.0,0.0,3972.5
1758860514311,0.0,0.0,3972.5
1758860514411,0.0,0.0,3972.5
1758860514511,0.0,0.0,3972.5
1758860514611,0.0,0.0,3972.5
1758860514711,0.0,0.0,3972.5
1758860514811,0.0,0.0,3972.5
1758860514911,0.0,0.0,3972.5
1758860515011,0.0,0.0,3972.5
1758860515111,0.0,0.0,3972.5
1758860515211,0.0,0.0,3972.5
1758860515311,0.0,0.0,3972.5
1758860515412,0.0,0.0,3972.24
1758860515511,0.0,0.0,3972.24
1758860515611,0.0,0.0,3971.86
1758860515711,0.0,0.0,3971.86
1758860515810,0.0,0.0,3971.86
1758860515911,0.0,0.0,3971.86
1758860516011,0.0,0.0,3971.86
1758860516110,0.0,0.0,3971.86
1758860516210,0.0,0.0,3971.86
1758860516311,0.0,0.0,3971.86
1758860516411,0.0,0.0,3971.86
1758860516511,0.0,0.0,3971.86
1758860516611,0.0,0.0,3971.86
1758860516711,0.0,0.0,3971.86
1758860516810,0.0,0.0,3971.86
1758860516911,0.0,0.0,3971.86
1758860517011,0.0,0.0,3971.86
1758860517110,0.0,0.0,3971.86
1758860517211,0.0,0.0,3971.86
1758860517311,0.0,0.0,3971.86
1758860517411,0.0,0.0,3971.86
1758860517511,0.0,0.0,3971.86
1758860517611,0.0,0.0,3971.74
1758860517711,0.0,0.0,3971.47
1758860517811,0.0,0.0,3971.33
1758860517911,0.0,0.0,3971.33
1758860518011,0.0,0.0,3971.33
1758860518111,0.0,0.0,3971.33
1758860518211,0.0,0.0,3971.33
1758860518311,0.0,0.0,3971.33
1758860518411,0.0,0.0,3971.33
1758860518510,0.0,0.0,3971.33
1758860518611,0.0,0.0,3971.33
1758860518711,0.0,0.0,3971.33
1758860518811,0.0,0.0,3971.33
1758860518924,0.0,0.0,3971.33
1758860519020,0.0,0.0,3971.34
1758860519111,0.0,0.0,3971.34
1758860519211,0.0,0.0,3971.34
1758860519311,0.0,0.0,3971.34
1758860519411,0.0,0.0,3971.34
1758860519511,0.0,0.0,3971.34
1758860519611,0.0,0.0,3971.34
1758860519711,0.0,0.0,3971.34
1758860519811,0.0,0.0,3971.34
1758860519911,0.0,0.0,3971.33
1758860520011,0.0,0.0,3971.33
1758860520111,0.0,0.0,3971.33
1758860520211,0.0,0.0,3971.33
1758860520311,0.0,0.0,3971.33
1758860520411,0.0,0.0,3971.33
1758860520511,0.0,0.0,3971.33
1758860520611,0.0,0.0,3971.33
1758860520711,0.0,0.0,3971.33
1758860520811,0.0,0.0,3971.33
1758860520911,0.0,0.0,3971.33
1758860521011,0.0,0.0,3971.33
1758860521111,0.0,0.0,3971.34
1758860521211,0.0,0.0,3971.34
1758860521311,0.0,0.0,3971.34
1758860521411,0.0,0.0,3971.34
1758860521511,0.0,0.0,3971.53
1758860521611,0.0,0.0,3971.69
1758860521711,0.0,0.0,3971.69
1758860521810,0.0,0.0,3971.68
1758860521910,0.0,0.0,3971.68
1758860522010,0.0,0.0,3971.69
1758860522111,0.0,0.0,3971.69
1758860522210,0.0,0.0,3971.69
1758860522310,0.0,0.0,3971.69
1758860522410,0.0,0.0,3971.69
1758860522510,0.0,0.0,3971.69
1758860522610,0.0,0.0,3971.69
1758860522710,0.0,0.0,3971.69
1758860522810,0.0,0.0,3971.69
1758860522910,0.0,0.0,3971.69
1758860523011,0.0,0.0,3971.69
1758860523111,0.0,0.0,3971.69
1758860523211,0.0,0.0,3971.69
1758860523311,0.0,0.0,3971.69
1758860523411,0.0,0.0,3971.69
1758860523511,0.0,0.0,3971.69
1758860523612,0.0,0.0,3971.69
1758860523711,0.0,0.0,3971.69
1758860523811,0.0,0.0,3971.69
1758860523911,0.0,0.0,3971.69
1758860524041,0.0,0.0,3971.73
1758860524122,0.0,0.0,3971.76
1758860524211,0.0,0.0,3971.76
1758860524311,0.0,0.0,3971.76
1758860524411,0.0,0.0,3971.76
1758860524511,0.0,0.0,3971.76
1758860524611,0.0,0.0,3971.76
1758860524711,0.0,0.0,3971.76
1758860524811,0.0,0.0,3971.76
1758860524911,0.0,0.0,3971.76
1758860525011,0.0,0.0,3971.76
1758860525110,0.0,0.0,3971.82
1758860525210,0.0,0.0,3971.82
1758860525311,0.0,0.0,3971.82
1758860525411,0.0,0.0,3971.82
1758860525510,0.0,0.0,3972.21
1758860525611,0.0,0.0,3972.21
1758860525711,0.0,0.0,3972.21
1758860525811,0.0,0.0,3972.21
1758860525911,0.0,0.0,3972.21
1758860526011,0.0,0.0,3972.21
1758860526110,0.0,0.0,3972.21
1758860526210,0.0,0.0,3972.21
1758860526311,0.0,0.0,3972.21
1758860526410,0.0,0.0,3972.21
1758860526510,0.0,0.0,3972.2
1758860526610,0.0,0.0,3972.2
1758860526710,0.0,0.0,3972.2
1758860526810,0.0,0.0,3972.2
1758860526910,0.0,0.0,3972.2
1758860527011,0.0,0.0,3972.2
1758860527211,0.0,0.0,3972.2
1758860527312,0.0,0.0,3972.2
1758860527411,0.0,0.0,3972.2
1758860527510,0.0,0.0,3972.2
1758860527610,0.0,0.0,3972.2
1758860527711,0.0,0.0,3972.2
1758860527811,0.0,0.0,3972.2
1758860527911,0.0,0.0,3972.2
1758860528010,0.0,0.0,3972.2
1758860528110,0.0,0.0,3972.2
1758860528210,0.0,0.0,3972.2
1758860528310,0.0,0.0,3972.2
1758860528410,0.0,0.0,3972.2
1758860528511,0.0,0.0,3972.2
1758860528611,0.0,0.0,3972.2
1758860528711,0.0,0.0,3972.2
1758860528811,0.0,0.0,3972.21
1758860528911,0.0,0.0,3972.21
1758860529011,0.0,0.0,3972.29
1758860529124,0.0,0.0,3972.29
1758860529211,0.0,0.0,3972.29
1758860529311,0.0,0.0,3972.29
1758860529411,0.0,0.0,3972.29
1758860529511,0.0,0.0,3972.29
1758860529611,0.0,0.0,3972.29
1758860529711,0.0,0.0,3972.29
1758860529811,0.0,0.0,3972.29
1758860529911,0.0,0.0,3972.29
1758860530011,0.0,0.0,3972.29
1758860530111,0.0,0.0,3972.29
1758860530211,0.0,0.0,3972.29
1758860530311,0.0,0.0,3972.29
1758860530410,0.0,0.0,3972.29
1758860530511,0.0,0.0,3972.29
1758860530611,0.0,0.0,3972.29
1758860530710,0.0,0.0,3972.29
1758860530810,0.0,0.0,3972.29
1758860530910,0.0,0.0,3972.29
1758860531012,0.0,0.0,3972.29
1758860531112,0.0,0.0,3972.29
1758860531211,0.0,0.0,3972.29
1758860531311,0.0,0.0,3972.29
1758860531412,0.0,0.0,3972.29
1758860531511,0.0,0.0,3972.29
1758860531611,0.0,0.0,3972.29
1758860531711,0.0,0.0,3972.29
1758860531811,0.0,0.0,3972.29
1758860531911,0.0,0.0,3972.29
1758860532011,0.0,0.0,3972.29
1758860532111,0.0,0.0,3972.29
1758860532211,0.0,0.0,3972.29
1758860532311,0.0,0.0,3972.29
1758860532411,0.0,0.0,3972.29
1758860532511,0.0,0.0,3972.29
1758860532611,0.0,0.0,3972.29
1758860532711,0.0,0.0,3972.29
1758860532811,0.0,0.0,3972.29
1758860532911,0.0,0.0,3972.29
1758860533011,0.0,0.0,3972.29
1758860533111,0.0,0.0,3972.29
1758860533210,0.0,0.0,3972.29
1758860533311,0.0,0.0,3972.29
1758860533411,0.0,0.0,3972.29
1758860533511,0.0,0.0,3972.29
1758860533610,0.0,0.0,3972.29
1758860533710,0.0,0.0,3972.29
1758860533811,0.0,0.0,3972.29
1758860533911,0.0,0.0,3972.29
1758860534010,0.0,0.0,3972.29
1758860534112,0.0,0.0,3972.29
1758860534213,0.0,0.0,3972.3
1758860534310,0.0,0.0,3972.29
1758860534411,0.0,0.0,3972.29
1758860534512,0.0,0.0,3972.29
1758860534611,0.0,0.0,3972.29
1758860534711,0.0,0.0,3972.29
1758860534811,0.0,0.0,3972.29
1758860534911,0.0,0.0,3972.29
1758860535012,0.0,0.0,3972.29
1758860535111,0.0,0.0,3972.29
1758860535211,0.0,0.0,3972.29
1758860535311,0.0,0.0,3972.29
1758860535411,0.0,0.0,3972.29
1758860535512,0.0,0.0,3972.29
1758860535611,0.0,0.0,3972.29
1758860535711,0.0,0.0,3972.29
1758860535811,0.0,0.0,3972.29
1758860535911,0.0,0.0,3972.29
1758860536011,0.0,0.0,3972.29
1758860536111,0.0,0.0,3972.29
1758860536211,0.0,0.0,3972.29
1758860536311,0.0,0.0,3972.29
1758860536411,0.0,0.0,3972.29
1758860536511,0.0,0.0,3972.29
1758860536611,0.0,0.0,3972.29
1758860536711,0.0,0.0,3972.29
1758860536811,0.0,0.0,3972.29
1758860536911,0.0,0.0,3972.29
1758860537011,0.0,0.0,3972.29
1758860537111,0.0,0.0,3972.29
1758860537211,0.0,0.0,3972.29
1758860537311,0.0,0.0,3972.29
1758860537411,0.0,0.0,3972.29
1758860537511,0.0,0.0,3972.29
1758860537611,0.0,0.0,3972.29
1758860537711,0.0,0.0,3972.29
1758860537810,0.0,0.0,3972.29
1758860537911,0.0,0.0,3972.29
1758860538010,0.0,0.0,3972.29
1758860538111,0.0,0.0,3972.29
1758860538210,0.0,0.0,3972.29
1758860538311,0.0,0.0,3972.29
1758860538412,0.0,0.0,3972.29
1758860538611,0.0,0.0,3972.29
1758860538711,0.0,0.0,3972.29
1758860538811,0.0,0.0,3972.29
1758860538911,0.0,0.0,3972.29
1758860539011,0.0,0.0,3972.3
1758860539111,0.0,0.0,3972.5
1758860539239,0.0,0.0,3972.5
1758860539315,0.0,0.0,3972.5
1758860539412,0.0,0.0,3972.5
1758860539511,0.0,0.0,3972.5
1758860539611,0.0,0.0,3972.5
1758860539711,0.0,0.0,3972.5
1758860539811,0.0,0.0,3972.5
1758860539911,0.0,0.0,3972.5
1758860540010,0.0,0.0,3972.5
1758860540111,0.0,0.0,3972.5
1758860540210,0.0,0.0,3972.5
1758860540311,0.0,0.0,3972.5
1758860540411,0.0,0.0,3972.5
1758860540511,0.0,0.0,3972.5
1758860540611,0.0,0.0,3972.5
1758860540711,0.0,0.0,3972.5
1758860540812,0.0,0.0,3972.5
1758860540911,0.0,0.0,3972.5
1758860541012,0.0,0.0,3972.5
1758860541111,0.0,0.0,3972.5
1758860541211,0.0,0.0,3972.5
1758860541311,0.0,0.0,3972.5
1758860541411,0.0,0.0,3972.5
1758860541511,0.0,0.0,3972.5
1758860541611,0.0,0.0,3972.5
1758860541711,0.0,0.0,3972.5
1758860541811,0.0,0.0,3972.5
1758860541911,0.0,0.0,3972.5
1758860542011,0.0,0.0,3972.5
1758860542111,0.0,0.0,3972.5
1758860542211,0.0,0.0,3972.5
1758860542311,0.0,0.0,3972.5
1758860542411,0.0,0.0,3972.5
1758860542511,0.0,0.0,3972.5
1758860542611,0.0,0.0,3972.5
1758860542711,0.0,0.0,3972.5
1758860542811,0.0,0.0,3972.53
1758860542912,0.0,0.0,3972.69
1758860543011,0.0,0.0,3972.89
1758860543111,0.0,0.0,3973.0
1758860543211,0.0,0.0,3973.25
1758860543311,0.0,0.0,3973.29
1758860543411,0.0,0.0,3973.29
1758860543511,0.0,0.0,3973.29
1758860543611,0.0,0.0,3973.29
1758860543711,0.0,0.0,3973.29
1758860543811,0.0,0.0,3973.29
1758860543911,0.0,0.0,3973.29
1758860544010,0.0,0.0,3973.29
1758860544111,0.0,0.0,3973.29
1758860544215,0.0,0.0,3973.34
1758860544321,0.0,0.0,3973.34
1758860544412,0.0,0.0,3973.34
1758860544511,0.0,0.0,3973.63
1758860544611,0.0,0.0,3973.63
1758860544712,0.0,0.0,3973.63
1758860544811,0.0,0.0,3973.63
1758860544911,0.0,0.0,3973.63
1758860545011,0.0,0.0,3973.63
1758860545111,0.0,0.0,3973.63
1758860545211,0.0,0.0,3973.63
1758860545311,0.0,0.0,3973.63
1758860545411,0.0,0.0,3973.63
1758860545511,0.0,0.0,3973.63
1758860545611,0.0,0.0,3973.63
1758860545711,0.0,0.0,3973.63
1758860545811,0.0,0.0,3973.63
1758860545911,0.0,0.0,3973.63
1758860546011,0.0,0.0,3973.63
1758860546111,0.0,0.0,3973.63
1758860546211,0.0,0.0,3973.63
1758860546311,0.0,0.0,3973.63
1758860546411,0.0,0.0,3973.63
1758860546511,0.0,0.0,3973.63
1758860546611,0.0,0.0,3973.63
1758860546711,0.0,0.0,3973.63
1758860546811,0.0,0.0,3973.63
1758860546911,0.0,0.0,3973.63
1758860547011,0.0,0.0,3973.63
1758860547111,0.0,0.0,3973.63
1758860547211,0.0,0.0,3973.63
1758860547311,0.0,0.0,3973.92
1758860547411,0.0,0.0,3973.92
1758860547511,0.0,0.0,3973.92
1758860547611,0.0,0.0,3973.92
1758860547711,0.0,0.0,3973.92
1758860547810,0.0,0.0,3973.92
1758860547911,0.0,0.0,3973.92
1758860548010,0.0,0.0,3973.92
1758860548111,0.0,0.0,3973.92
1758860548211,0.0,0.0,3973.92
1758860548311,0.0,0.0,3973.92
1758860548411,0.0,0.0,3973.92
1758860548511,0.0,0.0,3973.92
1758860548611,0.0,0.0,3973.92
1758860548711,0.0,0.0,3973.92
1758860548811,0.0,0.0,3973.92
1758860548911,0.0,0.0,3973.92
1758860549011,0.0,0.0,3973.92
1758860549111,0.0,0.0,3973.92
1758860549211,0.0,0.0,3973.92
1758860549312,0.0,0.0,3973.92
1758860549425,0.0,0.0,3973.92
1758860549510,0.0,0.0,3973.91
1758860549611,0.0,0.0,3973.91
1758860549711,0.0,0.0,3973.91
1758860549810,0.0,0.0,3973.91
1758860549911,0.0,0.0,3973.91
1758860550011,0.0,0.0,3973.91
1758860550111,0.0,0.0,3973.91
1758860550211,0.0,0.0,3973.91
1758860550311,0.0,0.0,3973.92
1758860550411,0.0,0.0,3973.92
1758860550510,0.0,0.0,3973.92
1758860550611,0.0,0.0,3973.92
1758860550711,0.0,0.0,3973.92
1758860550811,0.0,0.0,3973.92
1758860550911,0.0,0.0,3973.92
1758860551011,0.0,0.0,3973.92
1758860551111,0.0,0.0,3973.92
1758860551210,0.0,0.0,3973.92
1758860551311,0.0,0.0,3973.92
1758860551410,0.0,0.0,3973.92
1758860551510,0.0,0.0,3973.92
1758860551610,0.0,0.0,3973.92
1758860551710,0.0,0.0,3973.92
1758860551810,0.0,0.0,3973.92
1758860551912,0.0,0.0,3973.92
1758860552012,0.0,0.0,3973.92
1758860552111,0.0,0.0,3973.92
1758860552211,0.0,0.0,3973.92
1758860552311,0.0,0.0,3973.92
1758860552412,0.0,0.0,3973.92
1758860552511,0.0,0.0,3973.92
1758860552611,0.0,0.0,3973.92
1758860552711,0.0,0.0,3973.92
1758860552811,0.0,0.0,3973.92
1758860552911,0.0,0.0,3973.92
1758860553011,0.0,0.0,3973.92
1758860553110,0.0,0.0,3973.92
1758860553211,0.0,0.0,3973.92
1758860553311,0.0,0.0,3973.92
1758860553411,0.0,0.0,3973.92
1758860553511,0.0,0.0,3974.31
1758860553611,0.0,0.0,3974.31
1758860553712,0.0,0.0,3974.31
1758860553811,0.0,0.0,3974.31
1758860553911,0.0,0.0,3974.31
1758860554011,0.0,0.0,3974.31
1758860554111,0.0,0.0,3974.31
1758860554211,0.0,0.0,3974.31
1758860554310,0.0,0.0,3974.31
1758860554440,0.0,0.0,3974.31
1758860554512,0.0,0.0,3974.31
1758860554610,0.0,0.0,3974.31
1758860554711,0.0,0.0,3974.31
1758860554811,0.0,0.0,3974.31
1758860554911,0.0,0.0,3974.31
1758860555011,0.0,0.0,3974.31
1758860555111,0.0,0.0,3974.31
1758860555211,0.0,0.0,3974.31
1758860555311,0.0,0.0,3974.31
1758860555411,0.0,0.0,3974.31
1758860555511,0.0,0.0,3974.31
1758860555610,0.0,0.0,3974.31
1758860555712,0.0,0.0,3974.31
1758860555812,0.0,0.0,3974.31
1758860555911,0.0,0.0,3974.31
1758860556011,0.0,0.0,3974.31
1758860556111,0.0,0.0,3974.31
1758860556211,0.0,0.0,3974.31
1758860556311,0.0,0.0,3974.31
1758860556412,0.0,0.0,3974.31
1758860556511,0.0,0.0,3974.31
1758860556612,0.0,0.0,3974.31
1758860556711,0.0,0.0,3974.31
1758860556811,0.0,0.0,3974.31
1758860556911,0.0,0.0,3974.31
1758860557012,0.0,0.0,3974.31
1758860557111,0.0,0.0,3974.31
1758860557211,0.0,0.0,3974.31
1758860557312,0.0,0.0,3974.31
1758860557411,0.0,0.0,3974.31
1758860557511,0.0,0.0,3974.31
1758860557611,0.0,0.0,3974.31
1758860557711,0.0,0.0,3974.31
1758860557811,0.0,0.0,3974.31
1758860557911,0.0,0.0,3974.31
1758860558011,0.0,0.0,3974.31
1758860558111,0.0,0.0,3974.31
1758860558211,0.0,0.0,3974.31
1758860558311,0.0,0.0,3974.31
1758860558410,0.0,0.0,3974.31
1758860558512,0.0,0.0,3974.31
1758860558611,0.0,0.0,3974.31
1758860558710,0.0,0.0,3974.31
1758860558811,0.0,0.0,3974.31
1758860558911,0.0,0.0,3974.31
1758860559011,0.0,0.0,3974.31
1758860559111,0.0,0.0,3974.31
1758860559211,0.0,0.0,3974.31
1758860559311,0.0,0.0,3974.31
1758860559412,0.0,0.0,3974.31
1758860559516,0.0,0.0,3974.31
1758860559611,0.0,0.0,3974.31
1758860559711,0.0,0.0,3974.31
1758860559812,0.0,0.0,3974.31
1758860559911,0.0,0.0,3974.31
1758860560011,0.0,0.0,3974.31
1758860560111,0.0,0.0,3974.31
1758860560211,0.0,0.0,3974.31
1758860560311,0.0,0.0,3974.31
1758860560411,0.0,0.0,3974.31
1758860560512,0.0,0.0,3974.31
1758860560611,0.0,0.0,3974.31
1758860560711,0.0,0.0,3974.31
1758860560811,0.0,0.0,3974.31
1758860560911,0.0,0.0,3974.31
1758860561011,0.0,0.0,3974.31
1758860561111,0.0,0.0,3974.31
1758860561211,0.0,0.0,3974.31
1758860561310,0.0,0.0,3974.31
1758860561411,0.0,0.0,3974.31
1758860561511,0.0,0.0,3974.31
1758860561610,0.0,0.0,3974.31
1758860561710,0.0,0.0,3974.31
1758860561810,0.0,0.0,3974.31
1758860561911,0.0,0.0,3974.32
1758860562011,0.0,0.0,3974.32
1758860562110,0.0,0.0,3974.32
1758860562210,0.0,0.0,3974.32
1758860562310,0.0,0.0,3974.32
1758860562411,0.0,0.0,3974.32
1758860562511,0.0,0.0,3974.32
1758860562612,0.0,0.0,3974.32
1758860562712,0.0,0.0,3974.32
1758860562811,0.0,0.0,3974.32
1758860562911,0.0,0.0,3974.32
1758860563011,0.0,0.0,3974.32
1758860563112,0.0,0.0,3974.32
1758860563212,0.0,0.0,3974.32
1758860563311,0.0,0.0,3974.32
1758860563412,0.0,0.0,3974.32
1758860563511,0.0,0.0,3974.32
1758860563611,0.0,0.0,3974.32
1758860563711,0.0,0.0,3974.32
1758860563811,0.0,0.0,3974.32
1758860563911,0.0,0.0,3974.32
1758860564011,0.0,0.0,3974.32
1758860564111,0.0,0.0,3974.32
1758860564211,0.0,0.0,3974.32
1758860564311,0.0,0.0,3974.32
1758860564411,0.0,0.0,3974.32
1758860564512,0.0,0.0,3974.32
1758860564617,0.0,0.0,3974.32
1758860564711,0.0,0.0,3974.32
1758860564811,0.0,0.0,3974.32
1758860564911,0.0,0.0,3974.32
1758860565011,0.0,0.0,3974.32
1758860565111,0.0,0.0,3974.32
1758860565211,0.0,0.0,3974.32
1758860565311,0.0,0.0,3974.32
1758860565411,0.0,0.0,3974.32
1758860565511,0.0,0.0,3974.32
1758860565611,0.0,0.0,3974.32
1758860565711,0.0,0.0,3974.32
1758860565810,0.0,0.0,3974.32
1758860565911,0.0,0.0,3974.32
1758860566011,0.0,0.0,3974.37
1758860566111,0.0,0.0,3974.37
1758860566211,0.0,0.0,3974.37
1758860566310,0.0,0.0,3974.37
1758860566411,0.0,0.0,3974.37
1758860566510,0.0,0.0,3974.37
1758860566611,0.0,0.0,3974.37
1758860566710,0.0,0.0,3974.37
1758860566811,0.0,0.0,3974.37
1758860566911,0.0,0.0,3974.37
1758860567012,0.0,0.0,3974.37
1758860567112,0.0,0.0,3974.37
1758860567213,0.0,0.0,3974.37
1758860567311,0.0,0.0,3974.37
1758860567412,0.0,0.0,3974.37
1758860567512,0.0,0.0,3974.37
1758860567611,0.0,0.0,3974.37
1758860567711,0.0,0.0,3974.37
1758860567812,0.0,0.0,3974.37
1758860567911,0.0,0.0,3974.37
1758860568010,0.0,0.0,3974.37
1758860568111,0.0,0.0,3974.37
1758860568211,0.0,0.0,3974.37
1758860568312,0.0,0.0,3974.37
1758860568412,0.0,0.0,3974.37
1758860568512,0.0,0.0,3974.37
1758860568611,0.0,0.0,3974.37
1758860568711,0.0,0.0,3974.37
1758860568811,0.0,0.0,3974.36
1758860568912,0.0,0.0,3974.36
1758860569011,0.0,0.0,3974.36
1758860569111,0.0,0.0,3974.36
1758860569211,0.0,0.0,3974.36
1758860569311,0.0,0.0,3974.36
1758860569411,0.0,0.0,3974.36
1758860569511,0.0,0.0,3974.36
1758860569643,0.0,0.0,3974.32
1758860569714,0.0,0.0,3974.32
1758860569811,0.0,0.0,3974.32
1758860569911,0.0,0.0,3974.32
1758860570011,0.0,0.0,3974.32
1758860570111,0.0,0.0,3974.32
1758860570212,0.0,0.0,3974.32
1758860570311,0.0,0.0,3974.32
1758860570410,0.0,0.0,3974.32
1758860570511,0.0,0.0,3974.32
1758860570611,0.0,0.0,3974.32
1758860570711,0.0,0.0,3974.26
1758860570811,0.0,0.0,3973.96
1758860570911,0.0,0.0,3973.91
1758860571010,0.0,0.0,3973.91
1758860571111,0.0,0.0,3973.91
1758860571212,0.0,0.0,3973.91
1758860571312,0.0,0.0,3973.91
1758860571412,0.0,0.0,3973.91
1758860571511,0.0,0.0,3973.91
1758860571611,0.0,0.0,3973.64
1758860571711,0.0,0.0,3973.64
1758860571812,0.0,0.0,3973.64
1758860571912,0.0,0.0,3973.64
1758860572011,0.0,0.0,3973.64
1758860572111,0.0,0.0,3973.64
1758860572211,0.0,0.0,3973.55
1758860572312,0.0,0.0,3973.55
1758860572412,0.0,0.0,3973.55
1758860572511,0.0,0.0,3973.55
1758860572611,0.0,0.0,3973.55
1758860572712,0.0,0.0,3973.55
1758860572811,0.0,0.0,3973.55
1758860572911,0.0,0.0,3973.55
1758860573011,0.0,0.0,3973.55
1758860573111,0.0,0.0,3973.55
1758860573211,0.0,0.0,3973.55
1758860573311,0.0,0.0,3973.55
1758860573411,0.0,0.0,3973.55
1758860573511,0.0,0.0,3973.55
1758860573611,0.0,0.0,3973.55
1758860573711,0.0,0.0,3973.55
1758860573811,0.0,0.0,3973.55
1758860573911,0.0,0.0,3973.55
1758860574011,0.0,0.0,3973.55
1758860574111,0.0,0.0,3973.55
1758860574211,0.0,0.0,3973.54
1758860574311,0.0,0.0,3973.54
1758860574411,0.0,0.0,3973.54
1758860574511,0.0,0.0,3973.54
1758860574610,0.0,0.0,3973.54
1758860574721,0.0,0.0,3973.54
1758860574811,0.0,0.0,3973.55
1758860574911,0.0,0.0,3973.55
1758860575012,0.0,0.0,3973.55
1758860575111,0.0,0.0,3973.55
1758860575212,0.0,0.0,3973.55
1758860575311,0.0,0.0,3973.55
1758860575411,0.0,0.0,3973.55
1758860575511,0.0,0.0,3973.55
1758860575611,0.0,0.0,3973.55
1758860575711,0.0,0.0,3973.55
1758860575811,0.0,0.0,3973.55
1758860575912,0.0,0.0,3973.55
1758860576011,0.0,0.0,3973.55
1758860576111,0.0,0.0,3973.55
1758860576211,0.0,0.0,3973.55
1758860576311,0.0,0.0,3973.55
1758860576411,0.0,0.0,3973.55
1758860576511,0.0,0.0,3973.55
1758860576611,0.0,0.0,3973.54
1758860576713,0.0,0.0,3973.54
1758860576811,0.0,0.0,3973.54
1758860576911,0.0,0.0,3973.54
1758860577011,0.0,0.0,3973.54
1758860577111,0.0,0.0,3973.54
1758860577212,0.0,0.0,3973.54
1758860577311,0.0,0.0,3973.54
1758860577412,0.0,0.0,3973.54
1758860577511,0.0,0.0,3973.54
1758860577612,0.0,0.0,3973.55
1758860577711,0.0,0.0,3973.55
1758860577811,0.0,0.0,3973.55
1758860577912,0.0,0.0,3973.55
1758860578011,0.0,0.0,3973.55
1758860578111,0.0,0.0,3973.55
1758860578212,0.0,0.0,3973.55
1758860578311,0.0,0.0,3973.55
1758860578411,0.0,0.0,3973.55
1758860578511,0.0,0.0,3973.55
1758860578611,0.0,0.0,3973.55
1758860578711,0.0,0.0,3973.55
1758860578811,0.0,0.0,3973.55
1758860578911,0.0,0.0,3973.55
1758860579011,0.0,0.0,3973.55
1758860579111,0.0,0.0,3973.55
1758860579211,0.0,0.0,3973.55
1758860579311,0.0,0.0,3973.55
1758860579411,0.0,0.0,3973.55
1758860579510,0.0,0.0,3973.55
1758860579611,0.0,0.0,3973.55
1758860579711,0.0,0.0,3973.55
1758860579824,0.0,0.0,3973.55
1758860579911,0.0,0.0,3973.55
1758860580011,0.0,0.0,3973.55
1758860580111,0.0,0.0,3973.55
1758860580210,0.0,0.0,3973.55
1758860580311,0.0,0.0,3973.55
1758860580411,0.0,0.0,3973.55
1758860580512,0.0,0.0,3973.56
1758860580612,0.0,0.0,3973.64
1758860580711,0.0,0.0,3973.64
1758860580812,0.0,0.0,3973.64
1758860580912,0.0,0.0,3973.64
1758860581011,0.0,0.0,3973.64
1758860581112,0.0,0.0,3973.64
1758860581211,0.0,0.0,3973.64
1758860581311,0.0,0.0,3973.64
1758860581412,0.0,0.0,3973.64
1758860581511,0.0,0.0,3973.64
1758860581611,0.0,0.0,3973.64
1758860581711,0.0,0.0,3973.64
1758860581811,0.0,0.0,3973.64
1758860581912,0.0,0.0,3973.64
1758860582011,0.0,0.0,3973.64
1758860582111,0.0,0.0,3973.64
1758860582211,0.0,0.0,3973.64
1758860582311,0.0,0.0,3973.64
1758860582411,0.0,0.0,3973.64
1758860582511,0.0,0.0,3973.64
1758860582611,0.0,0.0,3973.64
1758860582711,0.0,0.0,3973.64
1758860582811,0.0,0.0,3973.64
1758860582911,0.0,0.0,3973.64
1758860583011,0.0,0.0,3973.64
1758860583210,0.0,0.0,3973.64
1758860583410,0.0,0.0,3973.64
1758860583511,0.0,0.0,3973.64
1758860583611,0.0,0.0,3973.64
1758860583711,0.0,0.0,3973.64
1758860583812,0.0,0.0,3973.64
1758860583911,0.0,0.0,3973.64
1758860584012,0.0,0.0,3973.64
1758860584112,0.0,0.0,3973.64
1758860584211,0.0,0.0,3973.64
1758860584311,0.0,0.0,3973.64
1758860584411,0.0,0.0,3973.64
1758860584511,0.0,0.0,3973.64
1758860584611,0.0,0.0,3973.66
1758860584711,0.0,0.0,3973.66
1758860584825,0.0,0.0,3973.66
1758860584914,0.0,0.0,3973.66
1758860585014,0.0,0.0,3973.66
1758860585111,0.0,0.0,3973.67
1758860585211,0.0,0.0,3973.67
1758860585311,0.0,0.0,3973.67
1758860585411,0.0,0.0,3973.67
1758860585510,0.0,0.0,3973.67
1758860585610,0.0,0.0,3973.67
1758860585711,0.0,0.0,3973.67
1758860585810,0.0,0.0,3973.67
1758860585911,0.0,0.0,3973.67
1758860586012,0.0,0.0,3973.67
1758860586111,0.0,0.0,3973.66
1758860586212,0.0,0.0,3973.36
1758860586312,0.0,0.0,3973.36
1758860586412,0.0,0.0,3973.36
1758860586512,0.0,0.0,3973.36
1758860586612,0.0,0.0,3973.36
1758860586712,0.0,0.0,3973.36
1758860586812,0.0,0.0,3973.26
1758860586912,0.0,0.0,3973.26
1758860587012,0.0,0.0,3972.93
1758860587112,0.0,0.0,3972.87
1758860587211,0.0,0.0,3972.87
1758860587311,0.0,0.0,3972.87
1758860587411,0.0,0.0,3972.87
1758860587512,0.0,0.0,3972.87
1758860587611,0.0,0.0,3972.87
1758860587711,0.0,0.0,3972.87
1758860587811,0.0,0.0,3972.87
1758860587911,0.0,0.0,3972.87
1758860588011,0.0,0.0,3972.87
1758860588111,0.0,0.0,3972.87
1758860588211,0.0,0.0,3972.87
1758860588311,0.0,0.0,3972.87
1758860588410,0.0,0.0,3972.87
1758860588511,0.0,0.0,3972.85
1758860588611,0.0,0.0,3972.85
1758860588711,0.0,0.0,3972.85
1758860588811,0.0,0.0,3972.85
1758860588911,0.0,0.0,3972.67
1758860589011,0.0,0.0,3972.67
1758860589111,0.0,0.0,3972.67
1758860589211,0.0,0.0,3972.67
1758860589311,0.0,0.0,3972.67
1758860589411,0.0,0.0,3972.67
1758860589512,0.0,0.0,3972.67
1758860589612,0.0,0.0,3972.45
1758860589712,0.0,0.0,3972.45
1758860589812,0.0,0.0,3972.45
1758860589945,0.0,0.0,3972.45
1758860590021,0.0,0.0,3972.45
1758860590111,0.0,0.0,3972.45
1758860590211,0.0,0.0,3972.45
1758860590312,0.0,0.0,3972.45
1758860590412,0.0,0.0,3972.45
1758860590511,0.0,0.0,3972.19
1758860590611,0.0,0.0,3972.19
1758860590712,0.0,0.0,3972.19
1758860590814,0.0,0.0,3972.19
1758860590940,0.0,0.0,3971.84
1758860591012,0.0,0.0,3971.61
1758860591112,0.0,0.0,3971.61
1758860591211,0.0,0.0,3971.62
1758860591311,0.0,0.0,3971.62
1758860591412,0.0,0.0,3971.62
1758860591512,0.0,0.0,3971.62
1758860591611,0.0,0.0,3971.62
1758860591711,0.0,0.0,3971.62
1758860591811,0.0,0.0,3971.62
1758860591911,0.0,0.0,3971.62
1758860592011,0.0,0.0,3971.62
1758860592111,0.0,0.0,3971.62
1758860592211,0.0,0.0,3971.62
1758860592311,0.0,0.0,3971.62
1758860592411,0.0,0.0,3971.62
1758860592511,0.0,0.0,3971.62
1758860592611,0.0,0.0,3971.62
1758860592711,0.0,0.0,3971.62
1758860592811,0.0,0.0,3971.62
1758860592911,0.0,0.0,3971.62
1758860593011,0.0,0.0,3971.62
1758860593111,0.0,0.0,3971.62
1758860593211,0.0,0.0,3971.62
1758860593311,0.0,0.0,3971.62
1758860593411,0.0,0.0,3971.62
1758860593511,0.0,0.0,3971.61
1758860593611,0.0,0.0,3971.61
1758860593711,0.0,0.0,3971.61
1758860593812,0.0,0.0,3971.61
1758860593912,0.0,0.0,3971.62
1758860594012,0.0,0.0,3971.62
1758860594111,0.0,0.0,3971.62
1758860594211,0.0,0.0,3971.62
1758860594311,0.0,0.0,3971.62
1758860594411,0.0,0.0,3971.62
1758860594511,0.0,0.0,3971.62
1758860594611,0.0,0.0,3971.62
1758860594711,0.0,0.0,3971.62
1758860594811,0.0,0.0,3971.62
1758860594911,0.0,0.0,3971.62
1758860595021,0.0,0.0,3971.62
1758860595114,0.0,0.0,3971.62
1758860595311,0.0,0.0,3971.62
1758860595411,0.0,0.0,3971.62
1758860595511,0.0,0.0,3971.62
1758860595612,0.0,0.0,3971.62
1758860595712,0.0,0.0,3971.62
1758860595812,0.0,0.0,3971.62
1758860595912,0.0,0.0,3971.62
1758860596011,0.0,0.0,3971.62
1758860596112,0.0,0.0,3971.62
1758860596211,0.0,0.0,3971.62
1758860596311,0.0,0.0,3971.62
1758860596411,0.0,0.0,3971.62
1758860596511,0.0,0.0,3971.62
1758860596611,0.0,0.0,3971.62
1758860596712,0.0,0.0,3971.62
1758860596811,0.0,0.0,3971.62
1758860596911,0.0,0.0,3971.62
1758860597011,0.0,0.0,3971.62
1758860597112,0.0,0.0,3971.62
1758860597211,0.0,0.0,3971.62
1758860597311,0.0,0.0,3971.62
1758860597411,0.0,0.0,3971.62
1758860597511,0.0,0.0,3971.62
1758860597611,0.0,0.0,3971.62
1758860597711,0.0,0.0,3971.62
1758860597811,0.0,0.0,3971.62
1758860597911,0.0,0.0,3971.62
1758860598011,0.0,0.0,3971.62
1758860598111,0.0,0.0,3971.62
1758860598211,0.0,0.0,3971.62
1758860598310,0.0,0.0,3971.62
1758860598411,0.0,0.0,3971.62
1758860598511,0.0,0.0,3971.62
1758860598611,0.0,0.0,3971.62
1758860598711,0.0,0.0,3971.62
1758860598810,0.0,0.0,3971.62
1758860598911,0.0,0.0,3971.62
1758860599012,0.0,0.0,3971.62
1758860599112,0.0,0.0,3971.62
1758860599212,0.0,0.0,3971.62
1758860599312,0.0,0.0,3971.62
1758860599412,0.0,0.0,3971.62
1758860599512,0.0,0.0,3971.62
1758860599612,0.0,0.0,3971.62
1758860599712,0.0,0.0,3971.62
1758860599812,0.0,0.0,3971.62
1758860599912,0.0,0.0,3971.62
1758860600015,0.0,0.0,3971.62
1758860600115,0.0,0.0,3971.81
1758860600212,0.0,0.0,3971.81
1758860600312,0.0,0.0,3971.81
1758860600412,0.0,0.0,3971.81
1758860600511,0.0,0.0,3971.81
1758860600611,0.0,0.0,3971.81
1758860600711,0.0,0.0,3971.81
1758860600812,0.0,0.0,3971.81
1758860600911,0.0,0.0,3971.81
1758860601011,0.0,0.0,3971.81
1758860601111,0.0,0.0,3971.81
1758860601211,0.0,0.0,3971.81
1758860601311,0.0,0.0,3971.81
1758860601411,0.0,0.0,3971.81
1758860601511,0.0,0.0,3971.81
1758860601611,0.0,0.0,3971.81
1758860601711,0.0,0.0,3971.81
1758860601811,0.0,0.0,3971.81
1758860601911,0.0,0.0,3971.81
1758860602011,0.0,0.0,3971.81
1758860602111,0.0,0.0,3971.81
1758860602211,0.0,0.0,3971.82
1758860602311,0.0,0.0,3971.82
1758860602410,0.0,0.0,3971.82
1758860602511,0.0,0.0,3971.82
1758860602611,0.0,0.0,3971.82
1758860602711,0.0,0.0,3971.82
1758860602811,0.0,0.0,3971.82
1758860602911,0.0,0.0,3971.82
1758860603011,0.0,0.0,3971.82
1758860603111,0.0,0.0,3971.82
1758860603212,0.0,0.0,3971.82
1758860603312,0.0,0.0,3971.82
1758860603412,0.0,0.0,3971.82
1758860603512,0.0,0.0,3971.82
1758860603612,0.0,0.0,3971.82
1758860603712,0.0,0.0,3971.82
1758860603812,0.0,0.0,3971.82
1758860603911,0.0,0.0,3971.82
1758860604011,0.0,0.0,3971.82
1758860604111,0.0,0.0,3971.82
1758860604211,0.0,0.0,3971.82
1758860604311,0.0,0.0,3971.82
1758860604411,0.0,0.0,3971.82
1758860604511,0.0,0.0,3971.82
1758860604611,0.0,0.0,3971.82
1758860604712,0.0,0.0,3971.82
1758860604811,0.0,0.0,3971.82
1758860604911,0.0,0.0,3971.82
1758860605011,0.0,0.0,3971.82
1758860605124,0.0,0.0,3971.82
1758860605213,0.0,0.0,3971.82
1758860605311,0.0,0.0,3971.82
1758860605412,0.0,0.0,3971.82
1758860605511,0.0,0.0,3971.82
1758860605611,0.0,0.0,3971.82
1758860605711,0.0,0.0,3971.82
1758860605811,0.0,0.0,3971.82
1758860605912,0.0,0.0,3971.82
1758860606012,0.0,0.0,3971.82
1758860606112,0.0,0.0,3971.82
1758860606212,0.0,0.0,3971.82
1758860606312,0.0,0.0,3971.82
1758860606412,0.0,0.0,3971.82
1758860606612,0.0,0.0,3971.82
1758860606735,0.0,0.0,3972.02
1758860606812,0.0,0.0,3972.05
1758860606912,0.0,0.0,3972.05
1758860607012,0.0,0.0,3972.05
1758860607112,0.0,0.0,3972.05
1758860607211,0.0,0.0,3972.05
1758860607311,0.0,0.0,3972.05
1758860607412,0.0,0.0,3972.05
1758860607512,0.0,0.0,3972.05
1758860607611,0.0,0.0,3972.05
1758860607711,0.0,0.0,3972.05
1758860607811,0.0,0.0,3972.05
1758860607912,0.0,0.0,3972.05
1758860608012,0.0,0.0,3972.21
1758860608111,0.0,0.0,3972.21
1758860608211,0.0,0.0,3972.21
1758860608311,0.0,0.0,3972.21
1758860608412,0.0,0.0,3972.21
1758860608511,0.0,0.0,3972.21
1758860608611,0.0,0.0,3972.21
1758860608711,0.0,0.0,3972.21
1758860608811,0.0,0.0,3972.21
1758860608911,0.0,0.0,3972.21
1758860609011,0.0,0.0,3972.21
1758860609111,0.0,0.0,3972.21
1758860609211,0.0,0.0,3972.21
1758860609311,0.0,0.0,3972.21
1758860609411,0.0,0.0,3972.21
1758860609511,0.0,0.0,3972.21
1758860609611,0.0,0.0,3972.21
1758860609711,0.0,0.0,3972.21
1758860609811,0.0,0.0,3972.21
1758860609911,0.0,0.0,3972.21
1758860610012,0.0,0.0,3972.21
1758860610111,0.0,0.0,3972.21
1758860610223,0.0,0.0,3972.21
1758860610312,0.0,0.0,3972.21
1758860610412,0.0,0.0,3972.21
1758860610512,0.0,0.0,3972.21
1758860610612,0.0,0.0,3972.21
1758860610712,0.0,0.0,3972.21
1758860610812,0.0,0.0,3972.21
1758860610911,0.0,0.0,3972.21
1758860611012,0.0,0.0,3972.21
1758860611112,0.0,0.0,3972.21
1758860611212,0.0,0.0,3972.21
1758860611311,0.0,0.0,3972.21
1758860611412,0.0,0.0,3972.21
1758860611512,0.0,0.0,3972.21
1758860611611,0.0,0.0,3972.21
1758860611711,0.0,0.0,3972.21
1758860611812,0.0,0.0,3972.21
1758860611912,0.0,0.0,3972.21
1758860612011,0.0,0.0,3972.21
1758860612111,0.0,0.0,3972.21
1758860612211,0.0,0.0,3972.21
1758860612311,0.0,0.0,3972.21
1758860612411,0.0,0.0,3972.21
1758860612511,0.0,0.0,3972.21
1758860612611,0.0,0.0,3972.21
1758860612711,0.0,0.0,3972.21
1758860612811,0.0,0.0,3972.21
1758860612911,0.0,0.0,3972.21
1758860613011,0.0,0.0,3972.21
1758860613111,0.0,0.0,3972.21
1758860613211,0.0,0.0,3972.21
1758860613311,0.0,0.0,3972.21
1758860613411,0.0,0.0,3972.21
1758860613511,0.0,0.0,3972.21
1758860613611,0.0,0.0,3972.21
1758860613711,0.0,0.0,3972.21
1758860613811,0.0,0.0,3972.21
1758860613911,0.0,0.0,3972.21
1758860614011,0.0,0.0,3972.21
1758860614111,0.0,0.0,3972.21
1758860614211,0.0,0.0,3972.21
1758860614312,0.0,0.0,3972.21
1758860614412,0.0,0.0,3972.21
1758860614512,0.0,0.0,3972.21
1758860614612,0.0,0.0,3972.21
1758860614712,0.0,0.0,3972.21
1758860614811,0.0,0.0,3972.21
1758860614912,0.0,0.0,3972.21
1758860615012,0.0,0.0,3972.21
1758860615112,0.0,0.0,3972.21
1758860615211,0.0,0.0,3972.21
1758860615312,0.0,0.0,3972.21
1758860615411,0.0,0.0,3972.21
1758860615612,0.0,0.0,3972.21
1758860615712,0.0,0.0,3972.21
1758860615812,0.0,0.0,3972.21
1758860615911,0.0,0.0,3972.21
1758860616012,0.0,0.0,3972.21
1758860616112,0.0,0.0,3972.21
1758860616211,0.0,0.0,3972.21
1758860616411,0.0,0.0,3972.21
1758860616511,0.0,0.0,3972.21
1758860616611,0.0,0.0,3972.21
1758860616711,0.0,0.0,3972.21
1758860616811,0.0,0.0,3972.21
1758860616911,0.0,0.0,3972.21
1758860617011,0.0,0.0,3972.21
1758860617111,0.0,0.0,3972.21
1758860617211,0.0,0.0,3972.21
1758860617311,0.0,0.0,3972.21
1758860617411,0.0,0.0,3972.21
1758860617511,0.0,0.0,3972.21
1758860617611,0.0,0.0,3972.21
1758860617711,0.0,0.0,3972.2
1758860617811,0.0,0.0,3972.2
1758860617911,0.0,0.0,3972.2
1758860618011,0.0,0.0,3972.2
1758860618111,0.0,0.0,3972.2
1758860618212,0.0,0.0,3972.2
1758860618312,0.0,0.0,3972.2
1758860618412,0.0,0.0,3972.2
1758860618512,0.0,0.0,3972.2
1758860618612,0.0,0.0,3972.2
1758860618712,0.0,0.0,3972.2
1758860618812,0.0,0.0,3972.2
1758860618912,0.0,0.0,3972.2
1758860619012,0.0,0.0,3972.2
1758860619112,0.0,0.0,3972.2
1758860619212,0.0,0.0,3972.2
1758860619312,0.0,0.0,3972.2
1758860619411,0.0,0.0,3972.2
1758860619512,0.0,0.0,3972.2
1758860619611,0.0,0.0,3972.2
1758860619712,0.0,0.0,3972.2
1758860619811,0.0,0.0,3972.2
1758860619911,0.0,0.0,3972.2
1758860620011,0.0,0.0,3972.2
1758860620111,0.0,0.0,3972.2
1758860620211,0.0,0.0,3972.2
1758860620351,0.0,0.0,3972.21
1758860620413,0.0,0.0,3972.21
1758860620511,0.0,0.0,3972.21
1758860620612,0.0,0.0,3972.21
1758860620710,0.0,0.0,3972.21
1758860620811,0.0,0.0,3972.21
1758860620911,0.0,0.0,3972.21
1758860621011,0.0,0.0,3972.21
1758860621111,0.0,0.0,3972.21
1758860621212,0.0,0.0,3972.21
1758860621312,0.0,0.0,3972.21
1758860621412,0.0,0.0,3972.21
1758860621512,0.0,0.0,3972.21
1758860621611,0.0,0.0,3972.21
1758860621712,0.0,0.0,3972.21
1758860621812,0.0,0.0,3972.21
1758860621912,0.0,0.0,3972.21
1758860622012,0.0,0.0,3972.21
1758860622112,0.0,0.0,3972.21
1758860622211,0.0,0.0,3972.21
1758860622311,0.0,0.0,3972.21
1758860622411,0.0,0.0,3972.21
1758860622512,0.0,0.0,3972.21
1758860622611,0.0,0.0,3972.21
1758860622711,0.0,0.0,3972.21
1758860622812,0.0,0.0,3972.21
1758860622912,0.0,0.0,3972.21
1758860623012,0.0,0.0,3972.21
1758860623112,0.0,0.0,3972.21
1758860623212,0.0,0.0,3972.21
1758860623312,0.0,0.0,3972.21
1758860623412,0.0,0.0,3972.21
1758860623512,0.0,0.0,3972.21
1758860623612,0.0,0.0,3972.2
1758860623712,0.0,0.0,3972.2
1758860623812,0.0,0.0,3972.2
1758860623912,0.0,0.0,3972.2
1758860624012,0.0,0.0,3972.2
1758860624112,0.0,0.0,3972.2
1758860624211,0.0,0.0,3972.2
1758860624311,0.0,0.0,3972.2
1758860624412,0.0,0.0,3972.2
1758860624611,0.0,0.0,3972.2
1758860624712,0.0,0.0,3972.2
1758860624812,0.0,0.0,3972.21
1758860624911,0.0,0.0,3972.21
1758860625011,0.0,0.0,3972.21
1758860625111,0.0,0.0,3972.21
1758860625211,0.0,0.0,3972.21
1758860625311,0.0,0.0,3972.21
1758860625415,0.0,0.0,3972.21
1758860625514,0.0,0.0,3972.21
1758860625612,0.0,0.0,3972.21
1758860625711,0.0,0.0,3972.21
1758860625811,0.0,0.0,3972.21
1758860625911,0.0,0.0,3972.21
1758860626011,0.0,0.0,3972.21
1758860626111,0.0,0.0,3972.21
1758860626211,0.0,0.0,3972.21
1758860626311,0.0,0.0,3972.21
1758860626411,0.0,0.0,3972.21
1758860626511,0.0,0.0,3972.21
1758860626611,0.0,0.0,3972.21
1758860626711,0.0,0.0,3972.21
1758860626811,0.0,0.0,3972.21
1758860626911,0.0,0.0,3972.21
1758860627011,0.0,0.0,3972.21
1758860627111,0.0,0.0,3972.21
1758860627211,0.0,0.0,3972.21
1758860627311,0.0,0.0,3972.21
1758860627412,0.0,0.0,3972.21
1758860627512,0.0,0.0,3972.21
1758860627612,0.0,0.0,3972.21
1758860627712,0.0,0.0,3972.21
1758860627812,0.0,0.0,3972.21
1758860627912,0.0,0.0,3972.21
1758860628012,0.0,0.0,3972.21
1758860628112,0.0,0.0,3972.21
1758860628211,0.0,0.0,3972.21
1758860628312,0.0,0.0,3972.21
1758860628412,0.0,0.0,3972.21
1758860628512,0.0,0.0,3972.21
1758860628612,0.0,0.0,3972.21
1758860628712,0.0,0.0,3972.21
1758860628812,0.0,0.0,3972.21
1758860628916,0.0,0.0,3972.11
1758860629012,0.0,0.0,3972.01
1758860629113,0.0,0.0,3972.01
1758860629211,0.0,0.0,3972.01
1758860629311,0.0,0.0,3972.01
1758860629411,0.0,0.0,3972.01
1758860629511,0.0,0.0,3972.01
1758860629611,0.0,0.0,3971.65
1758860629711,0.0,0.0,3971.65
1758860629812,0.0,0.0,3971.65
1758860629912,0.0,0.0,3971.65
1758860630011,0.0,0.0,3971.65
1758860630111,0.0,0.0,3971.65
1758860630211,0.0,0.0,3971.65
1758860630311,0.0,0.0,3971.65
1758860630411,0.0,0.0,3971.65
1758860630513,0.0,0.0,3971.65
1758860630612,0.0,0.0,3971.65
1758860630711,0.0,0.0,3971.65
1758860630811,0.0,0.0,3971.65
1758860630912,0.0,0.0,3971.65
1758860631012,0.0,0.0,3971.65
1758860631112,0.0,0.0,3971.65
1758860631212,0.0,0.0,3971.65
1758860631312,0.0,0.0,3971.65
1758860631412,0.0,0.0,3971.65
1758860631512,0.0,0.0,3971.65
1758860631612,0.0,0.0,3971.65
1758860631712,0.0,0.0,3971.65
1758860631812,0.0,0.0,3971.65
1758860631912,0.0,0.0,3971.65
1758860632012,0.0,0.0,3971.65
1758860632112,0.0,0.0,3971.65
1758860632211,0.0,0.0,3971.65
1758860632311,0.0,0.0,3971.65
1758860632411,0.0,0.0,3971.65
1758860632512,0.0,0.0,3971.48
1758860632611,0.0,0.0,3971.48
1758860632711,0.0,0.0,3971.48
1758860632812,0.0,0.0,3971.48
1758860632912,0.0,0.0,3971.48
1758860633012,0.0,0.0,3971.48
1758860633112,0.0,0.0,3971.48
1758860633212,0.0,0.0,3971.48
1758860633312,0.0,0.0,3971.48
1758860633412,0.0,0.0,3971.48
1758860633511,0.0,0.0,3971.48
1758860633611,0.0,0.0,3971.48
1758860633712,0.0,0.0,3971.48
1758860633812,0.0,0.0,3971.48
1758860633912,0.0,0.0,3971.48
1758860634012,0.0,0.0,3971.48
1758860634111,0.0,0.0,3971.48
1758860634211,0.0,0.0,3971.48
1758860634311,0.0,0.0,3971.48
1758860634412,0.0,0.0,3971.48
1758860634511,0.0,0.0,3971.48
1758860634612,0.0,0.0,3971.48
1758860634711,0.0,0.0,3971.48
1758860634812,0.0,0.0,3971.48
1758860634911,0.0,0.0,3971.48
1758860635012,0.0,0.0,3971.48
1758860635111,0.0,0.0,3971.48
1758860635211,0.0,0.0,3971.48
1758860635311,0.0,0.0,3971.48
1758860635412,0.0,0.0,3971.48
1758860635524,0.0,0.0,3971.48
1758860635614,0.0,0.0,3971.48
1758860635712,0.0,0.0,3971.48
1758860635811,0.0,0.0,3971.48
1758860635911,0.0,0.0,3971.48
1758860636011,0.0,0.0,3971.48
1758860636111,0.0,0.0,3971.48
1758860636211,0.0,0.0,3971.48
1758860636312,0.0,0.0,3971.48
1758860636411,0.0,0.0,3971.48
1758860636511,0.0,0.0,3971.48
1758860636611,0.0,0.0,3971.48
1758860636711,0.0,0.0,3971.48
1758860636811,0.0,0.0,3971.48
1758860636911,0.0,0.0,3971.48
1758860637011,0.0,0.0,3971.48
1758860637111,0.0,0.0,3971.48
1758860637212,0.0,0.0,3971.48
1758860637312,0.0,0.0,3971.48
1758860637412,0.0,0.0,3971.48
1758860637512,0.0,0.0,3971.48
1758860637612,0.0,0.0,3971.48
1758860637712,0.0,0.0,3971.48
1758860637812,0.0,0.0,3971.48
1758860637912,0.0,0.0,3971.48
1758860638012,0.0,0.0,3971.48
1758860638112,0.0,0.0,3971.48
1758860638212,0.0,0.0,3971.48
1758860638312,0.0,0.0,3971.48
1758860638412,0.0,0.0,3971.48
1758860638512,0.0,0.0,3971.48
1758860638612,0.0,0.0,3971.48
1758860638712,0.0,0.0,3971.48
1758860638812,0.0,0.0,3971.48
1758860638912,0.0,0.0,3971.48
1758860639011,0.0,0.0,3971.48
1758860639111,0.0,0.0,3971.48
1758860639212,0.0,0.0,3971.48
1758860639311,0.0,0.0,3971.48
1758860639412,0.0,0.0,3971.48
1758860639511,0.0,0.0,3971.48
1758860639612,0.0,0.0,3971.48
1758860639711,0.0,0.0,3971.48
1758860639811,0.0,0.0,3971.48
1758860639911,0.0,0.0,3971.48
1758860640011,0.0,0.0,3971.48
1758860640111,0.0,0.0,3971.48
1758860640211,0.0,0.0,3971.48
1758860640312,0.0,0.0,3971.67
1758860640412,0.0,0.0,3971.67
1758860640511,0.0,0.0,3971.67
1758860640630,0.0,0.0,3971.67
1758860640711,0.0,0.0,3971.76
1758860640811,0.0,0.0,3971.76
1758860640911,0.0,0.0,3971.76
1758860641011,0.0,0.0,3971.76
1758860641111,0.0,0.0,3971.76
1758860641211,0.0,0.0,3971.76
1758860641311,0.0,0.0,3971.76
1758860641411,0.0,0.0,3971.76
1758860641511,0.0,0.0,3971.76
1758860641611,0.0,0.0,3971.76
1758860641711,0.0,0.0,3971.76
1758860641812,0.0,0.0,3971.76
1758860641912,0.0,0.0,3971.76
1758860642012,0.0,0.0,3971.76
1758860642112,0.0,0.0,3971.76
1758860642212,0.0,0.0,3971.76
1758860642312,0.0,0.0,3971.76
1758860642412,0.0,0.0,3971.76
1758860642512,0.0,0.0,3971.76
1758860642612,0.0,0.0,3971.76
1758860642712,0.0,0.0,3971.76
1758860642812,0.0,0.0,3971.76
1758860642912,0.0,0.0,3971.76
1758860643012,0.0,0.0,3971.76
1758860643112,0.0,0.0,3971.76
1758860643212,0.0,0.0,3971.77
1758860643312,0.0,0.0,3971.77
1758860643411,0.0,0.0,3971.76
1758860643512,0.0,0.0,3971.76
1758860643611,0.0,0.0,3971.76
1758860643711,0.0,0.0,3971.76
1758860643811,0.0,0.0,3971.76
1758860643911,0.0,0.0,3971.76
1758860644012,0.0,0.0,3971.76
1758860644111,0.0,0.0,3971.76
1758860644211,0.0,0.0,3971.76
1758860644311,0.0,0.0,3971.76
1758860644411,0.0,0.0,3971.76
1758860644511,0.0,0.0,3971.76
1758860644611,0.0,0.0,3971.76
1758860644711,0.0,0.0,3971.76
1758860644811,0.0,0.0,3971.76
1758860644911,0.0,0.0,3971.76
1758860645012,0.0,0.0,3971.76
1758860645112,0.0,0.0,3971.76
1758860645212,0.0,0.0,3971.76
1758860645312,0.0,0.0,3971.76
1758860645412,0.0,0.0,3971.76
1758860645513,0.0,0.0,3971.76
1758860645613,0.0,0.0,3971.76
1758860645713,0.0,0.0,3971.76
1758860645812,0.0,0.0,3971.76
1758860645912,0.0,0.0,3971.76
1758860646012,0.0,0.0,3971.76
1758860646112,0.0,0.0,3971.76
1758860646212,0.0,0.0,3971.76
1758860646412,0.0,0.0,3971.76
1758860646512,0.0,0.0,3971.76
1758860646612,0.0,0.0,3971.76
1758860646712,0.0,0.0,3971.76
1758860646812,0.0,0.0,3971.76
1758860646912,0.0,0.0,3971.76
1758860647012,0.0,0.0,3971.76
1758860647112,0.0,0.0,3971.76
1758860647412,0.0,0.0,3971.77
1758860647511,0.0,0.0,3971.77
1758860647611,0.0,0.0,3971.77
1758860647711,0.0,0.0,3971.77
1758860647812,0.0,0.0,3971.77
1758860647912,0.0,0.0,3971.76
1758860648012,0.0,0.0,3971.76
1758860648212,0.0,0.0,3971.76
1758860648312,0.0,0.0,3971.76
1758860648412,0.0,0.0,3971.76
1758860648511,0.0,0.0,3971.76
1758860648611,0.0,0.0,3971.76
1758860648711,0.0,0.0,3971.76
1758860648811,0.0,0.0,3971.76
1758860648911,0.0,0.0,3971.76
1758860649012,0.0,0.0,3971.76
1758860649111,0.0,0.0,3971.76
1758860649211,0.0,0.0,3971.76
1758860649311,0.0,0.0,3971.76
1758860649411,0.0,0.0,3971.76
1758860649611,0.0,0.0,3971.76
1758860649711,0.0,0.0,3971.76
1758860649811,0.0,0.0,3971.76
1758860649911,0.0,0.0,3971.76
1758860650011,0.0,0.0,3971.76
1758860650112,0.0,0.0,3971.76
1758860650212,0.0,0.0,3971.76
1758860650312,0.0,0.0,3971.76
1758860650412,0.0,0.0,3971.76
1758860650612,0.0,0.0,3971.76
1758860650727,0.0,0.0,3971.76
1758860650822,0.0,0.0,3971.76
1758860650912,0.0,0.0,3971.76
1758860651012,0.0,0.0,3971.76
1758860651112,0.0,0.0,3971.76
1758860651212,0.0,0.0,3971.76
1758860651312,0.0,0.0,3971.76
1758860651412,0.0,0.0,3971.76
1758860651512,0.0,0.0,3971.76
1758860651612,0.0,0.0,3971.76
1758860651712,0.0,0.0,3971.76
1758860651812,0.0,0.0,3971.76
1758860651912,0.0,0.0,3971.76
1758860652012,0.0,0.0,3971.76
1758860652112,0.0,0.0,3971.76
1758860652211,0.0,0.0,3971.76
1758860652312,0.0,0.0,3971.76
1758860652411,0.0,0.0,3971.76
1758860652512,0.0,0.0,3971.76
1758860652612,0.0,0.0,3971.76
1758860652712,0.0,0.0,3971.76
1758860652812,0.0,0.0,3971.76
1758860652912,0.0,0.0,3971.76
1758860653012,0.0,0.0,3971.76
1758860653111,0.0,0.0,3971.76
1758860653211,0.0,0.0,3971.76
1758860653311,0.0,0.0,3971.76
1758860653411,0.0,0.0,3971.76
1758860653511,0.0,0.0,3971.76
1758860653611,0.0,0.0,3971.76
1758860653712,0.0,0.0,3971.76
1758860653812,0.0,0.0,3971.76
1758860653912,0.0,0.0,3971.76
1758860654013,0.0,0.0,3971.47
1758860654112,0.0,0.0,3971.37
1758860654212,0.0,0.0,3971.37
1758860654312,0.0,0.0,3971.37
1758860654412,0.0,0.0,3971.37
1758860654513,0.0,0.0,3971.37
1758860654612,0.0,0.0,3971.37
1758860654712,0.0,0.0,3971.33
1758860654812,0.0,0.0,3971.33
1758860654912,0.0,0.0,3971.33
1758860655012,0.0,0.0,3971.33
1758860655112,0.0,0.0,3971.33
1758860655212,0.0,0.0,3971.33
1758860655312,0.0,0.0,3971.33
1758860655412,0.0,0.0,3971.33
1758860655513,0.0,0.0,3971.33
1758860655612,0.0,0.0,3971.33
1758860655712,0.0,0.0,3971.33
1758860655851,0.0,0.0,3971.15
1758860655912,0.0,0.0,3971.15
1758860656012,0.0,0.0,3970.97
1758860656112,0.0,0.0,3970.97
1758860656212,0.0,0.0,3970.97
1758860656312,0.0,0.0,3970.97
1758860656412,0.0,0.0,3970.97
1758860656511,0.0,0.0,3970.97
1758860656612,0.0,0.0,3970.97
1758860656712,0.0,0.0,3970.88
1758860656812,0.0,0.0,3970.88
1758860656911,0.0,0.0,3970.88
1758860657012,0.0,0.0,3970.88
1758860657112,0.0,0.0,3970.88
1758860657212,0.0,0.0,3970.88
1758860657312,0.0,0.0,3970.88
1758860657412,0.0,0.0,3970.88
1758860657511,0.0,0.0,3970.88
1758860657611,0.0,0.0,3970.88
1758860657712,0.0,0.0,3970.88
1758860657811,0.0,0.0,3970.88
1758860657911,0.0,0.0,3970.88
1758860658011,0.0,0.0,3970.88
1758860658111,0.0,0.0,3970.87
1758860658211,0.0,0.0,3970.87
1758860658311,0.0,0.0,3970.87
1758860658412,0.0,0.0,3970.87
1758860658512,0.0,0.0,3970.87
1758860658612,0.0,0.0,3970.88
1758860658712,0.0,0.0,3970.88
1758860658812,0.0,0.0,3970.88
1758860658912,0.0,0.0,3970.88
1758860659011,0.0,0.0,3970.88
1758860659112,0.0,0.0,3970.88
1758860659216,0.0,0.0,3970.87
1758860659312,0.0,0.0,3970.87
1758860659413,0.0,0.0,3970.68
1758860659512,0.0,0.0,3970.68
1758860659612,0.0,0.0,3970.68
1758860659711,0.0,0.0,3970.68
1758860659812,0.0,0.0,3970.51
1758860659912,0.0,0.0,3970.5
1758860660012,0.0,0.0,3970.49
1758860660111,0.0,0.0,3970.49
1758860660212,0.0,0.0,3970.49
1758860660311,0.0,0.0,3970.49
1758860660412,0.0,0.0,3970.49
1758860660512,0.0,0.0,3970.49
1758860660611,0.0,0.0,3970.49
1758860660712,0.0,0.0,3970.49
1758860660811,0.0,0.0,3970.49
1758860660917,0.0,0.0,3970.49
1758860661015,0.0,0.0,3970.49
1758860661111,0.0,0.0,3970.49
1758860661211,0.0,0.0,3970.49
1758860661311,0.0,0.0,3970.49
1758860661412,0.0,0.0,3970.49
1758860661512,0.0,0.0,3970.49
1758860661612,0.0,0.0,3970.49
1758860661712,0.0,0.0,3970.49
1758860661813,0.0,0.0,3970.49
1758860661912,0.0,0.0,3970.49
1758860662012,0.0,0.0,3970.49
1758860662112,0.0,0.0,3970.48
1758860662212,0.0,0.0,3970.48
1758860662311,0.0,0.0,3970.48
1758860662412,0.0,0.0,3970.48
1758860662512,0.0,0.0,3970.48
1758860662611,0.0,0.0,3970.48
1758860662712,0.0,0.0,3970.48
1758860662812,0.0,0.0,3970.48
1758860662912,0.0,0.0,3970.48
1758860663011,0.0,0.0,3970.48
1758860663111,0.0,0.0,3970.48
1758860663311,0.0,0.0,3970.48
1758860663411,0.0,0.0,3970.48
1758860663511,0.0,0.0,3970.48
1758860663611,0.0,0.0,3970.48
1758860663711,0.0,0.0,3970.48
1758860663811,0.0,0.0,3970.48
1758860663911,0.0,0.0,3970.48
1758860664012,0.0,0.0,3970.48
1758860664112,0.0,0.0,3970.48
1758860664211,0.0,0.0,3970.48
1758860664311,0.0,0.0,3970.48
1758860664411,0.0,0.0,3970.48
1758860664512,0.0,0.0,3970.48
1758860664612,0.0,0.0,3970.48
1758860664711,0.0,0.0,3970.48
1758860664812,0.0,0.0,3970.48
1758860664912,0.0,0.0,3970.48
1758860665012,0.0,0.0,3970.48
1758860665112,0.0,0.0,3970.48
1758860665213,0.0,0.0,3970.48
1758860665312,0.0,0.0,3970.48
1758860665412,0.0,0.0,3970.48
1758860665513,0.0,0.0,3970.48
1758860665612,0.0,0.0,3970.48
1758860665712,0.0,0.0,3970.48
1758860665812,0.0,0.0,3970.48
1758860665912,0.0,0.0,3970.48
1758860666016,0.0,0.0,3970.29
1758860666112,0.0,0.0,3970.29
1758860666212,0.0,0.0,3970.16
1758860666312,0.0,0.0,3970.16
1758860666412,0.0,0.0,3970.16
1758860666512,0.0,0.0,3970.16
1758860666613,0.0,0.0,3970.16
1758860666711,0.0,0.0,3970.16
1758860666811,0.0,0.0,3970.16
1758860666912,0.0,0.0,3970.16
1758860667012,0.0,0.0,3970.16
1758860667111,0.0,0.0,3970.16
1758860667212,0.0,0.0,3970.0
1758860667311,0.0,0.0,3970.0
1758860667411,0.0,0.0,3970.0
1758860667512,0.0,0.0,3970.0
1758860667611,0.0,0.0,3970.0
1758860667711,0.0,0.0,3970.0
1758860667811,0.0,0.0,3969.8
1758860667912,0.0,0.0,3969.8
1758860668012,0.0,0.0,3969.78
1758860668112,0.0,0.0,3969.78
1758860668212,0.0,0.0,3969.78
1758860668312,0.0,0.0,3969.78
1758860668412,0.0,0.0,3969.78
1758860668511,0.0,0.0,3969.78
1758860668612,0.0,0.0,3969.78
1758860668712,0.0,0.0,3969.78
1758860668812,0.0,0.0,3969.78
1758860668912,0.0,0.0,3969.78
1758860669011,0.0,0.0,3969.78
1758860669111,0.0,0.0,3969.78
1758860669211,0.0,0.0,3969.78
1758860669312,0.0,0.0,3969.78
1758860669412,0.0,0.0,3969.69
1758860669511,0.0,0.0,3969.67
1758860669611,0.0,0.0,3969.67
1758860669711,0.0,0.0,3969.67
1758860669811,0.0,0.0,3969.67
1758860669912,0.0,0.0,3969.67
1758860670011,0.0,0.0,3969.67
1758860670111,0.0,0.0,3969.67
1758860670212,0.0,0.0,3969.67
1758860670311,0.0,0.0,3969.67
1758860670412,0.0,0.0,3969.67
1758860670511,0.0,0.0,3969.67
1758860670611,0.0,0.0,3969.67
1758860670711,0.0,0.0,3969.67
1758860670811,0.0,0.0,3969.67
1758860670912,0.0,0.0,3969.67
1758860671096,0.0,0.0,3969.67
1758860671113,0.0,0.0,3969.67
1758860671212,0.0,0.0,3969.67
1758860671313,0.0,0.0,3969.67
1758860671412,0.0,0.0,3969.67
1758860671512,0.0,0.0,3969.67
1758860671613,0.0,0.0,3969.67
1758860671712,0.0,0.0,3969.67
1758860671812,0.0,0.0,3969.67
1758860671912,0.0,0.0,3969.67
1758860672012,0.0,0.0,3969.67
1758860672112,0.0,0.0,3969.67
1758860672212,0.0,0.0,3969.67
1758860672312,0.0,0.0,3969.67
1758860672412,0.0,0.0,3969.67
1758860672512,0.0,0.0,3969.67
1758860672611,0.0,0.0,3969.67
1758860672712,0.0,0.0,3969.67
1758860672812,0.0,0.0,3969.67
1758860672912,0.0,0.0,3969.67
1758860673012,0.0,0.0,3969.67
1758860673111,0.0,0.0,3969.67
1758860673212,0.0,0.0,3969.67
1758860673311,0.0,0.0,3969.67
1758860673412,0.0,0.0,3969.67
1758860673512,0.0,0.0,3969.67
1758860673612,0.0,0.0,3969.67
1758860673712,0.0,0.0,3969.61
1758860673812,0.0,0.0,3969.61
1758860673912,0.0,0.0,3969.62
1758860674012,0.0,0.0,3969.62
1758860674112,0.0,0.0,3969.62
1758860674212,0.0,0.0,3969.62
1758860674312,0.0,0.0,3969.62
1758860674412,0.0,0.0,3969.62
1758860674512,0.0,0.0,3969.62
1758860674611,0.0,0.0,3969.62
1758860674712,0.0,0.0,3969.61
1758860674812,0.0,0.0,3969.61
1758860674912,0.0,0.0,3969.61
1758860675012,0.0,0.0,3969.61
1758860675111,0.0,0.0,3969.61
1758860675212,0.0,0.0,3969.61
1758860675312,0.0,0.0,3969.61
1758860675413,0.0,0.0,3969.6
1758860675512,0.0,0.0,3969.6
1758860675612,0.0,0.0,3969.6
1758860675712,0.0,0.0,3969.5
1758860675812,0.0,0.0,3969.49
1758860675912,0.0,0.0,3969.49
1758860676012,0.0,0.0,3969.49
1758860676133,0.0,0.0,3969.49
1758860676214,0.0,0.0,3969.49
1758860676312,0.0,0.0,3969.42
1758860676412,0.0,0.0,3969.42
1758860676512,0.0,0.0,3969.42
1758860676613,0.0,0.0,3969.42
1758860676712,0.0,0.0,3969.42
1758860676812,0.0,0.0,3969.42
1758860676912,0.0,0.0,3969.42
1758860677012,0.0,0.0,3969.42
1758860677112,0.0,0.0,3969.42
1758860677212,0.0,0.0,3969.42
1758860677312,0.0,0.0,3969.42
1758860677412,0.0,0.0,3969.42
1758860677512,0.0,0.0,3969.42
1758860677612,0.0,0.0,3969.42
1758860677713,0.0,0.0,3969.4
1758860677812,0.0,0.0,3969.4
1758860677912,0.0,0.0,3969.4
1758860678012,0.0,0.0,3969.4
1758860678111,0.0,0.0,3969.4
1758860678212,0.0,0.0,3969.4
1758860678312,0.0,0.0,3969.4
1758860678412,0.0,0.0,3969.4
1758860678512,0.0,0.0,3969.4
1758860678612,0.0,0.0,3969.4
1758860678712,0.0,0.0,3969.4
1758860678812,0.0,0.0,3969.4
1758860678912,0.0,0.0,3969.4
1758860679011,0.0,0.0,3969.4
1758860679112,0.0,0.0,3969.4
1758860679212,0.0,0.0,3969.4
1758860679311,0.0,0.0,3969.4
1758860679411,0.0,0.0,3969.4
1758860679512,0.0,0.0,3969.39
1758860679611,0.0,0.0,3969.39
1758860679711,0.0,0.0,3969.39
1758860679811,0.0,0.0,3969.39
1758860679912,0.0,0.0,3969.39
1758860680012,0.0,0.0,3969.39
1758860680112,0.0,0.0,3969.39
1758860680212,0.0,0.0,3969.39
1758860680312,0.0,0.0,3969.39
1758860680412,0.0,0.0,3969.39
1758860680512,0.0,0.0,3969.39
1758860680612,0.0,0.0,3969.39
1758860680712,0.0,0.0,3969.39
1758860680812,0.0,0.0,3969.4
1758860680912,0.0,0.0,3969.4
1758860681012,0.0,0.0,3969.4
1758860681112,0.0,0.0,3969.4
1758860681247,0.0,0.0,3969.4
1758860681312,0.0,0.0,3969.4
1758860681412,0.0,0.0,3969.4
1758860681512,0.0,0.0,3969.4
1758860681612,0.0,0.0,3969.4
1758860681712,0.0,0.0,3969.4
1758860681812,0.0,0.0,3969.4
1758860681912,0.0,0.0,3969.4
1758860682012,0.0,0.0,3969.4
1758860682112,0.0,0.0,3969.4
1758860682212,0.0,0.0,3969.4
1758860682312,0.0,0.0,3969.4
1758860682411,0.0,0.0,3969.4
1758860682511,0.0,0.0,3969.4
1758860682611,0.0,0.0,3969.4
1758860682712,0.0,0.0,3969.68
1758860682812,0.0,0.0,3969.68
1758860682912,0.0,0.0,3969.68
1758860683012,0.0,0.0,3969.79
1758860683112,0.0,0.0,3970.07
1758860683212,0.0,0.0,3970.07
1758860683312,0.0,0.0,3970.07
1758860683413,0.0,0.0,3970.07
1758860683514,0.0,0.0,3970.07
1758860683612,0.0,0.0,3970.19
1758860683712,0.0,0.0,3970.46
1758860683812,0.0,0.0,3970.46
1758860683912,0.0,0.0,3970.46
1758860684011,0.0,0.0,3970.46
1758860684112,0.0,0.0,3970.46
1758860684211,0.0,0.0,3970.46
1758860684311,0.0,0.0,3970.46
1758860684412,0.0,0.0,3970.46
1758860684511,0.0,0.0,3970.46
1758860684612,0.0,0.0,3970.46
1758860684712,0.0,0.0,3970.46
1758860684812,0.0,0.0,3970.46
1758860684912,0.0,0.0,3970.46
1758860685011,0.0,0.0,3970.46
1758860685112,0.0,0.0,3970.46
1758860685212,0.0,0.0,3970.46
1758860685312,0.0,0.0,3970.46
1758860685412,0.0,0.0,3970.46
1758860685511,0.0,0.0,3970.46
1758860685612,0.0,0.0,3970.46
1758860685711,0.0,0.0,3970.46
1758860685812,0.0,0.0,3970.46
1758860685912,0.0,0.0,3970.46
1758860686011,0.0,0.0,3970.46
1758860686111,0.0,0.0,3970.46
1758860686212,0.0,0.0,3970.46
1758860686313,0.0,0.0,3970.46
1758860686413,0.0,0.0,3970.46
1758860686512,0.0,0.0,3970.46
1758860686613,0.0,0.0,3970.46
1758860686713,0.0,0.0,3970.46
1758860686812,0.0,0.0,3970.46
1758860686912,0.0,0.0,3970.46
1758860687012,0.0,0.0,3970.46
1758860687112,0.0,0.0,3970.46
1758860687212,0.0,0.0,3970.46
1758860687312,0.0,0.0,3970.46
1758860687412,0.0,0.0,3970.46
1758860687512,0.0,0.0,3970.46
1758860687612,0.0,0.0,3970.46
1758860687712,0.0,0.0,3970.46
1758860687812,0.0,0.0,3970.46
1758860687912,0.0,0.0,3970.46
1758860688012,0.0,0.0,3970.46
1758860688112,0.0,0.0,3970.46
1758860688212,0.0,0.0,3970.46
1758860688311,0.0,0.0,3970.46
1758860688412,0.0,0.0,3970.46
1758860688511,0.0,0.0,3970.46
1758860688612,0.0,0.0,3970.46
1758860688712,0.0,0.0,3970.46
1758860688811,0.0,0.0,3970.46
1758860688912,0.0,0.0,3970.46
1758860689012,0.0,0.0,3970.46
1758860689112,0.0,0.0,3970.46
1758860689212,0.0,0.0,3970.47
1758860689312,0.0,0.0,3970.47
1758860689411,0.0,0.0,3970.47
1758860689511,0.0,0.0,3970.47
1758860689612,0.0,0.0,3970.47
1758860689712,0.0,0.0,3970.47
1758860689912,0.0,0.0,3970.47
1758860690011,0.0,0.0,3970.47
1758860690111,0.0,0.0,3970.47
1758860690212,0.0,0.0,3970.46
1758860690312,0.0,0.0,3970.46
1758860690411,0.0,0.0,3970.46
1758860690512,0.0,0.0,3970.46
1758860690612,0.0,0.0,3970.46
1758860690712,0.0,0.0,3970.46
1758860690812,0.0,0.0,3970.46
1758860690913,0.0,0.0,3970.46
1758860691012,0.0,0.0,3970.46
1758860691113,0.0,0.0,3970.46
1758860691213,0.0,0.0,3970.46
1758860691313,0.0,0.0,3970.46
1758860691414,0.0,0.0,3970.46
1758860691524,0.0,0.0,3970.46
1758860691613,0.0,0.0,3970.46
1758860691712,0.0,0.0,3970.46
1758860691812,0.0,0.0,3970.46
1758860691912,0.0,0.0,3970.46
1758860692012,0.0,0.0,3970.46
1758860692113,0.0,0.0,3970.46
1758860692212,0.0,0.0,3970.46
1758860692312,0.0,0.0,3970.46
1758860692412,0.0,0.0,3970.46
1758860692512,0.0,0.0,3970.46
1758860692612,0.0,0.0,3970.46
1758860692712,0.0,0.0,3970.46
1758860692812,0.0,0.0,3970.46
1758860692912,0.0,0.0,3970.46
1758860693011,0.0,0.0,3970.46
1758860693111,0.0,0.0,3970.46
1758860693211,0.0,0.0,3970.46
1758860693312,0.0,0.0,3970.46
1758860693412,0.0,0.0,3970.46
1758860693512,0.0,0.0,3970.46
1758860693612,0.0,0.0,3970.46
1758860693712,0.0,0.0,3970.46
1758860693812,0.0,0.0,3970.46
1758860693912,0.0,0.0,3970.46
1758860694012,0.0,0.0,3970.46
1758860694112,0.0,0.0,3970.64
1758860694212,0.0,0.0,3970.64
1758860694312,0.0,0.0,3970.64
1758860694414,0.0,0.0,3970.66
1758860694512,0.0,0.0,3970.66
1758860694612,0.0,0.0,3970.66
1758860694712,0.0,0.0,3970.66
1758860694812,0.0,0.0,3970.66
1758860694912,0.0,0.0,3970.66
1758860695011,0.0,0.0,3970.66
1758860695112,0.0,0.0,3970.66
1758860695212,0.0,0.0,3970.66
1758860695312,0.0,0.0,3970.66
1758860695412,0.0,0.0,3970.66
1758860695512,0.0,0.0,3970.66
1758860695612,0.0,0.0,3970.66
1758860695712,0.0,0.0,3970.66
1758860695812,0.0,0.0,3970.66
1758860695911,0.0,0.0,3970.66
1758860696012,0.0,0.0,3970.66
1758860696112,0.0,0.0,3970.86
1758860696211,0.0,0.0,3970.86
1758860696312,0.0,0.0,3970.86
1758860696440,0.0,0.0,3970.86
1758860696521,0.0,0.0,3970.86
1758860696611,0.0,0.0,3970.86
1758860696712,0.0,0.0,3970.86
1758860696812,0.0,0.0,3970.86
1758860696912,0.0,0.0,3970.86
1758860697012,0.0,0.0,3970.86
1758860697111,0.0,0.0,3970.86
1758860697211,0.0,0.0,3970.86
1758860697312,0.0,0.0,3970.86
1758860697412,0.0,0.0,3970.86
1758860697512,0.0,0.0,3970.86
1758860697612,0.0,0.0,3970.86
1758860697711,0.0,0.0,3970.86
1758860697812,0.0,0.0,3970.86
1758860697912,0.0,0.0,3970.86
1758860698011,0.0,0.0,3970.86
1758860698112,0.0,0.0,3970.86
1758860698211,0.0,0.0,3970.86
1758860698313,0.0,0.0,3970.86
1758860698412,0.0,0.0,3970.86
1758860698512,0.0,0.0,3970.86
1758860698612,0.0,0.0,3970.85
1758860698712,0.0,0.0,3970.85
1758860698812,0.0,0.0,3970.85
1758860698912,0.0,0.0,3970.85
1758860699012,0.0,0.0,3970.85
1758860699112,0.0,0.0,3970.85
1758860699212,0.0,0.0,3970.85
1758860699312,0.0,0.0,3970.85
1758860699411,0.0,0.0,3970.85
1758860699511,0.0,0.0,3970.85
1758860699611,0.0,0.0,3970.85
1758860699711,0.0,0.0,3970.85
1758860699811,0.0,0.0,3970.85
1758860699911,0.0,0.0,3970.84
1758860700012,0.0,0.0,3970.84
1758860700113,0.0,0.0,3970.66
1758860700212,0.0,0.0,3970.66
1758860700312,0.0,0.0,3970.66
1758860700413,0.0,0.0,3970.66
1758860700513,0.0,0.0,3970.45
1758860700613,0.0,0.0,3970.07
1758860700712,0.0,0.0,3970.07
1758860700812,0.0,0.0,3970.07
1758860700912,0.0,0.0,3970.07
1758860701012,0.0,0.0,3970.07
1758860701112,0.0,0.0,3970.07
1758860701212,0.0,0.0,3970.08
1758860701312,0.0,0.0,3970.08
1758860701412,0.0,0.0,3970.08
1758860701526,0.0,0.0,3970.08
1758860701612,0.0,0.0,3970.08
1758860701712,0.0,0.0,3970.08
1758860701812,0.0,0.0,3970.08
1758860701912,0.0,0.0,3970.08
1758860702012,0.0,0.0,3970.08
1758860702112,0.0,0.0,3970.08
1758860702212,0.0,0.0,3970.08
1758860702312,0.0,0.0,3970.08
1758860702412,0.0,0.0,3970.08
1758860702512,0.0,0.0,3970.08
1758860702612,0.0,0.0,3970.08
1758860702712,0.0,0.0,3970.08
1758860702811,0.0,0.0,3970.08
1758860702912,0.0,0.0,3970.08
1758860703012,0.0,0.0,3970.08
1758860703112,0.0,0.0,3970.08
1758860703211,0.0,0.0,3970.08
1758860703312,0.0,0.0,3970.08
1758860703412,0.0,0.0,3970.08
1758860703511,0.0,0.0,3970.08
1758860703612,0.0,0.0,3970.08
1758860703711,0.0,0.0,3970.08
1758860703811,0.0,0.0,3970.08
1758860703912,0.0,0.0,3970.08
1758860704012,0.0,0.0,3970.08
1758860704112,0.0,0.0,3970.08
1758860704212,0.0,0.0,3970.08
1758860704312,0.0,0.0,3970.08
1758860704412,0.0,0.0,3970.08
1758860704512,0.0,0.0,3970.08
1758860704612,0.0,0.0,3970.08
1758860704712,0.0,0.0,3970.08
1758860704812,0.0,0.0,3970.08
1758860704912,0.0,0.0,3970.08
1758860705012,0.0,0.0,3970.08
1758860705112,0.0,0.0,3970.08
1758860705212,0.0,0.0,3970.08
1758860705312,0.0,0.0,3970.08
1758860705412,0.0,0.0,3970.08
1758860705513,0.0,0.0,3970.08
1758860705612,0.0,0.0,3970.08
1758860705712,0.0,0.0,3970.08
1758860705812,0.0,0.0,3970.08
1758860705912,0.0,0.0,3970.08
1758860706012,0.0,0.0,3970.08
1758860706112,0.0,0.0,3970.08
1758860706212,0.0,0.0,3970.08
1758860706312,0.0,0.0,3970.08
1758860706412,0.0,0.0,3970.08
1758860706512,0.0,0.0,3970.08
1758860706615,0.0,0.0,3970.08
1758860706712,0.0,0.0,3970.08
1758860706811,0.0,0.0,3970.08
1758860706912,0.0,0.0,3970.08
1758860707012,0.0,0.0,3970.08
1758860707111,0.0,0.0,3970.08
1758860707212,0.0,0.0,3970.08
1758860707312,0.0,0.0,3970.08
1758860707411,0.0,0.0,3970.08
1758860707512,0.0,0.0,3970.08
1758860707612,0.0,0.0,3970.08
1758860707712,0.0,0.0,3970.08
1758860707812,0.0,0.0,3970.08
1758860707912,0.0,0.0,3970.08
1758860708012,0.0,0.0,3970.08
1758860708112,0.0,0.0,3970.08
1758860708212,0.0,0.0,3970.08
1758860708312,0.0,0.0,3970.08
1758860708412,0.0,0.0,3970.08
1758860708511,0.0,0.0,3970.08
1758860708612,0.0,0.0,3970.08
1758860708712,0.0,0.0,3970.08
1758860708812,0.0,0.0,3970.08
1758860708912,0.0,0.0,3970.08
1758860709012,0.0,0.0,3970.08
1758860709113,0.0,0.0,3970.08
1758860709212,0.0,0.0,3970.08
1758860709312,0.0,0.0,3970.08
1758860709413,0.0,0.0,3970.08
1758860709512,0.0,0.0,3970.08
1758860709612,0.0,0.0,3970.08
1758860709712,0.0,0.0,3970.08
1758860709812,0.0,0.0,3970.08
1758860709912,0.0,0.0,3970.08
1758860710022,0.0,0.0,3970.08
1758860710113,0.0,0.0,3970.08
1758860710212,0.0,0.0,3970.08
1758860710312,0.0,0.0,3970.08
1758860710416,0.0,0.0,3970.07
1758860710512,0.0,0.0,3970.07
1758860710612,0.0,0.0,3970.07
1758860710712,0.0,0.0,3970.07
1758860710812,0.0,0.0,3970.07
1758860710912,0.0,0.0,3970.07
1758860711012,0.0,0.0,3970.07
1758860711112,0.0,0.0,3970.07
1758860711212,0.0,0.0,3970.07
1758860711312,0.0,0.0,3970.07
1758860711412,0.0,0.0,3970.07
1758860711512,0.0,0.0,3970.07
1758860711641,0.0,0.0,3970.07
1758860711720,0.0,0.0,3970.07
1758860711812,0.0,0.0,3970.07
1758860711912,0.0,0.0,3970.06
1758860712012,0.0,0.0,3970.06
1758860712112,0.0,0.0,3970.06
1758860712212,0.0,0.0,3970.06
1758860712313,0.0,0.0,3970.06
1758860712412,0.0,0.0,3970.06
1758860712513,0.0,0.0,3970.06
1758860712612,0.0,0.0,3970.06
1758860712712,0.0,0.0,3970.06
1758860712813,0.0,0.0,3970.06
1758860712912,0.0,0.0,3970.06
1758860713012,0.0,0.0,3970.06
1758860713112,0.0,0.0,3970.06
1758860713212,0.0,0.0,3970.06
1758860713312,0.0,0.0,3970.06
1758860713413,0.0,0.0,3970.06
1758860713512,0.0,0.0,3970.06
1758860713612,0.0,0.0,3970.06
1758860713712,0.0,0.0,3970.06
1758860713812,0.0,0.0,3970.06
1758860713912,0.0,0.0,3970.06
1758860714012,0.0,0.0,3970.06
1758860714112,0.0,0.0,3970.06
1758860714212,0.0,0.0,3970.06
1758860714312,0.0,0.0,3970.06
1758860714412,0.0,0.0,3970.06
1758860714512,0.0,0.0,3970.06
1758860714612,0.0,0.0,3970.06
1758860714712,0.0,0.0,3970.06
1758860714812,0.0,0.0,3970.06
1758860714912,0.0,0.0,3970.06
1758860715012,0.0,0.0,3970.06
1758860715112,0.0,0.0,3970.06
1758860715212,0.0,0.0,3970.06
1758860715312,0.0,0.0,3970.06
1758860715412,0.0,0.0,3970.06
1758860715513,0.0,0.0,3970.06
1758860715612,0.0,0.0,3970.06
1758860715712,0.0,0.0,3970.01
1758860715813,0.0,0.0,3970.01
1758860715912,0.0,0.0,3970.01
1758860716012,0.0,0.0,3970.01
1758860716112,0.0,0.0,3970.01
1758860716212,0.0,0.0,3970.01
1758860716312,0.0,0.0,3970.01
1758860716412,0.0,0.0,3970.0
1758860716512,0.0,0.0,3970.0
1758860716612,0.0,0.0,3970.0
1758860716728,0.0,0.0,3970.0
1758860716812,0.0,0.0,3970.0
1758860716912,0.0,0.0,3970.0
1758860717012,0.0,0.0,3970.0
1758860717112,0.0,0.0,3970.0
1758860717212,0.0,0.0,3970.0
1758860717312,0.0,0.0,3970.0
1758860717412,0.0,0.0,3970.0
1758860717512,0.0,0.0,3970.0
1758860717612,0.0,0.0,3970.0
1758860717712,0.0,0.0,3970.0
1758860717812,0.0,0.0,3970.0
1758860717912,0.0,0.0,3970.0
1758860718011,0.0,0.0,3970.0
1758860718111,0.0,0.0,3970.0
1758860718212,0.0,0.0,3970.0
1758860718312,0.0,0.0,3970.0
1758860718412,0.0,0.0,3970.0
1758860718512,0.0,0.0,3970.0
1758860718611,0.0,0.0,3970.0
1758860718711,0.0,0.0,3970.0
1758860718812,0.0,0.0,3970.0
1758860718911,0.0,0.0,3970.0
1758860719014,0.0,0.0,3970.0
1758860719112,0.0,0.0,3970.0
1758860719212,0.0,0.0,3970.0
1758860719312,0.0,0.0,3970.0
1758860719412,0.0,0.0,3970.0
1758860719511,0.0,0.0,3970.0
1758860719612,0.0,0.0,3970.01
1758860719711,0.0,0.0,3970.01
1758860719811,0.0,0.0,3970.01
1758860719912,0.0,0.0,3970.01
1758860720012,0.0,0.0,3970.01
1758860720113,0.0,0.0,3970.01
1758860720213,0.0,0.0,3970.01
1758860720312,0.0,0.0,3970.01
1758860720412,0.0,0.0,3970.01
1758860720512,0.0,0.0,3970.01
1758860720612,0.0,0.0,3970.01
1758860720713,0.0,0.0,3970.01
1758860720813,0.0,0.0,3970.01
1758860720912,0.0,0.0,3970.01
1758860721012,0.0,0.0,3970.01
1758860721112,0.0,0.0,3970.01
1758860721212,0.0,0.0,3970.01
1758860721312,0.0,0.0,3970.01
1758860721412,0.0,0.0,3970.01
1758860721512,0.0,0.0,3970.01
1758860721612,0.0,0.0,3970.01
1758860721712,0.0,0.0,3970.01
1758860721838,0.0,0.0,3970.01
1758860721913,0.0,0.0,3970.01
1758860722012,0.0,0.0,3970.01
1758860722112,0.0,0.0,3970.01
1758860722212,0.0,0.0,3970.01
1758860722312,0.0,0.0,3970.01
1758860722412,0.0,0.0,3970.01
1758860722511,0.0,0.0,3970.01
1758860722612,0.0,0.0,3970.01
1758860722712,0.0,0.0,3970.01
1758860722812,0.0,0.0,3970.01
1758860722911,0.0,0.0,3970.01
1758860723012,0.0,0.0,3970.01
1758860723112,0.0,0.0,3970.01
1758860723211,0.0,0.0,3970.01
1758860723312,0.0,0.0,3970.01
1758860723411,0.0,0.0,3970.01
1758860723512,0.0,0.0,3970.01
1758860723611,0.0,0.0,3970.01
1758860723712,0.0,0.0,3970.01
1758860723813,0.0,0.0,3970.01
1758860723912,0.0,0.0,3970.01
1758860724013,0.0,0.0,3970.01
1758860724113,0.0,0.0,3970.01
1758860724212,0.0,0.0,3970.01
1758860724312,0.0,0.0,3970.01
1758860724413,0.0,0.0,3970.01
1758860724512,0.0,0.0,3970.01
1758860724612,0.0,0.0,3970.01
1758860724712,0.0,0.0,3970.01
1758860724812,0.0,0.0,3970.01
1758860724912,0.0,0.0,3970.01
1758860725012,0.0,0.0,3970.01
1758860725112,0.0,0.0,3970.01
1758860725211,0.0,0.0,3970.01
1758860725312,0.0,0.0,3970.01
1758860725412,0.0,0.0,3970.01
1758860725512,0.0,0.0,3970.01
1758860725612,0.0,0.0,3970.01
1758860725712,0.0,0.0,3970.01
1758860725911,0.0,0.0,3970.01
1758860726012,0.0,0.0,3970.01
1758860726112,0.0,0.0,3970.01
1758860726212,0.0,0.0,3970.01
1758860726312,0.0,0.0,3970.01
1758860726413,0.0,0.0,3970.01
1758860726512,0.0,0.0,3970.01
1758860726612,0.0,0.0,3970.01
1758860726713,0.0,0.0,3970.01
1758860726812,0.0,0.0,3970.01
1758860726921,0.0,0.0,3970.01
1758860727016,0.0,0.0,3970.01
1758860727112,0.0,0.0,3970.01
1758860727212,0.0,0.0,3970.01
1758860727312,0.0,0.0,3970.01
1758860727412,0.0,0.0,3970.01
1758860727512,0.0,0.0,3970.01
1758860727612,0.0,0.0,3970.01
1758860727712,0.0,0.0,3970.01
1758860727812,0.0,0.0,3970.01
1758860727912,0.0,0.0,3970.01
1758860728012,0.0,0.0,3970.01
1758860728112,0.0,0.0,3970.01
1758860728212,0.0,0.0,3970.01
1758860728312,0.0,0.0,3970.01
1758860728412,0.0,0.0,3970.01
1758860728512,0.0,0.0,3970.01
1758860728612,0.0,0.0,3970.01
1758860728712,0.0,0.0,3970.01
1758860728812,0.0,0.0,3970.01
1758860728912,0.0,0.0,3970.01
1758860729012,0.0,0.0,3970.01
1758860729113,0.0,0.0,3970.01
1758860729212,0.0,0.0,3970.01
1758860729312,0.0,0.0,3970.0
1758860729413,0.0,0.0,3970.0
1758860729512,0.0,0.0,3970.0
1758860729612,0.0,0.0,3970.0
1758860729712,0.0,0.0,3970.0
1758860729812,0.0,0.0,3970.0
1758860729912,0.0,0.0,3970.0
1758860730012,0.0,0.0,3970.0
1758860730112,0.0,0.0,3970.0
1758860730212,0.0,0.0,3970.0
1758860730312,0.0,0.0,3970.0
1758860730412,0.0,0.0,3970.0
1758860730513,0.0,0.0,3970.0
1758860730613,0.0,0.0,3970.0
1758860730713,0.0,0.0,3970.0
1758860730812,0.0,0.0,3970.0
1758860730912,0.0,0.0,3970.0
1758860731012,0.0,0.0,3970.0
1758860731112,0.0,0.0,3970.0
1758860731212,0.0,0.0,3970.0
1758860731312,0.0,0.0,3970.0
1758860731413,0.0,0.0,3970.0
1758860731512,0.0,0.0,3970.0
1758860731613,0.0,0.0,3970.0
1758860731712,0.0,0.0,3970.0
1758860731812,0.0,0.0,3970.0
1758860731913,0.0,0.0,3970.0
1758860732022,0.0,0.0,3970.0
1758860732113,0.0,0.0,3970.0
1758860732212,0.0,0.0,3970.0
1758860732312,0.0,0.0,3970.0
1758860732412,0.0,0.0,3970.0
1758860732512,0.0,0.0,3970.0
1758860732612,0.0,0.0,3970.0
1758860732713,0.0,0.0,3970.0
1758860732812,0.0,0.0,3970.0
1758860732912,0.0,0.0,3970.0
1758860733012,0.0,0.0,3970.0
1758860733112,0.0,0.0,3970.0
1758860733212,0.0,0.0,3970.0
1758860733312,0.0,0.0,3970.0
1758860733412,0.0,0.0,3970.0
1758860733512,0.0,0.0,3970.0
1758860733611,0.0,0.0,3970.0
1758860733712,0.0,0.0,3969.81
1758860733815,0.0,0.0,3969.44
1758860733913,0.0,0.0,3969.27
1758860734011,0.0,0.0,3969.27
1758860734113,0.0,0.0,3969.16
1758860734212,0.0,0.0,3969.16
1758860734313,0.0,0.0,3969.16
1758860734413,0.0,0.0,3969.16
1758860734512,0.0,0.0,3969.16
1758860734612,0.0,0.0,3969.16
1758860734713,0.0,0.0,3969.16
1758860734812,0.0,0.0,3969.16
1758860734912,0.0,0.0,3969.16
1758860735013,0.0,0.0,3969.16
1758860735112,0.0,0.0,3969.16
1758860735213,0.0,0.0,3969.16
1758860735313,0.0,0.0,3969.16
1758860735413,0.0,0.0,3969.17
1758860735513,0.0,0.0,3969.17
1758860735613,0.0,0.0,3969.17
1758860735713,0.0,0.0,3969.17
1758860735812,0.0,0.0,3969.17
1758860735913,0.0,0.0,3969.17
1758860736012,0.0,0.0,3969.17
1758860736112,0.0,0.0,3969.17
1758860736212,0.0,0.0,3969.17
1758860736312,0.0,0.0,3969.17
1758860736412,0.0,0.0,3969.17
1758860736512,0.0,0.0,3969.17
1758860736612,0.0,0.0,3969.17
1758860736712,0.0,0.0,3969.17
1758860736812,0.0,0.0,3969.17
1758860736912,0.0,0.0,3969.17
1758860737047,0.0,0.0,3969.17
1758860737122,0.0,0.0,3969.17
1758860737212,0.0,0.0,3969.17
1758860737312,0.0,0.0,3969.17
1758860737412,0.0,0.0,3969.17
1758860737512,0.0,0.0,3969.17
1758860737612,0.0,0.0,3969.16
1758860737712,0.0,0.0,3969.16
1758860737812,0.0,0.0,3969.16
1758860737912,0.0,0.0,3969.16
1758860738012,0.0,0.0,3969.16
1758860738111,0.0,0.0,3969.16
1758860738212,0.0,0.0,3969.16
1758860738312,0.0,0.0,3969.16
1758860738412,0.0,0.0,3969.16
1758860738512,0.0,0.0,3969.16
1758860738613,0.0,0.0,3969.16
1758860738712,0.0,0.0,3969.16
1758860738813,0.0,0.0,3969.16
1758860738913,0.0,0.0,3969.16
1758860739013,0.0,0.0,3969.16
1758860739113,0.0,0.0,3969.16
1758860739213,0.0,0.0,3969.16
1758860739313,0.0,0.0,3969.16
1758860739413,0.0,0.0,3969.16
1758860739513,0.0,0.0,3969.16
1758860739612,0.0,0.0,3969.16
1758860739712,0.0,0.0,3969.16
1758860739813,0.0,0.0,3969.16
1758860739912,0.0,0.0,3969.16
1758860740012,0.0,0.0,3969.16
1758860740112,0.0,0.0,3969.16
1758860740212,0.0,0.0,3969.16
1758860740312,0.0,0.0,3969.16
1758860740412,0.0,0.0,3969.16
1758860740513,0.0,0.0,3969.16
1758860740612,0.0,0.0,3969.16
1758860740712,0.0,0.0,3969.16
1758860740812,0.0,0.0,3968.97
1758860740912,0.0,0.0,3968.87
1758860741013,0.0,0.0,3968.87
1758860741112,0.0,0.0,3968.87
1758860741212,0.0,0.0,3968.06
1758860741325,0.0,0.0,3968.11
1758860741412,0.0,0.0,3968.11
1758860741512,0.0,0.0,3968.11
1758860741612,0.0,0.0,3968.11
1758860741712,0.0,0.0,3968.11
1758860741812,0.0,0.0,3968.11
1758860741912,0.0,0.0,3968.11
1758860742012,0.0,0.0,3968.11
1758860742123,0.0,0.0,3968.11
1758860742212,0.0,0.0,3968.11
1758860742311,0.0,0.0,3968.11
1758860742412,0.0,0.0,3968.11
1758860742512,0.0,0.0,3968.11
1758860742612,0.0,0.0,3968.11
1758860742711,0.0,0.0,3968.11
1758860742813,0.0,0.0,3968.11
1758860742913,0.0,0.0,3968.11
1758860743012,0.0,0.0,3968.11
1758860743113,0.0,0.0,3968.11
1758860743213,0.0,0.0,3968.11
1758860743313,0.0,0.0,3968.11
1758860743413,0.0,0.0,3968.11
1758860743512,0.0,0.0,3968.11
1758860743613,0.0,0.0,3968.11
1758860743713,0.0,0.0,3968.11
1758860743813,0.0,0.0,3968.11
1758860743913,0.0,0.0,3968.11
1758860744012,0.0,0.0,3968.11
1758860744113,0.0,0.0,3968.11
1758860744212,0.0,0.0,3968.11
1758860744312,0.0,0.0,3968.11
1758860744412,0.0,0.0,3968.11
1758860744512,0.0,0.0,3968.11
1758860744612,0.0,0.0,3968.11
1758860744712,0.0,0.0,3968.11
1758860744812,0.0,0.0,3968.11
1758860744912,0.0,0.0,3968.11
1758860745012,0.0,0.0,3968.11
1758860745112,0.0,0.0,3968.11
1758860745212,0.0,0.0,3968.11
1758860745312,0.0,0.0,3968.11
1758860745412,0.0,0.0,3968.11
1758860745513,0.0,0.0,3968.11
1758860745612,0.0,0.0,3968.11
1758860745712,0.0,0.0,3968.11
1758860745812,0.0,0.0,3968.11
1758860745912,0.0,0.0,3968.11
1758860746012,0.0,0.0,3968.11
1758860746112,0.0,0.0,3968.11
1758860746212,0.0,0.0,3968.11
1758860746311,0.0,0.0,3968.11
1758860746412,0.0,0.0,3968.11
1758860746512,0.0,0.0,3968.11
1758860746612,0.0,0.0,3968.11
1758860746713,0.0,0.0,3968.11
1758860746813,0.0,0.0,3967.71
1758860746913,0.0,0.0,3967.57
1758860747013,0.0,0.0,3967.58
1758860747113,0.0,0.0,3967.57
1758860747246,0.0,0.0,3967.57
1758860747315,0.0,0.0,3967.57
1758860747413,0.0,0.0,3967.57
1758860747513,0.0,0.0,3967.57
1758860747613,0.0,0.0,3967.57
1758860747712,0.0,0.0,3967.57
1758860747813,0.0,0.0,3967.57
1758860747912,0.0,0.0,3967.57
1758860748013,0.0,0.0,3967.57
1758860748113,0.0,0.0,3967.57
1758860748213,0.0,0.0,3967.5
1758860748319,0.0,0.0,3967.31
1758860748413,0.0,0.0,3967.29
1758860748512,0.0,0.0,3967.29
1758860748612,0.0,0.0,3967.29
1758860748712,0.0,0.0,3967.29
1758860748812,0.0,0.0,3967.29
1758860748912,0.0,0.0,3967.29
1758860749013,0.0,0.0,3967.29
1758860749112,0.0,0.0,3967.29
1758860749212,0.0,0.0,3967.29
1758860749312,0.0,0.0,3967.29
1758860749412,0.0,0.0,3967.13
1758860749513,0.0,0.0,3967.13
1758860749612,0.0,0.0,3967.13
1758860749713,0.0,0.0,3967.13
1758860749813,0.0,0.0,3967.13
1758860749912,0.0,0.0,3967.13
1758860750012,0.0,0.0,3967.13
1758860750112,0.0,0.0,3967.13
1758860750212,0.0,0.0,3967.13
1758860750313,0.0,0.0,3967.13
1758860750413,0.0,0.0,3967.13
1758860750512,0.0,0.0,3967.13
1758860750612,0.0,0.0,3967.13
1758860750713,0.0,0.0,3967.13
1758860750812,0.0,0.0,3967.13
1758860750912,0.0,0.0,3967.13
1758860751012,0.0,0.0,3967.13
1758860751112,0.0,0.0,3967.13
1758860751212,0.0,0.0,3967.13
1758860751312,0.0,0.0,3967.13
1758860751412,0.0,0.0,3967.13
1758860751512,0.0,0.0,3967.13
1758860751612,0.0,0.0,3967.13
1758860751712,0.0,0.0,3967.13
1758860751812,0.0,0.0,3967.13
1758860751912,0.0,0.0,3967.13
1758860752012,0.0,0.0,3967.13
1758860752112,0.0,0.0,3967.13
1758860752211,0.0,0.0,3967.13
1758860752338,0.0,0.0,3967.13
1758860752416,0.0,0.0,3967.13
1758860752512,0.0,0.0,3967.13
1758860752613,0.0,0.0,3967.13
1758860752713,0.0,0.0,3967.13
1758860752813,0.0,0.0,3967.13
1758860752912,0.0,0.0,3967.13
1758860753012,0.0,0.0,3967.13
1758860753112,0.0,0.0,3967.13
1758860753212,0.0,0.0,3967.13
1758860753312,0.0,0.0,3967.13
1758860753412,0.0,0.0,3967.13
1758860753512,0.0,0.0,3967.13
1758860753612,0.0,0.0,3967.13
1758860753712,0.0,0.0,3967.13
1758860753812,0.0,0.0,3967.13
1758860753913,0.0,0.0,3967.13
1758860754012,0.0,0.0,3967.13
1758860754113,0.0,0.0,3967.13
1758860754212,0.0,0.0,3967.13
1758860754312,0.0,0.0,3967.13
1758860754412,0.0,0.0,3967.13
1758860754512,0.0,0.0,3967.13
1758860754612,0.0,0.0,3967.13
1758860754712,0.0,0.0,3967.13
1758860754813,0.0,0.0,3967.13
1758860754913,0.0,0.0,3967.13
1758860755012,0.0,0.0,3967.13
1758860755112,0.0,0.0,3967.13
1758860755212,0.0,0.0,3967.13
1758860755312,0.0,0.0,3967.13
1758860755412,0.0,0.0,3967.13
1758860755513,0.0,0.0,3967.13
1758860755612,0.0,0.0,3967.13
1758860755712,0.0,0.0,3967.13
1758860755812,0.0,0.0,3967.13
1758860755912,0.0,0.0,3967.13
1758860756012,0.0,0.0,3967.13
1758860756113,0.0,0.0,3967.13
1758860756213,0.0,0.0,3967.12
1758860756313,0.0,0.0,3967.12
1758860756413,0.0,0.0,3967.12
1758860756513,0.0,0.0,3967.12
1758860756613,0.0,0.0,3967.12
1758860756713,0.0,0.0,3967.12
1758860756813,0.0,0.0,3967.12
1758860756913,0.0,0.0,3967.12
1758860757013,0.0,0.0,3967.12
1758860757113,0.0,0.0,3967.12
1758860757212,0.0,0.0,3967.12
1758860757313,0.0,0.0,3967.12
1758860757417,0.0,0.0,3967.12
1758860757512,0.0,0.0,3967.12
1758860757612,0.0,0.0,3967.12
1758860757712,0.0,0.0,3967.12
1758860757812,0.0,0.0,3967.12
1758860757912,0.0,0.0,3967.12
1758860758012,0.0,0.0,3967.12
1758860758113,0.0,0.0,3967.12
1758860758212,0.0,0.0,3967.12
1758860758312,0.0,0.0,3967.12
1758860758412,0.0,0.0,3967.12
1758860758513,0.0,0.0,3967.11
1758860758612,0.0,0.0,3967.11
1758860758713,0.0,0.0,3967.11
1758860758812,0.0,0.0,3967.09
1758860758912,0.0,0.0,3967.09
1758860759012,0.0,0.0,3967.09
1758860759112,0.0,0.0,3967.09
1758860759212,0.0,0.0,3966.89
1758860759312,0.0,0.0,3966.73
1758860759412,0.0,0.0,3966.58
1758860759512,0.0,0.0,3966.58
1758860759612,0.0,0.0,3966.58
1758860759712,0.0,0.0,3966.58
1758860759812,0.0,0.0,3966.59
1758860759912,0.0,0.0,3966.59
1758860760012,0.0,0.0,3966.59
1758860760112,0.0,0.0,3966.59
1758860760212,0.0,0.0,3966.59
1758860760312,0.0,0.0,3966.59
1758860760412,0.0,0.0,3966.59
1758860760512,0.0,0.0,3966.33
1758860760612,0.0,0.0,3966.33
1758860760712,0.0,0.0,3966.33
1758860760811,0.0,0.0,3966.33
1758860760912,0.0,0.0,3966.33
1758860761012,0.0,0.0,3966.33
1758860761112,0.0,0.0,3966.33
1758860761212,0.0,0.0,3966.33
1758860761312,0.0,0.0,3966.33
1758860761412,0.0,0.0,3966.33
1758860761512,0.0,0.0,3966.33
1758860761611,0.0,0.0,3966.33
1758860761712,0.0,0.0,3966.33
1758860761812,0.0,0.0,3966.33
1758860761912,0.0,0.0,3966.33
1758860762012,0.0,0.0,3966.33
1758860762112,0.0,0.0,3966.33
1758860762212,0.0,0.0,3966.33
1758860762312,0.0,0.0,3966.33
1758860762414,0.0,0.0,3966.33
1758860762512,0.0,0.0,3966.33
1758860762612,0.0,0.0,3966.33
1758860762712,0.0,0.0,3966.33
1758860762812,0.0,0.0,3966.33
1758860762912,0.0,0.0,3966.33
1758860763012,0.0,0.0,3966.33
1758860763112,0.0,0.0,3966.33
1758860763212,0.0,0.0,3966.33
1758860763312,0.0,0.0,3966.33
1758860763412,0.0,0.0,3966.33
1758860763512,0.0,0.0,3966.33
1758860763612,0.0,0.0,3966.33
1758860763712,0.0,0.0,3966.33
1758860763812,0.0,0.0,3966.33
1758860763912,0.0,0.0,3966.33
1758860764012,0.0,0.0,3966.33
1758860764112,0.0,0.0,3966.33
1758860764212,0.0,0.0,3966.33
1758860764312,0.0,0.0,3966.25
1758860764412,0.0,0.0,3966.26
1758860764512,0.0,0.0,3966.26
1758860764612,0.0,0.0,3966.26
1758860764712,0.0,0.0,3966.26
1758860764812,0.0,0.0,3966.26
1758860764912,0.0,0.0,3966.26
1758860765012,0.0,0.0,3966.26
1758860765113,0.0,0.0,3966.26
1758860765213,0.0,0.0,3966.26
1758860765312,0.0,0.0,3966.26
1758860765413,0.0,0.0,3966.26
1758860765513,0.0,0.0,3966.26
1758860765612,0.0,0.0,3966.26
1758860765713,0.0,0.0,3966.26
1758860765812,0.0,0.0,3966.26
1758860765913,0.0,0.0,3966.26
1758860766013,0.0,0.0,3966.26
1758860766112,0.0,0.0,3966.25
1758860766213,0.0,0.0,3966.25
1758860766313,0.0,0.0,3966.25
1758860766412,0.0,0.0,3966.25
1758860766512,0.0,0.0,3966.25
1758860766613,0.0,0.0,3966.25
1758860766712,0.0,0.0,3966.25
1758860766813,0.0,0.0,3966.25
1758860766913,0.0,0.0,3966.25
1758860767012,0.0,0.0,3966.25
1758860767112,0.0,0.0,3966.25
1758860767213,0.0,0.0,3966.25
1758860767312,0.0,0.0,3966.25
1758860767412,0.0,0.0,3966.25
1758860767558,0.0,0.0,3966.25
1758860767614,0.0,0.0,3966.25
1758860767712,0.0,0.0,3966.25
1758860767812,0.0,0.0,3966.25
1758860767912,0.0,0.0,3966.25
1758860768012,0.0,0.0,3966.25
1758860768112,0.0,0.0,3966.25
1758860768212,0.0,0.0,3966.25
1758860768312,0.0,0.0,3966.25
1758860768412,0.0,0.0,3966.25
1758860768512,0.0,0.0,3966.24
1758860768612,0.0,0.0,3966.24
1758860768712,0.0,0.0,3966.1
1758860768812,0.0,0.0,3966.1
1758860768913,0.0,0.0,3966.01
1758860769013,0.0,0.0,3966.01
1758860769113,0.0,0.0,3966.01
1758860769212,0.0,0.0,3966.01
1758860769312,0.0,0.0,3966.01
1758860769412,0.0,0.0,3966.01
1758860769513,0.0,0.0,3966.01
1758860769613,0.0,0.0,3966.01
1758860769713,0.0,0.0,3966.01
1758860769813,0.0,0.0,3966.01
1758860769913,0.0,0.0,3966.01
1758860770013,0.0,0.0,3966.01
1758860770213,0.0,0.0,3966.01
1758860770313,0.0,0.0,3966.02
1758860770413,0.0,0.0,3966.02
1758860770513,0.0,0.0,3966.01
1758860770612,0.0,0.0,3966.01
1758860770712,0.0,0.0,3966.0
1758860770813,0.0,0.0,3965.98
1758860770913,0.0,0.0,3965.92
1758860771012,0.0,0.0,3965.92
1758860771114,0.0,0.0,3965.89
1758860771213,0.0,0.0,3965.48
1758860771312,0.0,0.0,3965.48
1758860771413,0.0,0.0,3965.49
1758860771512,0.0,0.0,3965.48
1758860771612,0.0,0.0,3965.49
1758860771712,0.0,0.0,3965.49
1758860771812,0.0,0.0,3965.49
1758860771912,0.0,0.0,3965.49
1758860772012,0.0,0.0,3965.49
1758860772113,0.0,0.0,3965.49
1758860772212,0.0,0.0,3965.49
1758860772312,0.0,0.0,3965.49
1758860772412,0.0,0.0,3965.46
1758860772512,0.0,0.0,3965.46
1758860772634,0.0,0.0,3965.46
1758860772712,0.0,0.0,3965.01
1758860772813,0.0,0.0,3965.01
1758860772913,0.0,0.0,3965.01
1758860773013,0.0,0.0,3965.01
1758860773113,0.0,0.0,3965.01
1758860773213,0.0,0.0,3965.01
1758860773313,0.0,0.0,3965.01
1758860773413,0.0,0.0,3965.01
1758860773513,0.0,0.0,3965.01
1758860773613,0.0,0.0,3965.01
1758860773713,0.0,0.0,3965.01
1758860773813,0.0,0.0,3965.01
1758860773913,0.0,0.0,3965.01
1758860774013,0.0,0.0,3965.01
1758860774113,0.0,0.0,3965.01
1758860774213,0.0,0.0,3965.01
1758860774313,0.0,0.0,3965.01
1758860774413,0.0,0.0,3965.01
1758860774513,0.0,0.0,3965.0
1758860774613,0.0,0.0,3965.0
1758860774713,0.0,0.0,3965.0
1758860774813,0.0,0.0,3965.0
1758860774913,0.0,0.0,3964.92
1758860775013,0.0,0.0,3964.92
1758860775112,0.0,0.0,3964.92
1758860775212,0.0,0.0,3964.8
1758860775312,0.0,0.0,3964.8
1758860775414,0.0,0.0,3964.69
1758860775512,0.0,0.0,3964.61
1758860775612,0.0,0.0,3964.62
1758860775713,0.0,0.0,3964.62
1758860775813,0.0,0.0,3964.61
1758860775912,0.0,0.0,3964.61
1758860776012,0.0,0.0,3964.61
1758860776112,0.0,0.0,3964.61
1758860776212,0.0,0.0,3964.61
1758860776312,0.0,0.0,3964.61
1758860776412,0.0,0.0,3964.61
1758860776512,0.0,0.0,3964.61
1758860776612,0.0,0.0,3964.61
1758860776712,0.0,0.0,3964.61
1758860776812,0.0,0.0,3964.61
1758860776912,0.0,0.0,3964.61
1758860777012,0.0,0.0,3964.61
1758860777111,0.0,0.0,3964.61
1758860777212,0.0,0.0,3964.61
1758860777312,0.0,0.0,3964.61
1758860777412,0.0,0.0,3964.61
1758860777513,0.0,0.0,3964.61
1758860777613,0.0,0.0,3964.61
1758860777725,0.0,0.0,3964.61
1758860777817,0.0,0.0,3964.61
1758860777913,0.0,0.0,3964.61
1758860778013,0.0,0.0,3964.61
1758860778113,0.0,0.0,3964.61
1758860778213,0.0,0.0,3964.61
1758860778312,0.0,0.0,3964.61
1758860778413,0.0,0.0,3964.61
1758860778512,0.0,0.0,3964.61
1758860778613,0.0,0.0,3964.61
1758860778712,0.0,0.0,3964.61
1758860778813,0.0,0.0,3964.61
1758860778924,0.0,0.0,3964.61
1758860779013,0.0,0.0,3964.61
1758860779113,0.0,0.0,3964.61
1758860779213,0.0,0.0,3964.61
1758860779312,0.0,0.0,3964.61
1758860779412,0.0,0.0,3964.61
1758860779512,0.0,0.0,3964.61
1758860779613,0.0,0.0,3964.61
1758860779713,0.0,0.0,3964.61
1758860779813,0.0,0.0,3964.61
1758860779912,0.0,0.0,3964.61
1758860780012,0.0,0.0,3964.61
1758860780112,0.0,0.0,3964.61
1758860780212,0.0,0.0,3964.61
1758860780313,0.0,0.0,3964.61
1758860780412,0.0,0.0,3964.61
1758860780515,0.0,0.0,3964.61
1758860780612,0.0,0.0,3964.61
1758860780712,0.0,0.0,3964.61
1758860780813,0.0,0.0,3964.61
1758860780912,0.0,0.0,3964.61
1758860781012,0.0,0.0,3964.61
1758860781112,0.0,0.0,3964.61
1758860781212,0.0,0.0,3964.61
1758860781312,0.0,0.0,3964.61
1758860781413,0.0,0.0,3964.61
1758860781512,0.0,0.0,3964.61
1758860781612,0.0,0.0,3964.61
1758860781712,0.0,0.0,3964.61
1758860781813,0.0,0.0,3964.61
1758860781913,0.0,0.0,3964.61
1758860782013,0.0,0.0,3964.61
1758860782113,0.0,0.0,3964.61
1758860782213,0.0,0.0,3964.61
1758860782313,0.0,0.0,3964.61
1758860782413,0.0,0.0,3964.61
1758860782513,0.0,0.0,3964.61
1758860782613,0.0,0.0,3964.61
1758860782717,0.0,0.0,3964.61
1758860782813,0.0,0.0,3964.61
1758860782913,0.0,0.0,3964.61
1758860783012,0.0,0.0,3964.61
1758860783113,0.0,0.0,3964.61
1758860783212,0.0,0.0,3964.61
1758860783312,0.0,0.0,3964.61
1758860783412,0.0,0.0,3964.61
1758860783512,0.0,0.0,3964.61
1758860783612,0.0,0.0,3964.61
1758860783712,0.0,0.0,3964.61
1758860783812,0.0,0.0,3964.61
1758860783912,0.0,0.0,3964.61
1758860784012,0.0,0.0,3964.61
1758860784113,0.0,0.0,3964.61
1758860784212,0.0,0.0,3964.61
1758860784312,0.0,0.0,3964.61
1758860784412,0.0,0.0,3964.61
1758860784512,0.0,0.0,3964.61
1758860784612,0.0,0.0,3964.61
1758860784712,0.0,0.0,3964.61
1758860784812,0.0,0.0,3964.61
1758860784913,0.0,0.0,3964.61
1758860785012,0.0,0.0,3964.61
1758860785111,0.0,0.0,3964.61
1758860785212,0.0,0.0,3964.61
1758860785313,0.0,0.0,3964.61
1758860785413,0.0,0.0,3964.81
1758860785513,0.0,0.0,3965.1
1758860785613,0.0,0.0,3965.1
1758860785713,0.0,0.0,3965.22
1758860785813,0.0,0.0,3965.22
1758860785913,0.0,0.0,3965.22
1758860786013,0.0,0.0,3965.3
1758860786113,0.0,0.0,3965.3
1758860786213,0.0,0.0,3965.3
1758860786313,0.0,0.0,3965.7
1758860786413,0.0,0.0,3965.7
1758860786513,0.0,0.0,3965.7
1758860786613,0.0,0.0,3965.7
1758860786712,0.0,0.0,3965.7
1758860786813,0.0,0.0,3965.7
1758860786912,0.0,0.0,3965.7
1758860787012,0.0,0.0,3965.7
1758860787112,0.0,0.0,3965.7
1758860787213,0.0,0.0,3965.7
1758860787312,0.0,0.0,3965.7
1758860787412,0.0,0.0,3965.7
1758860787512,0.0,0.0,3965.7
1758860787612,0.0,0.0,3965.7
1758860787712,0.0,0.0,3965.7
1758860787855,0.0,0.0,3965.7
1758860787912,0.0,0.0,3965.7
1758860788012,0.0,0.0,3965.7
1758860788113,0.0,0.0,3965.7
1758860788213,0.0,0.0,3965.7
1758860788313,0.0,0.0,3965.7
1758860788413,0.0,0.0,3965.7
1758860788513,0.0,0.0,3965.7
1758860788613,0.0,0.0,3965.7
1758860788713,0.0,0.0,3965.7
1758860788812,0.0,0.0,3965.7
1758860788913,0.0,0.0,3965.7
1758860789013,0.0,0.0,3965.7
1758860789112,0.0,0.0,3965.7
1758860789213,0.0,0.0,3965.7
1758860789313,0.0,0.0,3965.7
1758860789413,0.0,0.0,3965.7
1758860789513,0.0,0.0,3965.7
1758860789613,0.0,0.0,3965.7
1758860789713,0.0,0.0,3965.7
1758860789812,0.0,0.0,3965.7
1758860789913,0.0,0.0,3965.7
1758860790013,0.0,0.0,3965.7
1758860790113,0.0,0.0,3965.7
1758860790213,0.0,0.0,3965.7
1758860790313,0.0,0.0,3965.7
1758860790413,0.0,0.0,3965.7
1758860790513,0.0,0.0,3965.7
1758860790614,0.0,0.0,3965.7
1758860790712,0.0,0.0,3965.7
1758860790813,0.0,0.0,3965.7
1758860790913,0.0,0.0,3965.7
1758860791012,0.0,0.0,3965.7
1758860791112,0.0,0.0,3965.7
1758860791212,0.0,0.0,3965.7
1758860791312,0.0,0.0,3965.7
1758860791413,0.0,0.0,3965.7
1758860791513,0.0,0.0,3965.7
1758860791612,0.0,0.0,3965.7
1758860791712,0.0,0.0,3965.7
1758860791812,0.0,0.0,3965.7
1758860791912,0.0,0.0,3965.71
1758860792012,0.0,0.0,3965.71
1758860792113,0.0,0.0,3965.71
1758860792212,0.0,0.0,3965.71
1758860792412,0.0,0.0,3965.71
1758860792512,0.0,0.0,3965.71
1758860792612,0.0,0.0,3965.71
1758860792712,0.0,0.0,3965.71
1758860792812,0.0,0.0,3965.71
1758860792927,0.0,0.0,3965.71
1758860793051,0.0,0.0,3965.71
1758860793112,0.0,0.0,3965.71
1758860793213,0.0,0.0,3965.71
1758860793313,0.0,0.0,3965.71
1758860793412,0.0,0.0,3965.71
1758860793513,0.0,0.0,3965.71
1758860793613,0.0,0.0,3965.71
1758860793713,0.0,0.0,3965.71
1758860793912,0.0,0.0,3965.71
1758860794012,0.0,0.0,3965.71
1758860794112,0.0,0.0,3965.71
1758860794212,0.0,0.0,3965.71
1758860794312,0.0,0.0,3965.71
1758860794412,0.0,0.0,3965.71
1758860794513,0.0,0.0,3965.71
1758860794612,0.0,0.0,3965.7
1758860794712,0.0,0.0,3965.7
1758860794812,0.0,0.0,3965.7
1758860794912,0.0,0.0,3965.7
1758860795013,0.0,0.0,3965.7
1758860795113,0.0,0.0,3965.7
1758860795213,0.0,0.0,3965.7
1758860795313,0.0,0.0,3965.7
1758860795413,0.0,0.0,3965.7
1758860795513,0.0,0.0,3965.7
1758860795613,0.0,0.0,3965.7
1758860795713,0.0,0.0,3965.7
1758860795813,0.0,0.0,3965.7
1758860795913,0.0,0.0,3965.7
1758860796012,0.0,0.0,3965.7
1758860796112,0.0,0.0,3965.7
1758860796212,0.0,0.0,3965.7
1758860796312,0.0,0.0,3965.7
1758860796413,0.0,0.0,3965.7
1758860796512,0.0,0.0,3965.71
1758860796612,0.0,0.0,3965.76
1758860796712,0.0,0.0,3965.76
1758860796812,0.0,0.0,3965.76
1758860796912,0.0,0.0,3965.76
1758860797012,0.0,0.0,3965.76
1758860797112,0.0,0.0,3965.76
1758860797212,0.0,0.0,3965.76
1758860797312,0.0,0.0,3965.76
1758860797413,0.0,0.0,3965.75
1758860797513,0.0,0.0,3965.75
1758860797614,0.0,0.0,3965.75
1758860797713,0.0,0.0,3965.75
1758860797813,0.0,0.0,3965.75
1758860797913,0.0,0.0,3965.75
1758860798019,0.0,0.0,3965.75
1758860798113,0.0,0.0,3965.75
1758860798213,0.0,0.0,3965.75
1758860798313,0.0,0.0,3965.75
1758860798413,0.0,0.0,3965.75
1758860798513,0.0,0.0,3965.75
1758860798613,0.0,0.0,3965.75
1758860798713,0.0,0.0,3965.75
1758860798813,0.0,0.0,3965.75
1758860798912,0.0,0.0,3965.75
1758860799013,0.0,0.0,3965.75
1758860799112,0.0,0.0,3965.75
1758860799212,0.0,0.0,3965.75
1758860799313,0.0,0.0,3965.75
1758860799413,0.0,0.0,3965.75
1758860799513,0.0,0.0,3965.75
1758860799612,0.0,0.0,3965.75
1758860799713,0.0,0.0,3965.75
1758860799813,0.0,0.0,3965.75
1758860799913,0.0,0.0,3965.75
1758860800013,0.0,0.0,3965.75
1758860800112,0.0,0.0,3965.75
1758860800213,0.0,0.0,3965.75
1758860800312,0.0,0.0,3965.48
1758860800413,0.0,0.0,3965.48
1758860800513,0.0,0.0,3965.32
1758860800613,0.0,0.0,3965.3
1758860800712,0.0,0.0,3965.3
1758860800812,0.0,0.0,3965.3
1758860800912,0.0,0.0,3965.3
1758860801012,0.0,0.0,3965.3
1758860801114,0.0,0.0,3964.99
1758860801212,0.0,0.0,3964.7
1758860801312,0.0,0.0,3964.7
1758860801413,0.0,0.0,3964.7
1758860801513,0.0,0.0,3964.7
1758860801612,0.0,0.0,3964.7
1758860801713,0.0,0.0,3964.7
1758860801813,0.0,0.0,3964.7
1758860801913,0.0,0.0,3964.7
1758860802013,0.0,0.0,3964.7
1758860802113,0.0,0.0,3964.7
1758860802213,0.0,0.0,3964.7
1758860802313,0.0,0.0,3964.7
1758860802413,0.0,0.0,3964.7
1758860802513,0.0,0.0,3964.7
1758860802613,0.0,0.0,3964.7
1758860802713,0.0,0.0,3964.7
1758860802813,0.0,0.0,3964.7
1758860802913,0.0,0.0,3964.7
1758860803029,0.0,0.0,3964.7
1758860803117,0.0,0.0,3964.7
1758860803213,0.0,0.0,3964.7
1758860803313,0.0,0.0,3964.7
1758860803413,0.0,0.0,3964.7
1758860803513,0.0,0.0,3964.7
1758860803613,0.0,0.0,3964.7
1758860803713,0.0,0.0,3964.7
1758860803813,0.0,0.0,3964.7
1758860803913,0.0,0.0,3964.7
1758860804013,0.0,0.0,3964.7
1758860804113,0.0,0.0,3964.7
1758860804212,0.0,0.0,3964.7
1758860804313,0.0,0.0,3964.7
1758860804413,0.0,0.0,3964.7
1758860804513,0.0,0.0,3964.7
1758860804612,0.0,0.0,3964.7
1758860804713,0.0,0.0,3964.7
1758860804813,0.0,0.0,3964.7
1758860804912,0.0,0.0,3964.7
1758860805012,0.0,0.0,3964.7
1758860805112,0.0,0.0,3964.7
1758860805213,0.0,0.0,3964.7
1758860805312,0.0,0.0,3964.7
1758860805412,0.0,0.0,3964.7
1758860805513,0.0,0.0,3964.71
1758860805613,0.0,0.0,3964.71
1758860805712,0.0,0.0,3964.71
1758860805812,0.0,0.0,3964.71
1758860805912,0.0,0.0,3964.71
1758860806012,0.0,0.0,3964.71
1758860806112,0.0,0.0,3964.71
1758860806212,0.0,0.0,3964.71
1758860806312,0.0,0.0,3964.71
1758860806413,0.0,0.0,3964.71
1758860806513,0.0,0.0,3964.71
1758860806613,0.0,0.0,3964.71
1758860806713,0.0,0.0,3964.71
1758860806813,0.0,0.0,3964.71
1758860806913,0.0,0.0,3964.71
1758860807013,0.0,0.0,3964.71
1758860807113,0.0,0.0,3964.71
1758860807213,0.0,0.0,3964.71
1758860807413,0.0,0.0,3964.71
1758860807513,0.0,0.0,3964.71
1758860807612,0.0,0.0,3964.71
1758860807712,0.0,0.0,3964.71
1758860807812,0.0,0.0,3964.71
1758860807912,0.0,0.0,3964.71
1758860808013,0.0,0.0,3964.71
1758860808147,0.0,0.0,3964.71
1758860808215,0.0,0.0,3964.71
1758860808312,0.0,0.0,3964.71
1758860808413,0.0,0.0,3964.71
1758860808512,0.0,0.0,3964.71
1758860808612,0.0,0.0,3964.71
1758860808712,0.0,0.0,3964.71
1758860808812,0.0,0.0,3964.71
1758860808912,0.0,0.0,3964.71
1758860809013,0.0,0.0,3964.71
1758860809113,0.0,0.0,3964.71
1758860809213,0.0,0.0,3964.71
1758860809313,0.0,0.0,3964.71
1758860809413,0.0,0.0,3964.71
1758860809513,0.0,0.0,3964.7
1758860809613,0.0,0.0,3964.71
1758860809713,0.0,0.0,3964.7
1758860809813,0.0,0.0,3964.7
1758860809913,0.0,0.0,3964.7
1758860810013,0.0,0.0,3964.7
1758860810113,0.0,0.0,3964.7
1758860810213,0.0,0.0,3964.7
1758860810313,0.0,0.0,3964.7
1758860810413,0.0,0.0,3964.7
1758860810514,0.0,0.0,3964.7
1758860810613,0.0,0.0,3964.7
1758860810713,0.0,0.0,3964.7
1758860810812,0.0,0.0,3964.7
1758860810913,0.0,0.0,3964.7
1758860811013,0.0,0.0,3964.7
1758860811112,0.0,0.0,3964.7
1758860811213,0.0,0.0,3964.7
1758860811312,0.0,0.0,3964.7
1758860811412,0.0,0.0,3964.7
1758860811512,0.0,0.0,3964.7
1758860811612,0.0,0.0,3964.7
1758860811712,0.0,0.0,3964.7
1758860811812,0.0,0.0,3964.7
1758860811913,0.0,0.0,3964.69
1758860812013,0.0,0.0,3964.69
1758860812113,0.0,0.0,3964.52
1758860812213,0.0,0.0,3964.52
1758860812313,0.0,0.0,3964.52
1758860812413,0.0,0.0,3964.52
1758860812513,0.0,0.0,3964.52
1758860812613,0.0,0.0,3964.52
1758860812713,0.0,0.0,3964.52
1758860812813,0.0,0.0,3964.52
1758860812912,0.0,0.0,3964.52
1758860813013,0.0,0.0,3964.52
1758860813112,0.0,0.0,3964.52
1758860813227,0.0,0.0,3964.52
1758860813315,0.0,0.0,3964.5
1758860813413,0.0,0.0,3964.5
1758860813513,0.0,0.0,3964.5
1758860813613,0.0,0.0,3964.5
1758860813713,0.0,0.0,3964.5
1758860813813,0.0,0.0,3964.5
1758860813913,0.0,0.0,3964.5
1758860814013,0.0,0.0,3964.5
1758860814113,0.0,0.0,3964.5
1758860814213,0.0,0.0,3964.5
1758860814313,0.0,0.0,3964.5
1758860814413,0.0,0.0,3964.5
1758860814612,0.0,0.0,3964.5
1758860814713,0.0,0.0,3964.5
1758860814813,0.0,0.0,3964.5
1758860814912,0.0,0.0,3964.5
1758860815012,0.0,0.0,3964.5
1758860815113,0.0,0.0,3964.5
1758860815212,0.0,0.0,3964.5
1758860815312,0.0,0.0,3964.5
1758860815412,0.0,0.0,3964.5
1758860815513,0.0,0.0,3964.5
1758860815613,0.0,0.0,3964.5
1758860815713,0.0,0.0,3964.5
1758860815813,0.0,0.0,3964.5
1758860815913,0.0,0.0,3964.5
1758860816013,0.0,0.0,3964.5
1758860816113,0.0,0.0,3964.5
1758860816214,0.0,0.0,3964.5
1758860816313,0.0,0.0,3964.5
1758860816413,0.0,0.0,3964.5
1758860816513,0.0,0.0,3964.5
1758860816613,0.0,0.0,3964.5
1758860816713,0.0,0.0,3964.5
1758860816813,0.0,0.0,3964.5
1758860816913,0.0,0.0,3964.5
1758860817013,0.0,0.0,3964.5
1758860817112,0.0,0.0,3964.5
1758860817212,0.0,0.0,3964.5
1758860817312,0.0,0.0,3964.5
1758860817412,0.0,0.0,3964.5
1758860817512,0.0,0.0,3964.5
1758860817612,0.0,0.0,3964.5
1758860817713,0.0,0.0,3964.5
1758860817813,0.0,0.0,3964.5
1758860817913,0.0,0.0,3964.5
1758860818013,0.0,0.0,3964.5
1758860818113,0.0,0.0,3964.5
1758860818213,0.0,0.0,3964.5
1758860818315,0.0,0.0,3964.5
1758860818419,0.0,0.0,3964.5
1758860818513,0.0,0.0,3964.5
1758860818612,0.0,0.0,3964.5
1758860818713,0.0,0.0,3964.5
1758860818813,0.0,0.0,3964.5
1758860818913,0.0,0.0,3964.5
1758860819012,0.0,0.0,3964.5
1758860819113,0.0,0.0,3964.5
1758860819212,0.0,0.0,3964.5
1758860819313,0.0,0.0,3964.5
1758860819412,0.0,0.0,3964.5
1758860819513,0.0,0.0,3964.5
1758860819612,0.0,0.0,3964.5
1758860819712,0.0,0.0,3964.5
1758860819812,0.0,0.0,3964.5
1758860819912,0.0,0.0,3964.5
1758860820012,0.0,0.0,3964.5
1758860820112,0.0,0.0,3964.5
1758860820213,0.0,0.0,3964.5
1758860820312,0.0,0.0,3964.5
1758860820412,0.0,0.0,3964.5
1758860820512,0.0,0.0,3964.5
1758860820613,0.0,0.0,3964.5
1758860820713,0.0,0.0,3964.5
1758860820813,0.0,0.0,3964.5
1758860820913,0.0,0.0,3964.5
1758860821013,0.0,0.0,3964.5
1758860821113,0.0,0.0,3964.5
1758860821213,0.0,0.0,3964.5
1758860821313,0.0,0.0,3964.5
1758860821413,0.0,0.0,3964.5
1758860821514,0.0,0.0,3964.5
1758860821613,0.0,0.0,3964.5
1758860821713,0.0,0.0,3964.5
1758860821813,0.0,0.0,3964.5
1758860821913,0.0,0.0,3964.5
1758860822013,0.0,0.0,3964.5
1758860822113,0.0,0.0,3964.5
1758860822213,0.0,0.0,3964.5
1758860822313,0.0,0.0,3964.5
1758860822412,0.0,0.0,3964.5
1758860822513,0.0,0.0,3964.5
1758860822612,0.0,0.0,3964.5
1758860822712,0.0,0.0,3964.5
1758860822812,0.0,0.0,3964.5
1758860822912,0.0,0.0,3964.5
1758860823013,0.0,0.0,3964.5
1758860823112,0.0,0.0,3964.5
1758860823212,0.0,0.0,3964.5
1758860823313,0.0,0.0,3964.5
1758860823414,0.0,0.0,3964.5
1758860823513,0.0,0.0,3964.5
1758860823613,0.0,0.0,3964.5
1758860823713,0.0,0.0,3964.5
1758860823813,0.0,0.0,3964.5
1758860823913,0.0,0.0,3964.5
1758860824013,0.0,0.0,3964.5
1758860824113,0.0,0.0,3964.5
1758860824213,0.0,0.0,3964.5
1758860824313,0.0,0.0,3964.5
1758860824413,0.0,0.0,3964.5
1758860824513,0.0,0.0,3964.5
1758860824613,0.0,0.0,3964.5
1758860824713,0.0,0.0,3964.5
1758860824813,0.0,0.0,3964.5
1758860824913,0.0,0.0,3964.5
1758860825013,0.0,0.0,3964.5
1758860825113,0.0,0.0,3964.5
1758860825213,0.0,0.0,3964.5
1758860825313,0.0,0.0,3964.5
1758860825413,0.0,0.0,3964.5
1758860825514,0.0,0.0,3964.5
1758860825613,0.0,0.0,3964.5
1758860825712,0.0,0.0,3964.5
1758860825813,0.0,0.0,3964.5
1758860825912,0.0,0.0,3964.5
1758860826012,0.0,0.0,3964.5
1758860826113,0.0,0.0,3964.5
1758860826212,0.0,0.0,3964.5
1758860826313,0.0,0.0,3964.5
1758860826412,0.0,0.0,3964.51
1758860826513,0.0,0.0,3964.51
1758860826612,0.0,0.0,3964.51
1758860826712,0.0,0.0,3964.51
1758860826812,0.0,0.0,3964.51
1758860826912,0.0,0.0,3964.51
1758860827012,0.0,0.0,3964.51
1758860827112,0.0,0.0,3964.51
1758860827313,0.0,0.0,3964.51
1758860827413,0.0,0.0,3964.51
1758860827513,0.0,0.0,3964.51
1758860827613,0.0,0.0,3964.51
1758860827713,0.0,0.0,3964.51
1758860827813,0.0,0.0,3964.51
1758860827913,0.0,0.0,3964.51
1758860828013,0.0,0.0,3964.51
1758860828113,0.0,0.0,3964.6
1758860828213,0.0,0.0,3964.6
1758860828314,0.0,0.0,3965.1
1758860828439,0.0,0.0,3965.3
1758860828520,0.0,0.0,3965.3
1758860828613,0.0,0.0,3965.3
1758860828713,0.0,0.0,3965.3
1758860828813,0.0,0.0,3965.3
1758860828913,0.0,0.0,3965.7
1758860829013,0.0,0.0,3965.7
1758860829113,0.0,0.0,3965.7
1758860829213,0.0,0.0,3965.7
1758860829313,0.0,0.0,3965.7
1758860829413,0.0,0.0,3965.7
1758860829513,0.0,0.0,3965.7
1758860829613,0.0,0.0,3965.71
1758860829713,0.0,0.0,3965.71
1758860829813,0.0,0.0,3965.71
1758860829912,0.0,0.0,3965.71
1758860830014,0.0,0.0,3965.71
1758860830113,0.0,0.0,3965.89
1758860830213,0.0,0.0,3966.1
1758860830313,0.0,0.0,3966.24
1758860830413,0.0,0.0,3966.24
1758860830513,0.0,0.0,3966.24
1758860830627,0.0,0.0,3967.04
1758860830713,0.0,0.0,3967.04
1758860830813,0.0,0.0,3967.04
1758860830913,0.0,0.0,3967.04
1758860831013,0.0,0.0,3967.04
1758860831113,0.0,0.0,3967.04
1758860831213,0.0,0.0,3967.04
1758860831312,0.0,0.0,3967.04
1758860831413,0.0,0.0,3967.04
1758860831512,0.0,0.0,3967.04
1758860831613,0.0,0.0,3967.04
1758860831712,0.0,0.0,3967.04
1758860831812,0.0,0.0,3967.04
1758860831913,0.0,0.0,3967.04
1758860832013,0.0,0.0,3967.29
1758860832113,0.0,0.0,3967.5
1758860832219,0.0,0.0,3967.5
1758860832314,0.0,0.0,3967.5
1758860832414,0.0,0.0,3967.5
1758860832513,0.0,0.0,3967.5
1758860832613,0.0,0.0,3967.5
1758860832713,0.0,0.0,3967.5
1758860832813,0.0,0.0,3967.5
1758860832913,0.0,0.0,3967.5
1758860833013,0.0,0.0,3967.5
1758860833113,0.0,0.0,3967.5
1758860833213,0.0,0.0,3967.5
1758860833313,0.0,0.0,3967.5
1758860833413,0.0,0.0,3967.5
1758860833543,0.0,0.0,3967.5
1758860833613,0.0,0.0,3967.5
1758860833721,0.0,0.0,3967.5
1758860833813,0.0,0.0,3967.5
1758860833913,0.0,0.0,3967.5
1758860834013,0.0,0.0,3967.5
1758860834113,0.0,0.0,3968.0
1758860834213,0.0,0.0,3968.0
1758860834313,0.0,0.0,3968.0
1758860834413,0.0,0.0,3968.0
1758860834513,0.0,0.0,3968.0
1758860834612,0.0,0.0,3968.0
1758860834712,0.0,0.0,3968.0
1758860834813,0.0,0.0,3968.0
1758860834912,0.0,0.0,3967.99
1758860835012,0.0,0.0,3967.99
1758860835112,0.0,0.0,3967.99
1758860835212,0.0,0.0,3967.99
1758860835312,0.0,0.0,3967.99
1758860835413,0.0,0.0,3967.99
1758860835513,0.0,0.0,3967.99
1758860835613,0.0,0.0,3967.99
1758860835713,0.0,0.0,3967.99
1758860835812,0.0,0.0,3967.99
1758860835913,0.0,0.0,3967.99
1758860836013,0.0,0.0,3967.99
1758860836112,0.0,0.0,3967.99
1758860836213,0.0,0.0,3967.99
1758860836313,0.0,0.0,3967.99
1758860836412,0.0,0.0,3967.99
1758860836513,0.0,0.0,3967.99
1758860836612,0.0,0.0,3967.99
1758860836712,0.0,0.0,3967.99
1758860836812,0.0,0.0,3967.99
1758860836913,0.0,0.0,3967.99
1758860837012,0.0,0.0,3967.99
1758860837112,0.0,0.0,3967.9
1758860837219,0.0,0.0,3967.42
1758860837349,0.0,0.0,3967.15
1758860837424,0.0,0.0,3966.49
1758860837513,0.0,0.0,3966.49
1758860837613,0.0,0.0,3966.49
1758860837713,0.0,0.0,3966.49
1758860837813,0.0,0.0,3966.49
1758860837913,0.0,0.0,3966.49
1758860838013,0.0,0.0,3966.49
1758860838113,0.0,0.0,3966.49
1758860838213,0.0,0.0,3966.49
1758860838313,0.0,0.0,3966.49
1758860838413,0.0,0.0,3966.49
1758860838513,0.0,0.0,3966.4
1758860838618,0.0,0.0,3966.4
1758860838724,0.0,0.0,3966.31
1758860838815,0.0,0.0,3966.29
1758860838913,0.0,0.0,3966.29
1758860839012,0.0,0.0,3966.25
1758860839113,0.0,0.0,3966.24
1758860839212,0.0,0.0,3966.1
1758860839313,0.0,0.0,3966.1
1758860839413,0.0,0.0,3966.1
1758860839513,0.0,0.0,3966.1
1758860839613,0.0,0.0,3966.1
1758860839712,0.0,0.0,3965.73
1758860839813,0.0,0.0,3965.73
1758860839913,0.0,0.0,3965.73
1758860840013,0.0,0.0,3965.73
1758860840113,0.0,0.0,3965.73
1758860840213,0.0,0.0,3965.73
1758860840315,0.0,0.0,3965.7
1758860840413,0.0,0.0,3965.7
1758860840516,0.0,0.0,3965.7
1758860840613,0.0,0.0,3965.7
1758860840712,0.0,0.0,3965.7
1758860840814,0.0,0.0,3964.9
1758860840912,0.0,0.0,3964.9
1758860841013,0.0,0.0,3964.9
1758860841113,0.0,0.0,3964.9
1758860841213,0.0,0.0,3964.9
1758860841313,0.0,0.0,3964.9
1758860841414,0.0,0.0,3964.9
1758860841513,0.0,0.0,3964.71
1758860841613,0.0,0.0,3964.71
1758860841713,0.0,0.0,3964.71
1758860841814,0.0,0.0,3964.71
1758860841913,0.0,0.0,3964.71
1758860842013,0.0,0.0,3964.71
1758860842113,0.0,0.0,3964.71
1758860842212,0.0,0.0,3964.71
1758860842313,0.0,0.0,3964.71
1758860842413,0.0,0.0,3964.71
1758860842513,0.0,0.0,3964.71
1758860842613,0.0,0.0,3964.71
1758860842713,0.0,0.0,3964.71
1758860842813,0.0,0.0,3964.71
1758860842913,0.0,0.0,3964.72
1758860843013,0.0,0.0,3964.72
1758860843113,0.0,0.0,3964.72
1758860843213,0.0,0.0,3964.72
1758860843312,0.0,0.0,3964.72
1758860843412,0.0,0.0,3964.72
1758860843512,0.0,0.0,3964.72
1758860843613,0.0,0.0,3964.72
1758860843713,0.0,0.0,3964.72
1758860843813,0.0,0.0,3964.72
1758860843913,0.0,0.0,3964.72
1758860844013,0.0,0.0,3964.72
1758860844113,0.0,0.0,3964.72
1758860844213,0.0,0.0,3964.72
1758860844313,0.0,0.0,3964.72
1758860844413,0.0,0.0,3964.72
1758860844513,0.0,0.0,3964.72
1758860844613,0.0,0.0,3964.72
1758860844713,0.0,0.0,3964.72
1758860844813,0.0,0.0,3964.72
1758860844913,0.0,0.0,3964.72
1758860845013,0.0,0.0,3964.72
1758860845113,0.0,0.0,3964.72
1758860845213,0.0,0.0,3964.72
1758860845313,0.0,0.0,3964.72
1758860845413,0.0,0.0,3964.72
1758860845514,0.0,0.0,3964.72
1758860845612,0.0,0.0,3964.72
1758860845712,0.0,0.0,3964.72
1758860845813,0.0,0.0,3964.72
1758860845912,0.0,0.0,3964.72
1758860846012,0.0,0.0,3964.72
1758860846112,0.0,0.0,3964.72
1758860846213,0.0,0.0,3964.72
1758860846312,0.0,0.0,3964.72
1758860846412,0.0,0.0,3964.72
1758860846512,0.0,0.0,3964.72
1758860846613,0.0,0.0,3964.72
1758860846714,0.0,0.0,3964.72
1758860846813,0.0,0.0,3964.72
1758860846913,0.0,0.0,3964.72
1758860847013,0.0,0.0,3964.72
1758860847113,0.0,0.0,3964.72
1758860847213,0.0,0.0,3964.72
1758860847313,0.0,0.0,3964.72
1758860847413,0.0,0.0,3964.72
1758860847513,0.0,0.0,3964.72
1758860847614,0.0,0.0,3964.72
1758860847713,0.0,0.0,3964.72
1758860847813,0.0,0.0,3964.72
1758860847913,0.0,0.0,3964.72
1758860848013,0.0,0.0,3964.72
1758860848113,0.0,0.0,3964.72
1758860848213,0.0,0.0,3964.72
1758860848313,0.0,0.0,3964.72
1758860848413,0.0,0.0,3964.72
1758860848513,0.0,0.0,3964.72
1758860848613,0.0,0.0,3964.72
1758860848764,0.0,0.0,3964.72
1758860848822,0.0,0.0,3964.72
1758860848912,0.0,0.0,3964.72
1758860849012,0.0,0.0,3964.72
1758860849112,0.0,0.0,3964.72
1758860849213,0.0,0.0,3964.72
1758860849313,0.0,0.0,3964.72
1758860849414,0.0,0.0,3964.71
1758860849513,0.0,0.0,3964.71
1758860849613,0.0,0.0,3964.71
1758860849713,0.0,0.0,3964.71
1758860849813,0.0,0.0,3964.71
1758860849913,0.0,0.0,3964.71
1758860850013,0.0,0.0,3964.65
1758860850113,0.0,0.0,3964.64
1758860850213,0.0,0.0,3964.64
1758860850313,0.0,0.0,3964.64
1758860850414,0.0,0.0,3964.64
1758860850513,0.0,0.0,3964.64
1758860850613,0.0,0.0,3964.64
1758860850713,0.0,0.0,3964.64
1758860850813,0.0,0.0,3964.64
1758860850913,0.0,0.0,3964.64
1758860851013,0.0,0.0,3964.64
1758860851113,0.0,0.0,3964.64
1758860851213,0.0,0.0,3964.64
1758860851313,0.0,0.0,3964.64
1758860851412,0.0,0.0,3964.64
1758860851513,0.0,0.0,3964.64
1758860851613,0.0,0.0,3964.64
1758860851713,0.0,0.0,3964.64
1758860851813,0.0,0.0,3964.64
1758860851912,0.0,0.0,3964.64
1758860852012,0.0,0.0,3964.64
1758860852113,0.0,0.0,3964.64
1758860852212,0.0,0.0,3964.64
1758860852313,0.0,0.0,3964.64
1758860852413,0.0,0.0,3964.64
1758860852513,0.0,0.0,3964.64
1758860852613,0.0,0.0,3964.64
1758860852713,0.0,0.0,3964.64
1758860852813,0.0,0.0,3964.64
1758860852913,0.0,0.0,3964.64
1758860853012,0.0,0.0,3964.64
1758860853113,0.0,0.0,3964.64
1758860853213,0.0,0.0,3964.64
1758860853313,0.0,0.0,3964.64
1758860853414,0.0,0.0,3964.64
1758860853513,0.0,0.0,3964.64
1758860853613,0.0,0.0,3964.64
1758860853713,0.0,0.0,3964.64
1758860853841,0.0,0.0,3964.64
1758860853918,0.0,0.0,3964.64
1758860854014,0.0,0.0,3964.64
1758860854113,0.0,0.0,3964.64
1758860854213,0.0,0.0,3964.64
1758860854313,0.0,0.0,3964.64
1758860854412,0.0,0.0,3964.64
1758860854513,0.0,0.0,3964.64
1758860854613,0.0,0.0,3964.64
1758860854713,0.0,0.0,3964.64
1758860854813,0.0,0.0,3964.64
1758860854913,0.0,0.0,3964.64
1758860855013,0.0,0.0,3964.64
1758860855113,0.0,0.0,3964.64
1758860855213,0.0,0.0,3964.64
1758860855313,0.0,0.0,3964.64
1758860855414,0.0,0.0,3964.64
1758860855513,0.0,0.0,3964.64
1758860855614,0.0,0.0,3964.64
1758860855713,0.0,0.0,3964.64
1758860855813,0.0,0.0,3964.64
1758860855913,0.0,0.0,3964.64
1758860856013,0.0,0.0,3964.64
1758860856113,0.0,0.0,3964.64
1758860856213,0.0,0.0,3964.64
1758860856313,0.0,0.0,3964.64
1758860856413,0.0,0.0,3964.64
1758860856513,0.0,0.0,3964.64
1758860856613,0.0,0.0,3964.64
1758860856713,0.0,0.0,3964.64
1758860856813,0.0,0.0,3964.64
1758860856913,0.0,0.0,3964.64
1758860857012,0.0,0.0,3964.64
1758860857113,0.0,0.0,3964.64
1758860857213,0.0,0.0,3964.64
1758860857313,0.0,0.0,3964.64
1758860857413,0.0,0.0,3964.64
1758860857512,0.0,0.0,3964.64
1758860857613,0.0,0.0,3964.64
1758860857713,0.0,0.0,3964.64
1758860857813,0.0,0.0,3964.64
1758860857912,0.0,0.0,3964.64
1758860858013,0.0,0.0,3964.64
1758860858112,0.0,0.0,3964.64
1758860858212,0.0,0.0,3964.64
1758860858313,0.0,0.0,3964.64
1758860858413,0.0,0.0,3964.64
1758860858512,0.0,0.0,3964.64
1758860858613,0.0,0.0,3964.64
1758860858712,0.0,0.0,3964.64
1758860858813,0.0,0.0,3964.64
1758860858915,0.0,0.0,3964.64
1758860859015,0.0,0.0,3964.64
1758860859113,0.0,0.0,3964.64
1758860859214,0.0,0.0,3964.64
1758860859314,0.0,0.0,3964.64
1758860859413,0.0,0.0,3964.64
1758860859514,0.0,0.0,3964.64
1758860859613,0.0,0.0,3964.64
1758860859713,0.0,0.0,3964.64
1758860859813,0.0,0.0,3964.64
1758860859913,0.0,0.0,3964.64
1758860860013,0.0,0.0,3964.64
1758860860113,0.0,0.0,3964.64
1758860860213,0.0,0.0,3964.64
1758860860313,0.0,0.0,3964.64
1758860860413,0.0,0.0,3964.64
1758860860513,0.0,0.0,3964.64
1758860860613,0.0,0.0,3964.64
1758860860738,0.0,0.0,3964.5
1758860860818,0.0,0.0,3964.11
1758860860913,0.0,0.0,3964.07
1758860861013,0.0,0.0,3964.07
1758860861113,0.0,0.0,3964.07
1758860861213,0.0,0.0,3964.07
1758860861313,0.0,0.0,3964.07
1758860861413,0.0,0.0,3964.07
1758860861513,0.0,0.0,3964.07
1758860861612,0.0,0.0,3964.07
1758860861712,0.0,0.0,3964.07
1758860861813,0.0,0.0,3964.07
1758860861913,0.0,0.0,3964.07
1758860862012,0.0,0.0,3964.07
1758860862113,0.0,0.0,3964.07
1758860862213,0.0,0.0,3964.07
1758860862313,0.0,0.0,3964.07
1758860862414,0.0,0.0,3964.07
1758860862514,0.0,0.0,3964.07
1758860862614,0.0,0.0,3964.07
1758860862713,0.0,0.0,3964.08
1758860862814,0.0,0.0,3964.27
1758860862913,0.0,0.0,3964.27
1758860863013,0.0,0.0,3964.27
1758860863113,0.0,0.0,3964.27
1758860863213,0.0,0.0,3964.27
1758860863313,0.0,0.0,3964.27
1758860863414,0.0,0.0,3964.27
1758860863513,0.0,0.0,3964.27
1758860863613,0.0,0.0,3964.27
1758860863713,0.0,0.0,3964.27
1758860863813,0.0,0.0,3964.35
1758860863913,0.0,0.0,3964.35
1758860864016,0.0,0.0,3964.35
1758860864113,0.0,0.0,3964.35
1758860864212,0.0,0.0,3964.35
1758860864313,0.0,0.0,3964.35
1758860864413,0.0,0.0,3964.35
1758860864513,0.0,0.0,3964.35
1758860864613,0.0,0.0,3964.35
1758860864713,0.0,0.0,3964.35
1758860864813,0.0,0.0,3964.35
1758860864913,0.0,0.0,3964.35
1758860865013,0.0,0.0,3964.35
1758860865114,0.0,0.0,3964.35
1758860865213,0.0,0.0,3964.35
1758860865313,0.0,0.0,3964.35
1758860865414,0.0,0.0,3964.35
1758860865513,0.0,0.0,3964.46
1758860865613,0.0,0.0,3964.46
1758860865713,0.0,0.0,3964.46
1758860865813,0.0,0.0,3964.46
1758860865913,0.0,0.0,3964.46
1758860866013,0.0,0.0,3964.46
1758860866113,0.0,0.0,3964.46
1758860866213,0.0,0.0,3964.46
1758860866313,0.0,0.0,3964.46
1758860866413,0.0,0.0,3964.46
1758860866513,0.0,0.0,3964.46
1758860866612,0.0,0.0,3964.46
1758860866713,0.0,0.0,3964.47
1758860866813,0.0,0.0,3964.47
1758860866914,0.0,0.0,3964.47
1758860867013,0.0,0.0,3964.47
1758860867113,0.0,0.0,3964.47
1758860867214,0.0,0.0,3964.47
1758860867313,0.0,0.0,3964.47
1758860867414,0.0,0.0,3964.47
1758860867514,0.0,0.0,3964.47
1758860867613,0.0,0.0,3964.47
1758860867714,0.0,0.0,3964.47
1758860867813,0.0,0.0,3964.47
1758860867914,0.0,0.0,3964.47
1758860868013,0.0,0.0,3964.47
1758860868114,0.0,0.0,3964.47
1758860868213,0.0,0.0,3964.46
1758860868313,0.0,0.0,3964.46
1758860868413,0.0,0.0,3964.46
1758860868513,0.0,0.0,3964.46
1758860868614,0.0,0.0,3964.46
1758860868713,0.0,0.0,3964.46
1758860868813,0.0,0.0,3964.46
1758860868913,0.0,0.0,3964.46
1758860869023,0.0,0.0,3964.46
1758860869113,0.0,0.0,3964.46
1758860869213,0.0,0.0,3964.46
1758860869313,0.0,0.0,3964.46
1758860869413,0.0,0.0,3964.46
1758860869513,0.0,0.0,3964.46
1758860869613,0.0,0.0,3964.46
1758860869712,0.0,0.0,3964.46
1758860869813,0.0,0.0,3964.46
1758860869913,0.0,0.0,3964.46
1758860870013,0.0,0.0,3964.46
1758860870113,0.0,0.0,3964.46
1758860870212,0.0,0.0,3964.46
1758860870313,0.0,0.0,3964.46
1758860870413,0.0,0.0,3964.46
1758860870514,0.0,0.0,3964.46
1758860870613,0.0,0.0,3964.46
1758860870714,0.0,0.0,3964.46
1758860870813,0.0,0.0,3964.46
1758860870914,0.0,0.0,3964.46
1758860871013,0.0,0.0,3964.46
1758860871113,0.0,0.0,3964.46
1758860871214,0.0,0.0,3964.46
1758860871313,0.0,0.0,3964.46
1758860871413,0.0,0.0,3964.46
1758860871514,0.0,0.0,3964.46
1758860871613,0.0,0.0,3964.46
1758860871713,0.0,0.0,3964.46
1758860871813,0.0,0.0,3964.46
1758860871913,0.0,0.0,3964.46
1758860872014,0.0,0.0,3964.46
1758860872113,0.0,0.0,3964.47
1758860872213,0.0,0.0,3964.47
1758860872313,0.0,0.0,3964.47
1758860872413,0.0,0.0,3964.47
1758860872513,0.0,0.0,3964.47
1758860872613,0.0,0.0,3964.47
1758860872713,0.0,0.0,3964.47
1758860872813,0.0,0.0,3964.47
1758860872913,0.0,0.0,3964.47
1758860873013,0.0,0.0,3964.47
1758860873113,0.0,0.0,3964.47
1758860873313,0.0,0.0,3964.47
1758860873413,0.0,0.0,3964.47
1758860873513,0.0,0.0,3964.47
1758860873613,0.0,0.0,3964.47
1758860873713,0.0,0.0,3964.47
1758860873813,0.0,0.0,3964.47
1758860873913,0.0,0.0,3964.51
1758860874013,0.0,0.0,3964.66
1758860874154,0.0,0.0,3964.66
1758860874213,0.0,0.0,3964.66
1758860874313,0.0,0.0,3964.66
1758860874413,0.0,0.0,3964.66
1758860874513,0.0,0.0,3964.66
1758860874613,0.0,0.0,3964.66
1758860874713,0.0,0.0,3964.66
1758860874812,0.0,0.0,3964.66
1758860874913,0.0,0.0,3964.66
1758860875013,0.0,0.0,3964.66
1758860875113,0.0,0.0,3964.66
1758860875212,0.0,0.0,3964.66
1758860875314,0.0,0.0,3964.66
1758860875413,0.0,0.0,3964.66
1758860875513,0.0,0.0,3964.66
1758860875614,0.0,0.0,3964.9
1758860875713,0.0,0.0,3965.01
1758860875814,0.0,0.0,3965.01
1758860875913,0.0,0.0,3965.01
1758860876013,0.0,0.0,3965.01
1758860876113,0.0,0.0,3965.14
1758860876213,0.0,0.0,3965.14
1758860876313,0.0,0.0,3965.14
1758860876413,0.0,0.0,3965.14
1758860876513,0.0,0.0,3965.14
1758860876613,0.0,0.0,3965.14
1758860876713,0.0,0.0,3965.14
1758860876813,0.0,0.0,3965.14
1758860876913,0.0,0.0,3965.14
1758860877013,0.0,0.0,3965.14
1758860877113,0.0,0.0,3965.14
1758860877213,0.0,0.0,3965.14
1758860877312,0.0,0.0,3965.14
1758860877413,0.0,0.0,3965.14
1758860877513,0.0,0.0,3965.14
1758860877613,0.0,0.0,3965.25
1758860877714,0.0,0.0,3965.25
1758860877814,0.0,0.0,3965.25
1758860877913,0.0,0.0,3965.25
1758860878013,0.0,0.0,3965.25
1758860878113,0.0,0.0,3965.25
1758860878213,0.0,0.0,3965.25
1758860878313,0.0,0.0,3965.25
1758860878413,0.0,0.0,3965.25
1758860878513,0.0,0.0,3965.25
1758860878612,0.0,0.0,3965.25
1758860878712,0.0,0.0,3965.25
1758860878813,0.0,0.0,3965.25
1758860878914,0.0,0.0,3965.25
1758860879013,0.0,0.0,3965.25
1758860879113,0.0,0.0,3965.25
1758860879231,0.0,0.0,3965.25
1758860879314,0.0,0.0,3965.25
1758860879414,0.0,0.0,3965.25
1758860879514,0.0,0.0,3965.25
1758860879613,0.0,0.0,3965.25
1758860879713,0.0,0.0,3964.86
1758860879813,0.0,0.0,3964.54
1758860879914,0.0,0.0,3964.54
1758860880013,0.0,0.0,3964.54
1758860880114,0.0,0.0,3964.54
1758860880213,0.0,0.0,3964.54
1758860880313,0.0,0.0,3964.54
1758860880413,0.0,0.0,3964.54
1758860880514,0.0,0.0,3964.54
1758860880613,0.0,0.0,3964.54
1758860880713,0.0,0.0,3964.54
1758860880813,0.0,0.0,3964.53
1758860880913,0.0,0.0,3964.53
1758860881013,0.0,0.0,3964.53
1758860881113,0.0,0.0,3964.53
1758860881213,0.0,0.0,3964.53
1758860881313,0.0,0.0,3964.53
1758860881413,0.0,0.0,3964.53
1758860881513,0.0,0.0,3964.53
1758860881613,0.0,0.0,3964.53
1758860881713,0.0,0.0,3964.53
1758860881813,0.0,0.0,3964.53
1758860881913,0.0,0.0,3964.52
1758860882013,0.0,0.0,3964.52
1758860882113,0.0,0.0,3964.45
1758860882213,0.0,0.0,3964.45
1758860882313,0.0,0.0,3964.45
1758860882413,0.0,0.0,3964.45
1758860882513,0.0,0.0,3964.45
1758860882613,0.0,0.0,3964.45
1758860882713,0.0,0.0,3964.45
1758860882813,0.0,0.0,3964.45
1758860882913,0.0,0.0,3964.45
1758860883013,0.0,0.0,3964.45
1758860883113,0.0,0.0,3964.45
1758860883213,0.0,0.0,3964.45
1758860883313,0.0,0.0,3964.45
1758860883413,0.0,0.0,3964.45
1758860883513,0.0,0.0,3964.45
1758860883613,0.0,0.0,3964.45
1758860883712,0.0,0.0,3964.45
1758860883813,0.0,0.0,3964.45
1758860883912,0.0,0.0,3964.45
1758860884013,0.0,0.0,3964.45
1758860884112,0.0,0.0,3964.45
1758860884214,0.0,0.0,3964.45
1758860884324,0.0,0.0,3964.45
1758860884415,0.0,0.0,3964.45
1758860884514,0.0,0.0,3964.45
1758860884614,0.0,0.0,3964.45
1758860884713,0.0,0.0,3964.45
1758860884814,0.0,0.0,3964.45
1758860884913,0.0,0.0,3964.45
1758860885013,0.0,0.0,3964.45
1758860885113,0.0,0.0,3964.45
1758860885214,0.0,0.0,3964.45
1758860885313,0.0,0.0,3964.45
1758860885413,0.0,0.0,3964.45
1758860885513,0.0,0.0,3964.45
1758860885613,0.0,0.0,3964.45
1758860885713,0.0,0.0,3964.45
1758860885813,0.0,0.0,3964.45
1758860885913,0.0,0.0,3964.45
1758860886013,0.0,0.0,3964.45
1758860886113,0.0,0.0,3964.45
1758860886213,0.0,0.0,3964.45
1758860886312,0.0,0.0,3964.45
1758860886413,0.0,0.0,3964.45
1758860886513,0.0,0.0,3964.45
1758860886613,0.0,0.0,3964.45
1758860886714,0.0,0.0,3964.45
1758860886812,0.0,0.0,3964.45
1758860886913,0.0,0.0,3964.45
1758860887014,0.0,0.0,3964.45
1758860887114,0.0,0.0,3964.45
1758860887214,0.0,0.0,3964.45
1758860887313,0.0,0.0,3964.45
1758860887414,0.0,0.0,3964.45
1758860887513,0.0,0.0,3964.45
1758860887613,0.0,0.0,3964.45
1758860887713,0.0,0.0,3964.45
1758860887813,0.0,0.0,3964.45
1758860887913,0.0,0.0,3964.45
1758860888014,0.0,0.0,3964.45
1758860888113,0.0,0.0,3964.45
1758860888213,0.0,0.0,3964.45
1758860888313,0.0,0.0,3964.45
1758860888413,0.0,0.0,3964.45
1758860888513,0.0,0.0,3964.45
1758860888613,0.0,0.0,3964.45
1758860888713,0.0,0.0,3964.45
1758860888813,0.0,0.0,3964.45
1758860888913,0.0,0.0,3964.45
1758860889013,0.0,0.0,3964.45
1758860889113,0.0,0.0,3964.45
1758860889213,0.0,0.0,3964.45
1758860889313,0.0,0.0,3964.45
1758860889417,0.0,0.0,3964.45
1758860889513,0.0,0.0,3964.45
1758860889613,0.0,0.0,3964.45
1758860889713,0.0,0.0,3964.45
1758860889813,0.0,0.0,3964.45
1758860889913,0.0,0.0,3964.45
1758860890013,0.0,0.0,3964.45
1758860890113,0.0,0.0,3964.45
1758860890214,0.0,0.0,3964.45
1758860890314,0.0,0.0,3964.45
1758860890414,0.0,0.0,3964.45
1758860890513,0.0,0.0,3964.45
1758860890614,0.0,0.0,3964.45
1758860890713,0.0,0.0,3964.45
1758860890814,0.0,0.0,3964.45
1758860890914,0.0,0.0,3964.45
1758860891013,0.0,0.0,3964.45
1758860891113,0.0,0.0,3964.46
1758860891213,0.0,0.0,3964.46
1758860891313,0.0,0.0,3964.46
1758860891413,0.0,0.0,3964.46
1758860891514,0.0,0.0,3964.46
1758860891614,0.0,0.0,3964.46
1758860891713,0.0,0.0,3964.46
1758860891813,0.0,0.0,3964.46
1758860891913,0.0,0.0,3964.46
1758860892013,0.0,0.0,3964.46
1758860892113,0.0,0.0,3964.46
1758860892214,0.0,0.0,3964.46
1758860892314,0.0,0.0,3964.46
1758860892413,0.0,0.0,3964.46
1758860892514,0.0,0.0,3964.46
1758860892613,0.0,0.0,3964.46
1758860892713,0.0,0.0,3964.46
1758860892813,0.0,0.0,3964.46
1758860892913,0.0,0.0,3964.46
1758860893013,0.0,0.0,3964.46
1758860893113,0.0,0.0,3964.46
1758860893213,0.0,0.0,3964.46
1758860893313,0.0,0.0,3964.46
1758860893413,0.0,0.0,3964.46
1758860893513,0.0,0.0,3964.46
1758860893613,0.0,0.0,3964.46
1758860893713,0.0,0.0,3964.46
1758860893813,0.0,0.0,3964.46
1758860893913,0.0,0.0,3964.46
1758860894013,0.0,0.0,3964.46
1758860894113,0.0,0.0,3964.55
1758860894213,0.0,0.0,3964.61
1758860894312,0.0,0.0,3964.61
1758860894449,0.0,0.0,3964.61
1758860894526,0.0,0.0,3964.61
1758860894613,0.0,0.0,3964.61
1758860894713,0.0,0.0,3964.61
1758860894813,0.0,0.0,3964.61
1758860894913,0.0,0.0,3964.61
1758860895012,0.0,0.0,3964.61
1758860895113,0.0,0.0,3964.61
1758860895212,0.0,0.0,3964.61
1758860895313,0.0,0.0,3964.71
1758860895413,0.0,0.0,3964.71
1758860895513,0.0,0.0,3964.71
1758860895612,0.0,0.0,3964.71
1758860895713,0.0,0.0,3964.71
1758860895813,0.0,0.0,3964.71
1758860895914,0.0,0.0,3964.71
1758860896013,0.0,0.0,3964.71
1758860896113,0.0,0.0,3964.71
1758860896214,0.0,0.0,3964.71
1758860896313,0.0,0.0,3964.71
1758860896414,0.0,0.0,3964.71
1758860896513,0.0,0.0,3964.71
1758860896614,0.0,0.0,3964.71
1758860896713,0.0,0.0,3964.71
1758860896813,0.0,0.0,3964.71
1758860896913,0.0,0.0,3964.71
1758860897013,0.0,0.0,3964.71
1758860897113,0.0,0.0,3964.71
1758860897213,0.0,0.0,3964.71
1758860897313,0.0,0.0,3964.6
1758860897413,0.0,0.0,3964.6
1758860897513,0.0,0.0,3964.59
1758860897613,0.0,0.0,3964.59
1758860897713,0.0,0.0,3964.59
1758860897813,0.0,0.0,3964.59
1758860897913,0.0,0.0,3964.59
1758860898013,0.0,0.0,3964.59
1758860898113,0.0,0.0,3964.59
1758860898213,0.0,0.0,3964.59
1758860898313,0.0,0.0,3964.59
1758860898413,0.0,0.0,3964.59
1758860898513,0.0,0.0,3964.59
1758860898613,0.0,0.0,3964.59
1758860898713,0.0,0.0,3964.59
1758860898813,0.0,0.0,3964.59
1758860898913,0.0,0.0,3964.59
1758860899013,0.0,0.0,3964.59
1758860899113,0.0,0.0,3964.59
1758860899213,0.0,0.0,3964.59
1758860899313,0.0,0.0,3964.59
1758860899414,0.0,0.0,3964.59
1758860899540,0.0,0.0,3964.59
1758860899615,0.0,0.0,3964.59
1758860899714,0.0,0.0,3964.59
1758860899814,0.0,0.0,3964.59
1758860899914,0.0,0.0,3964.59
1758860900014,0.0,0.0,3964.59
1758860900114,0.0,0.0,3964.59
1758860900214,0.0,0.0,3964.59
1758860900313,0.0,0.0,3964.59
1758860900414,0.0,0.0,3964.59
1758860900513,0.0,0.0,3964.59
1758860900613,0.0,0.0,3964.59
1758860900714,0.0,0.0,3964.59
1758860900813,0.0,0.0,3964.59
1758860900914,0.0,0.0,3964.59
1758860901013,0.0,0.0,3964.59
1758860901113,0.0,0.0,3964.59
1758860901213,0.0,0.0,3964.59
1758860901413,0.0,0.0,3964.59
1758860901513,0.0,0.0,3964.59
1758860901613,0.0,0.0,3964.59
1758860901713,0.0,0.0,3964.59
1758860901814,0.0,0.0,3964.59
1758860901913,0.0,0.0,3964.59
1758860902013,0.0,0.0,3964.59
1758860902113,0.0,0.0,3964.59
1758860902214,0.0,0.0,3964.91
1758860902313,0.0,0.0,3964.99
1758860902413,0.0,0.0,3965.01
1758860902513,0.0,0.0,3965.01
1758860902613,0.0,0.0,3965.1
1758860902713,0.0,0.0,3965.1
1758860902813,0.0,0.0,3965.2
1758860902913,0.0,0.0,3965.2
1758860903013,0.0,0.0,3965.2
1758860903113,0.0,0.0,3965.2
1758860903213,0.0,0.0,3965.2
1758860903313,0.0,0.0,3965.2
1758860903413,0.0,0.0,3965.2
1758860903513,0.0,0.0,3965.2
1758860903613,0.0,0.0,3965.2
1758860903713,0.0,0.0,3965.2
1758860903814,0.0,0.0,3965.2
1758860903914,0.0,0.0,3965.2
1758860904014,0.0,0.0,3965.2
1758860904113,0.0,0.0,3965.2
1758860904214,0.0,0.0,3965.2
1758860904314,0.0,0.0,3965.2
1758860904415,0.0,0.0,3965.2
1758860904513,0.0,0.0,3965.48
1758860904621,0.0,0.0,3965.48
1758860904714,0.0,0.0,3965.48
1758860904814,0.0,0.0,3965.48
1758860904914,0.0,0.0,3965.48
1758860905013,0.0,0.0,3965.48
1758860905114,0.0,0.0,3965.48
1758860905213,0.0,0.0,3965.48
1758860905314,0.0,0.0,3965.48
1758860905414,0.0,0.0,3965.48
1758860905514,0.0,0.0,3965.48
1758860905613,0.0,0.0,3965.48
1758860905713,0.0,0.0,3965.48
1758860905814,0.0,0.0,3965.48
1758860905913,0.0,0.0,3965.48
1758860906013,0.0,0.0,3965.48
1758860906113,0.0,0.0,3965.48
1758860906213,0.0,0.0,3965.48
1758860906314,0.0,0.0,3965.48
1758860906413,0.0,0.0,3965.48
1758860906513,0.0,0.0,3965.48
1758860906613,0.0,0.0,3965.48
1758860906713,0.0,0.0,3965.48
1758860906813,0.0,0.0,3965.48
1758860906913,0.0,0.0,3965.48
1758860907013,0.0,0.0,3965.48
1758860907113,0.0,0.0,3965.48
1758860907213,0.0,0.0,3965.48
1758860907413,0.0,0.0,3965.48
1758860907513,0.0,0.0,3965.48
1758860907613,0.0,0.0,3965.48
1758860907713,0.0,0.0,3965.48
1758860907814,0.0,0.0,3965.58
1758860907914,0.0,0.0,3965.58
1758860908014,0.0,0.0,3965.58
1758860908114,0.0,0.0,3965.58
1758860908214,0.0,0.0,3965.58
1758860908313,0.0,0.0,3965.58
1758860908413,0.0,0.0,3965.58
1758860908514,0.0,0.0,3965.58
1758860908613,0.0,0.0,3965.58
1758860908713,0.0,0.0,3965.58
1758860908813,0.0,0.0,3965.58
1758860908913,0.0,0.0,3965.58
1758860909013,0.0,0.0,3965.58
1758860909113,0.0,0.0,3965.58
1758860909213,0.0,0.0,3965.58
1758860909313,0.0,0.0,3965.58
1758860909414,0.0,0.0,3965.58
1758860909513,0.0,0.0,3965.58
1758860909613,0.0,0.0,3965.58
1758860909734,0.0,0.0,3965.58
1758860909834,0.0,0.0,3965.58
1758860909918,0.0,0.0,3965.58
1758860910013,0.0,0.0,3965.58
1758860910113,0.0,0.0,3965.58
1758860910213,0.0,0.0,3965.58
1758860910313,0.0,0.0,3965.58
1758860910413,0.0,0.0,3965.58
1758860910513,0.0,0.0,3965.58
1758860910613,0.0,0.0,3965.58
1758860910713,0.0,0.0,3965.58
1758860910813,0.0,0.0,3965.58
1758860910913,0.0,0.0,3965.58
1758860911013,0.0,0.0,3965.58
1758860911113,0.0,0.0,3965.58
1758860911213,0.0,0.0,3965.58
1758860911313,0.0,0.0,3965.58
1758860911412,0.0,0.0,3965.58
1758860911513,0.0,0.0,3965.58
1758860911614,0.0,0.0,3965.58
1758860911714,0.0,0.0,3965.58
1758860911814,0.0,0.0,3965.58
1758860911914,0.0,0.0,3965.58
1758860912014,0.0,0.0,3965.58
1758860912114,0.0,0.0,3965.58
1758860912214,0.0,0.0,3965.58
1758860912314,0.0,0.0,3965.58
1758860912413,0.0,0.0,3965.58
1758860912514,0.0,0.0,3965.58
1758860912613,0.0,0.0,3965.58
1758860912714,0.0,0.0,3965.58
1758860912814,0.0,0.0,3965.58
1758860912914,0.0,0.0,3965.58
1758860913013,0.0,0.0,3965.58
1758860913113,0.0,0.0,3965.58
1758860913214,0.0,0.0,3965.58
1758860913313,0.0,0.0,3965.58
1758860913414,0.0,0.0,3965.58
1758860913513,0.0,0.0,3965.58
1758860913614,0.0,0.0,3965.58
1758860913714,0.0,0.0,3965.58
1758860913814,0.0,0.0,3965.58
1758860913913,0.0,0.0,3965.58
1758860914013,0.0,0.0,3965.58
1758860914113,0.0,0.0,3965.58
1758860914213,0.0,0.0,3965.58
1758860914313,0.0,0.0,3965.58
1758860914414,0.0,0.0,3965.58
1758860914513,0.0,0.0,3965.58
1758860914614,0.0,0.0,3965.58
1758860914713,0.0,0.0,3965.58
1758860914916,0.0,0.0,3965.57
1758860915013,0.0,0.0,3965.57
1758860915113,0.0,0.0,3965.57
1758860915213,0.0,0.0,3965.57
1758860915313,0.0,0.0,3965.57
1758860915414,0.0,0.0,3965.97
1758860915513,0.0,0.0,3965.97
1758860915612,0.0,0.0,3965.97
1758860915714,0.0,0.0,3965.97
1758860915814,0.0,0.0,3965.97
1758860915913,0.0,0.0,3965.97
1758860916014,0.0,0.0,3965.97
1758860916113,0.0,0.0,3965.97
1758860916214,0.0,0.0,3965.97
1758860916313,0.0,0.0,3965.97
1758860916414,0.0,0.0,3965.97
1758860916514,0.0,0.0,3965.97
1758860916613,0.0,0.0,3965.97
1758860916713,0.0,0.0,3965.97
1758860916813,0.0,0.0,3965.97
1758860916914,0.0,0.0,3965.97
1758860917013,0.0,0.0,3965.97
1758860917113,0.0,0.0,3966.09
1758860917313,0.0,0.0,3966.09
1758860917413,0.0,0.0,3966.09
1758860917513,0.0,0.0,3966.09
1758860917613,0.0,0.0,3966.09
1758860917713,0.0,0.0,3966.09
1758860917814,0.0,0.0,3966.09
1758860917913,0.0,0.0,3966.09
1758860918013,0.0,0.0,3966.09
1758860918113,0.0,0.0,3966.09
1758860918213,0.0,0.0,3966.09
1758860918313,0.0,0.0,3966.09
1758860918413,0.0,0.0,3966.09
1758860918513,0.0,0.0,3966.09
1758860918613,0.0,0.0,3966.09
1758860918714,0.0,0.0,3966.09
1758860918813,0.0,0.0,3966.09
1758860918913,0.0,0.0,3966.09
1758860919013,0.0,0.0,3966.09
1758860919113,0.0,0.0,3966.09
1758860919216,0.0,0.0,3966.09
1758860919313,0.0,0.0,3966.09
1758860919414,0.0,0.0,3966.09
1758860919514,0.0,0.0,3966.09
1758860919614,0.0,0.0,3966.09
1758860919714,0.0,0.0,3966.09
1758860919814,0.0,0.0,3966.09
1758860919934,0.0,0.0,3966.09
1758860920023,0.0,0.0,3966.09
1758860920114,0.0,0.0,3966.09
1758860920214,0.0,0.0,3966.09
1758860920313,0.0,0.0,3966.09
1758860920413,0.0,0.0,3966.09
1758860920513,0.0,0.0,3966.09
1758860920613,0.0,0.0,3966.09
1758860920713,0.0,0.0,3966.09
1758860920814,0.0,0.0,3966.09
1758860920913,0.0,0.0,3966.09
1758860921013,0.0,0.0,3966.09
1758860921113,0.0,0.0,3966.09
1758860921213,0.0,0.0,3966.09
1758860921313,0.0,0.0,3966.09
1758860921413,0.0,0.0,3966.09
1758860921513,0.0,0.0,3966.09
1758860921613,0.0,0.0,3966.09
1758860921713,0.0,0.0,3966.09
1758860921813,0.0,0.0,3966.09
1758860921914,0.0,0.0,3966.1
1758860922014,0.0,0.0,3966.1
1758860922114,0.0,0.0,3966.1
1758860922214,0.0,0.0,3966.1
1758860922314,0.0,0.0,3966.1
1758860922413,0.0,0.0,3966.1
1758860922514,0.0,0.0,3966.1
1758860922614,0.0,0.0,3966.1
1758860922714,0.0,0.0,3966.1
1758860922814,0.0,0.0,3966.1
1758860922914,0.0,0.0,3966.1
1758860923013,0.0,0.0,3966.1
1758860923114,0.0,0.0,3966.1
1758860923213,0.0,0.0,3966.1
1758860923314,0.0,0.0,3966.1
1758860923414,0.0,0.0,3966.1
1758860923514,0.0,0.0,3966.1
1758860923613,0.0,0.0,3966.1
1758860923713,0.0,0.0,3966.1
1758860923813,0.0,0.0,3966.1
1758860923913,0.0,0.0,3966.09
1758860924013,0.0,0.0,3966.09
1758860924113,0.0,0.0,3966.09
1758860924213,0.0,0.0,3966.09
1758860924313,0.0,0.0,3966.09
1758860924413,0.0,0.0,3966.09
1758860924513,0.0,0.0,3966.09
1758860924613,0.0,0.0,3966.09
1758860924713,0.0,0.0,3966.09
1758860924813,0.0,0.0,3966.09
1758860924913,0.0,0.0,3966.09
1758860925014,0.0,0.0,3966.09
1758860925113,0.0,0.0,3966.09
1758860925213,0.0,0.0,3966.09
1758860925313,0.0,0.0,3966.09
1758860925414,0.0,0.0,3966.09
1758860925513,0.0,0.0,3966.09
1758860925613,0.0,0.0,3966.09
1758860925713,0.0,0.0,3966.09
1758860925812,0.0,0.0,3966.09
1758860925914,0.0,0.0,3966.09
1758860926014,0.0,0.0,3966.09
1758860926114,0.0,0.0,3966.09
1758860926214,0.0,0.0,3966.09
1758860926313,0.0,0.0,3966.09
1758860926414,0.0,0.0,3966.0
1758860926514,0.0,0.0,3965.69
1758860926616,0.0,0.0,3965.51
1758860926714,0.0,0.0,3965.3
1758860926814,0.0,0.0,3965.3
1758860926914,0.0,0.0,3965.3
1758860927014,0.0,0.0,3965.3
1758860927114,0.0,0.0,3965.3
1758860927214,0.0,0.0,3965.3
1758860927313,0.0,0.0,3965.3
1758860927414,0.0,0.0,3965.3
1758860927514,0.0,0.0,3965.3
1758860927614,0.0,0.0,3965.3
1758860927714,0.0,0.0,3965.3
1758860927813,0.0,0.0,3965.3
1758860927913,0.0,0.0,3965.3
1758860928013,0.0,0.0,3965.3
1758860928113,0.0,0.0,3965.3
1758860928213,0.0,0.0,3965.3
1758860928313,0.0,0.0,3965.3
1758860928413,0.0,0.0,3965.3
1758860928512,0.0,0.0,3965.3
1758860928613,0.0,0.0,3965.3
1758860928713,0.0,0.0,3965.3
1758860928813,0.0,0.0,3965.17
1758860928913,0.0,0.0,3965.17
1758860929013,0.0,0.0,3965.17
1758860929114,0.0,0.0,3965.17
1758860929214,0.0,0.0,3965.03
1758860929313,0.0,0.0,3965.03
1758860929414,0.0,0.0,3965.03
1758860929514,0.0,0.0,3965.03
1758860929614,0.0,0.0,3965.03
1758860929714,0.0,0.0,3965.03
1758860929814,0.0,0.0,3965.03
1758860929914,0.0,0.0,3965.03
1758860930014,0.0,0.0,3965.03
1758860930114,0.0,0.0,3965.03
1758860930214,0.0,0.0,3965.03
1758860930314,0.0,0.0,3965.03
1758860930414,0.0,0.0,3965.03
1758860930513,0.0,0.0,3965.03
1758860930613,0.0,0.0,3965.03
1758860930714,0.0,0.0,3965.03
1758860930813,0.0,0.0,3965.03
1758860930913,0.0,0.0,3965.03
1758860931013,0.0,0.0,3965.03
1758860931113,0.0,0.0,3965.03
1758860931213,0.0,0.0,3965.03
1758860931313,0.0,0.0,3965.03
1758860931413,0.0,0.0,3965.03
1758860931513,0.0,0.0,3965.03
1758860931613,0.0,0.0,3965.03
1758860931714,0.0,0.0,3965.03
1758860931814,0.0,0.0,3965.03
1758860931914,0.0,0.0,3965.03
1758860932014,0.0,0.0,3965.03
1758860932114,0.0,0.0,3965.03
1758860932214,0.0,0.0,3965.03
1758860932314,0.0,0.0,3965.03
1758860932413,0.0,0.0,3965.03
1758860932514,0.0,0.0,3965.03
1758860932613,0.0,0.0,3965.03
1758860932713,0.0,0.0,3965.03
1758860932813,0.0,0.0,3965.03
1758860932913,0.0,0.0,3965.03
1758860933013,0.0,0.0,3965.03
1758860933113,0.0,0.0,3965.03
1758860933213,0.0,0.0,3965.03
1758860933313,0.0,0.0,3965.03
1758860933414,0.0,0.0,3965.03
1758860933513,0.0,0.0,3965.03
1758860933614,0.0,0.0,3965.03
1758860933713,0.0,0.0,3965.03
1758860933813,0.0,0.0,3965.03
1758860933913,0.0,0.0,3965.03
1758860934013,0.0,0.0,3965.03
1758860934113,0.0,0.0,3965.03
1758860934213,0.0,0.0,3965.03
1758860934313,0.0,0.0,3965.03
1758860934413,0.0,0.0,3965.03
1758860934513,0.0,0.0,3965.03
1758860934613,0.0,0.0,3965.03
1758860934713,0.0,0.0,3965.03
1758860934813,0.0,0.0,3965.03
1758860934913,0.0,0.0,3965.03
1758860935013,0.0,0.0,3965.03
1758860935139,0.0,0.0,3965.03
1758860935229,0.0,0.0,3965.03
1758860935314,0.0,0.0,3965.03
1758860935414,0.0,0.0,3965.03
1758860935514,0.0,0.0,3965.03
1758860935614,0.0,0.0,3965.03
1758860935714,0.0,0.0,3965.03
1758860935814,0.0,0.0,3965.03
1758860935914,0.0,0.0,3965.03
1758860936013,0.0,0.0,3965.03
1758860936114,0.0,0.0,3965.03
1758860936213,0.0,0.0,3965.03
1758860936313,0.0,0.0,3965.03
1758860936413,0.0,0.0,3965.03
1758860936513,0.0,0.0,3965.03
1758860936613,0.0,0.0,3965.03
1758860936713,0.0,0.0,3965.03
1758860936813,0.0,0.0,3965.03
1758860936913,0.0,0.0,3965.03
1758860937013,0.0,0.0,3965.03
1758860937113,0.0,0.0,3965.03
1758860937213,0.0,0.0,3965.03
1758860937313,0.0,0.0,3965.03
1758860937413,0.0,0.0,3965.03
1758860937513,0.0,0.0,3965.03
1758860937614,0.0,0.0,3965.03
1758860937714,0.0,0.0,3965.03
1758860937814,0.0,0.0,3965.03
1758860937914,0.0,0.0,3965.03
1758860938036,0.0,0.0,3964.78
1758860938272,0.0,0.0,3960.94
1758860938492,0.0,0.0,3958.74
1758860938685,0.0,0.0,3958.33
1758860938806,0.0,0.0,3958.18
1758860938911,0.0,0.0,3958.23
1758860938993,0.0,0.0,3958.34
1758860939074,0.0,0.0,3958.37
1758860939149,0.0,0.0,3958.75
1758860939213,0.0,0.0,3958.75
1758860939278,0.0,0.0,3958.75
1758860939341,0.0,0.0,3958.75
1758860939402,0.0,0.0,3958.6
1758860939464,0.0,0.0,3958.59
1758860939528,0.0,0.0,3958.6
1758860939588,0.0,0.0,3958.6
1758860939642,0.0,0.0,3958.6
1758860939714,0.0,0.0,3958.6
1758860939814,0.0,0.0,3958.6
1758860939914,0.0,0.0,3958.6
1758860940014,0.0,0.0,3958.6
1758860940113,0.0,0.0,3958.6
1758860940260,0.0,0.0,3958.6
1758860940314,0.0,0.0,3958.6
1758860940414,0.0,0.0,3958.6
1758860940514,0.0,0.0,3958.6
1758860940613,0.0,0.0,3958.6
1758860940714,0.0,0.0,3958.6
1758860940814,0.0,0.0,3958.59
1758860940914,0.0,0.0,3958.6
1758860941013,0.0,0.0,3958.59
1758860941114,0.0,0.0,3958.59
1758860941216,0.0,0.0,3958.59
1758860941313,0.0,0.0,3958.59
1758860941413,0.0,0.0,3958.59
1758860941514,0.0,0.0,3958.59
1758860941614,0.0,0.0,3958.6
1758860941714,0.0,0.0,3958.6
1758860941814,0.0,0.0,3958.6
1758860941914,0.0,0.0,3958.6
1758860942014,0.0,0.0,3958.6
1758860942114,0.0,0.0,3958.6
1758860942214,0.0,0.0,3958.6
1758860942314,0.0,0.0,3958.59
1758860942414,0.0,0.0,3958.59
1758860942514,0.0,0.0,3958.59
1758860942614,0.0,0.0,3958.59
1758860942714,0.0,0.0,3958.59
1758860942814,0.0,0.0,3958.59
1758860942914,0.0,0.0,3958.59
1758860943014,0.0,0.0,3958.59
1758860943114,0.0,0.0,3958.59
1758860943214,0.0,0.0,3958.59
1758860943314,0.0,0.0,3958.59
1758860943414,0.0,0.0,3958.59
1758860943514,0.0,0.0,3958.59
1758860943614,0.0,0.0,3958.59
1758860943714,0.0,0.0,3958.59
1758860943813,0.0,0.0,3958.59
1758860943913,0.0,0.0,3958.59
1758860944014,0.0,0.0,3958.59
1758860944113,0.0,0.0,3958.59
1758860944213,0.0,0.0,3958.6
1758860944313,0.0,0.0,3958.6
1758860944413,0.0,0.0,3958.6
1758860944513,0.0,0.0,3958.6
1758860944614,0.0,0.0,3958.6
1758860944713,0.0,0.0,3958.6
1758860944813,0.0,0.0,3958.6
1758860944914,0.0,0.0,3958.6
1758860945013,0.0,0.0,3958.6
1758860945113,0.0,0.0,3958.6
1758860945214,0.0,0.0,3958.6
1758860945344,0.0,0.0,3958.6
1758860945414,0.0,0.0,3958.6
1758860945513,0.0,0.0,3958.73
1758860945613,0.0,0.0,3959.0
1758860945714,0.0,0.0,3959.0
1758860945813,0.0,0.0,3959.0
1758860945913,0.0,0.0,3959.0
1758860946014,0.0,0.0,3959.0
1758860946113,0.0,0.0,3959.0
1758860946214,0.0,0.0,3959.0
1758860946314,0.0,0.0,3959.0
1758860946414,0.0,0.0,3959.0
1758860946514,0.0,0.0,3959.0
1758860946614,0.0,0.0,3959.0
1758860946714,0.0,0.0,3959.0
1758860946814,0.0,0.0,3959.0
1758860946914,0.0,0.0,3959.36
1758860947015,0.0,0.0,3959.36
1758860947114,0.0,0.0,3959.36
1758860947214,0.0,0.0,3959.36
1758860947314,0.0,0.0,3959.63
1758860947414,0.0,0.0,3959.63
1758860947514,0.0,0.0,3959.63
1758860947614,0.0,0.0,3959.63
1758860947714,0.0,0.0,3959.63
1758860947814,0.0,0.0,3959.63
1758860947913,0.0,0.0,3959.63
1758860948013,0.0,0.0,3959.63
1758860948113,0.0,0.0,3959.63
1758860948214,0.0,0.0,3959.63
1758860948314,0.0,0.0,3959.63
1758860948414,0.0,0.0,3959.63
1758860948513,0.0,0.0,3959.63
1758860948613,0.0,0.0,3959.63
1758860948714,0.0,0.0,3959.63
1758860948814,0.0,0.0,3959.63
1758860948913,0.0,0.0,3959.63
1758860949013,0.0,0.0,3959.63
1758860949113,0.0,0.0,3959.63
1758860949213,0.0,0.0,3959.63
1758860949313,0.0,0.0,3959.67
1758860949413,0.0,0.0,3959.67
1758860949513,0.0,0.0,3959.67
1758860949613,0.0,0.0,3959.67
1758860949714,0.0,0.0,3959.67
1758860949813,0.0,0.0,3959.67
1758860949913,0.0,0.0,3959.67
1758860950013,0.0,0.0,3959.67
1758860950113,0.0,0.0,3959.79
1758860950213,0.0,0.0,3959.82
1758860950313,0.0,0.0,3959.82
1758860950434,0.0,0.0,3959.82
1758860950529,0.0,0.0,3959.82
1758860950614,0.0,0.0,3959.82
1758860950714,0.0,0.0,3959.82
1758860950814,0.0,0.0,3959.82
1758860950914,0.0,0.0,3959.82
1758860951014,0.0,0.0,3959.82
1758860951114,0.0,0.0,3959.82
1758860951214,0.0,0.0,3959.82
1758860951314,0.0,0.0,3959.82
1758860951414,0.0,0.0,3959.82
1758860951514,0.0,0.0,3959.82
1758860951614,0.0,0.0,3959.82
1758860951714,0.0,0.0,3959.82
1758860951814,0.0,0.0,3959.82
1758860951914,0.0,0.0,3959.82
1758860952013,0.0,0.0,3959.82
1758860952114,0.0,0.0,3959.82
1758860952214,0.0,0.0,3959.82
1758860952314,0.0,0.0,3959.82
1758860952414,0.0,0.0,3959.82
1758860952513,0.0,0.0,3959.82
1758860952614,0.0,0.0,3959.82
1758860952714,0.0,0.0,3959.82
1758860952814,0.0,0.0,3959.82
1758860952914,0.0,0.0,3959.82
1758860953014,0.0,0.0,3959.99
1758860953113,0.0,0.0,3959.99
1758860953213,0.0,0.0,3959.99
1758860953314,0.0,0.0,3959.99
1758860953414,0.0,0.0,3959.99
1758860953513,0.0,0.0,3959.99
1758860953613,0.0,0.0,3959.99
1758860953713,0.0,0.0,3959.99
1758860953813,0.0,0.0,3959.99
1758860953913,0.0,0.0,3959.99
1758860954013,0.0,0.0,3959.99
1758860954113,0.0,0.0,3959.99
1758860954213,0.0,0.0,3959.99
1758860954313,0.0,0.0,3959.99
1758860954413,0.0,0.0,3959.99
1758860954513,0.0,0.0,3959.99
1758860954613,0.0,0.0,3959.99
1758860954714,0.0,0.0,3959.99
1758860954814,0.0,0.0,3959.99
1758860954914,0.0,0.0,3959.99
1758860955014,0.0,0.0,3959.99
1758860955114,0.0,0.0,3959.99
1758860955214,0.0,0.0,3959.99
1758860955314,0.0,0.0,3959.99
1758860955414,0.0,0.0,3959.99
1758860955520,0.0,0.0,3959.99
1758860955617,0.0,0.0,3959.99
1758860955714,0.0,0.0,3959.99
1758860955814,0.0,0.0,3959.99
1758860955913,0.0,0.0,3959.99
1758860956014,0.0,0.0,3959.99
1758860956114,0.0,0.0,3960.0
1758860956214,0.0,0.0,3960.0
1758860956314,0.0,0.0,3960.0
1758860956414,0.0,0.0,3960.0
1758860956513,0.0,0.0,3960.0
1758860956614,0.0,0.0,3960.0
1758860956713,0.0,0.0,3960.0
1758860956814,0.0,0.0,3960.0
1758860956913,0.0,0.0,3960.0
1758860957013,0.0,0.0,3960.0
1758860957113,0.0,0.0,3960.0
1758860957213,0.0,0.0,3960.0
1758860957313,0.0,0.0,3960.0
1758860957413,0.0,0.0,3960.0
1758860957513,0.0,0.0,3960.0
1758860957613,0.0,0.0,3960.0
1758860957713,0.0,0.0,3960.0
1758860957813,0.0,0.0,3960.0
1758860957913,0.0,0.0,3960.0
1758860958013,0.0,0.0,3960.0
1758860958114,0.0,0.0,3960.0
1758860958214,0.0,0.0,3960.0
1758860958314,0.0,0.0,3959.99
1758860958414,0.0,0.0,3959.99
1758860958514,0.0,0.0,3959.99
1758860958614,0.0,0.0,3960.0
1758860958714,0.0,0.0,3960.0
1758860958814,0.0,0.0,3960.0
1758860958914,0.0,0.0,3960.0
1758860959014,0.0,0.0,3960.0
1758860959114,0.0,0.0,3960.0
1758860959214,0.0,0.0,3960.0
1758860959314,0.0,0.0,3960.0
1758860959414,0.0,0.0,3960.0
1758860959514,0.0,0.0,3960.0
1758860959614,0.0,0.0,3960.0
1758860959715,0.0,0.0,3960.0
1758860959814,0.0,0.0,3960.0
1758860959914,0.0,0.0,3960.0
1758860960014,0.0,0.0,3960.0
1758860960113,0.0,0.0,3960.0
1758860960213,0.0,0.0,3960.0
1758860960314,0.0,0.0,3959.99
1758860960414,0.0,0.0,3959.99
1758860960517,0.0,0.0,3959.99
1758860960613,0.0,0.0,3959.99
1758860960714,0.0,0.0,3959.99
1758860960814,0.0,0.0,3959.99
1758860960914,0.0,0.0,3959.99
1758860961014,0.0,0.0,3959.99
1758860961113,0.0,0.0,3959.99
1758860961213,0.0,0.0,3959.99
1758860961314,0.0,0.0,3959.99
1758860961413,0.0,0.0,3959.99
1758860961514,0.0,0.0,3959.99
1758860961613,0.0,0.0,3959.99
1758860961713,0.0,0.0,3959.99
1758860961813,0.0,0.0,3959.99
1758860961913,0.0,0.0,3959.99
1758860962014,0.0,0.0,3959.99
1758860962114,0.0,0.0,3959.99
1758860962213,0.0,0.0,3959.99
1758860962314,0.0,0.0,3959.99
1758860962415,0.0,0.0,3959.99
1758860962514,0.0,0.0,3959.99
1758860962614,0.0,0.0,3959.99
1758860962714,0.0,0.0,3959.99
1758860962814,0.0,0.0,3959.99
1758860962914,0.0,0.0,3959.99
1758860963013,0.0,0.0,3959.99
1758860963114,0.0,0.0,3959.99
1758860963214,0.0,0.0,3959.99
1758860963314,0.0,0.0,3959.99
1758860963414,0.0,0.0,3959.99
1758860963514,0.0,0.0,3959.99
1758860963614,0.0,0.0,3959.99
1758860963714,0.0,0.0,3959.99
1758860963814,0.0,0.0,3959.99
1758860963913,0.0,0.0,3959.99
1758860964014,0.0,0.0,3959.99
1758860964114,0.0,0.0,3959.99
1758860964214,0.0,0.0,3959.99
1758860964313,0.0,0.0,3959.99
1758860964414,0.0,0.0,3959.99
1758860964513,0.0,0.0,3959.99
1758860964614,0.0,0.0,3959.99
1758860964714,0.0,0.0,3959.99
1758860964814,0.0,0.0,3959.99
1758860964914,0.0,0.0,3959.99
1758860965013,0.0,0.0,3959.99
1758860965113,0.0,0.0,3959.99
1758860965213,0.0,0.0,3959.99
1758860965314,0.0,0.0,3959.99
1758860965414,0.0,0.0,3959.99
1758860965514,0.0,0.0,3959.99
1758860965628,0.0,0.0,3959.99
1758860965722,0.0,0.0,3959.99
1758860965813,0.0,0.0,3959.99
1758860965914,0.0,0.0,3959.99
1758860966013,0.0,0.0,3959.99
1758860966213,0.0,0.0,3959.99
1758860966413,0.0,0.0,3959.99
1758860966513,0.0,0.0,3959.99
1758860966614,0.0,0.0,3959.99
1758860966714,0.0,0.0,3959.99
1758860966814,0.0,0.0,3959.99
1758860966914,0.0,0.0,3959.99
1758860967014,0.0,0.0,3959.99
1758860967113,0.0,0.0,3959.99
1758860967214,0.0,0.0,3959.99
1758860967314,0.0,0.0,3959.99
1758860967414,0.0,0.0,3959.99
1758860967514,0.0,0.0,3959.99
1758860967614,0.0,0.0,3959.99
1758860967714,0.0,0.0,3959.99
1758860967814,0.0,0.0,3959.99
1758860967914,0.0,0.0,3959.99
1758860968014,0.0,0.0,3959.99
1758860968114,0.0,0.0,3959.99
1758860968214,0.0,0.0,3959.99
1758860968314,0.0,0.0,3959.99
1758860968413,0.0,0.0,3959.99
1758860968513,0.0,0.0,3959.99
1758860968613,0.0,0.0,3959.99
1758860968713,0.0,0.0,3959.99
1758860968813,0.0,0.0,3959.99
1758860968913,0.0,0.0,3959.99
1758860969014,0.0,0.0,3959.99
1758860969114,0.0,0.0,3959.99
1758860969214,0.0,0.0,3959.99
1758860969314,0.0,0.0,3959.99
1758860969414,0.0,0.0,3959.99
1758860969514,0.0,0.0,3959.99
1758860969614,0.0,0.0,3959.99
1758860969716,0.0,0.0,3960.0
1758860969814,0.0,0.0,3960.1
1758860969914,0.0,0.0,3960.19
1758860970014,0.0,0.0,3960.19
1758860970114,0.0,0.0,3960.19
1758860970214,0.0,0.0,3960.19
1758860970314,0.0,0.0,3960.19
1758860970414,0.0,0.0,3960.19
1758860970514,0.0,0.0,3960.24
1758860970614,0.0,0.0,3960.24
1758860970739,0.0,0.0,3960.39
1758860970838,0.0,0.0,3960.39
1758860970917,0.0,0.0,3960.41
1758860971014,0.0,0.0,3960.41
1758860971113,0.0,0.0,3960.41
1758860971214,0.0,0.0,3960.41
1758860971313,0.0,0.0,3960.41
1758860971414,0.0,0.0,3960.41
1758860971514,0.0,0.0,3960.42
1758860971613,0.0,0.0,3960.42
1758860971714,0.0,0.0,3960.42
1758860971814,0.0,0.0,3960.42
1758860971914,0.0,0.0,3960.42
1758860972014,0.0,0.0,3960.42
1758860972113,0.0,0.0,3960.42
1758860972213,0.0,0.0,3960.42
1758860972314,0.0,0.0,3960.42
1758860972414,0.0,0.0,3960.42
1758860972514,0.0,0.0,3960.42
1758860972613,0.0,0.0,3960.42
1758860972713,0.0,0.0,3960.42
1758860972813,0.0,0.0,3960.42
1758860972913,0.0,0.0,3960.42
1758860973013,0.0,0.0,3960.42
1758860973113,0.0,0.0,3960.42
1758860973213,0.0,0.0,3960.42
1758860973314,0.0,0.0,3960.42
1758860973414,0.0,0.0,3960.42
1758860973614,0.0,0.0,3960.42
1758860973714,0.0,0.0,3960.42
1758860973814,0.0,0.0,3960.42
1758860973914,0.0,0.0,3960.42
1758860974014,0.0,0.0,3960.42
1758860974114,0.0,0.0,3960.42
1758860974214,0.0,0.0,3960.42
1758860974314,0.0,0.0,3960.42
1758860974414,0.0,0.0,3960.42
1758860974514,0.0,0.0,3960.42
1758860974614,0.0,0.0,3960.42
1758860974714,0.0,0.0,3960.42
1758860974813,0.0,0.0,3960.42
1758860974914,0.0,0.0,3960.42
1758860975014,0.0,0.0,3960.42
1758860975113,0.0,0.0,3960.42
1758860975214,0.0,0.0,3960.42
1758860975314,0.0,0.0,3960.42
1758860975413,0.0,0.0,3960.42
1758860975513,0.0,0.0,3960.42
1758860975614,0.0,0.0,3960.49
1758860975714,0.0,0.0,3960.49
1758860975814,0.0,0.0,3960.49
1758860975914,0.0,0.0,3960.49
1758860976013,0.0,0.0,3960.49
1758860976113,0.0,0.0,3960.49
1758860976214,0.0,0.0,3960.49
1758860976314,0.0,0.0,3960.49
1758860976414,0.0,0.0,3960.49
1758860976513,0.0,0.0,3960.49
1758860976613,0.0,0.0,3960.49
1758860976713,0.0,0.0,3960.49
1758860976813,0.0,0.0,3960.49
1758860976913,0.0,0.0,3960.49
1758860977013,0.0,0.0,3960.49
1758860977114,0.0,0.0,3960.49
1758860977213,0.0,0.0,3960.49
1758860977313,0.0,0.0,3960.49
1758860977413,0.0,0.0,3960.49
1758860977513,0.0,0.0,3960.49
1758860977613,0.0,0.0,3960.49
1758860977714,0.0,0.0,3960.49
1758860977814,0.0,0.0,3960.49
1758860977914,0.0,0.0,3960.49
1758860978014,0.0,0.0,3960.49
1758860978114,0.0,0.0,3960.49
1758860978214,0.0,0.0,3960.49
1758860978314,0.0,0.0,3960.49
1758860978414,0.0,0.0,3960.49
1758860978514,0.0,0.0,3960.49
1758860978614,0.0,0.0,3960.49
1758860978714,0.0,0.0,3960.49
1758860978814,0.0,0.0,3960.49
1758860978914,0.0,0.0,3960.49
1758860979014,0.0,0.0,3960.49
1758860979114,0.0,0.0,3960.49
1758860979214,0.0,0.0,3960.49
1758860979414,0.0,0.0,3960.49
1758860979514,0.0,0.0,3960.49
1758860979613,0.0,0.0,3960.49
1758860979714,0.0,0.0,3960.49
1758860979814,0.0,0.0,3960.49
1758860979914,0.0,0.0,3960.49
1758860980014,0.0,0.0,3960.49
1758860980113,0.0,0.0,3960.49
1758860980214,0.0,0.0,3960.49
1758860980314,0.0,0.0,3960.49
1758860980413,0.0,0.0,3960.49
1758860980614,0.0,0.0,3960.49
1758860980714,0.0,0.0,3960.49
1758860980814,0.0,0.0,3960.5
1758860980920,0.0,0.0,3960.5
1758860981014,0.0,0.0,3960.5
1758860981113,0.0,0.0,3960.5
1758860981214,0.0,0.0,3960.5
1758860981314,0.0,0.0,3960.5
1758860981414,0.0,0.0,3960.5
1758860981514,0.0,0.0,3960.5
1758860981614,0.0,0.0,3960.5
1758860981714,0.0,0.0,3960.5
1758860981814,0.0,0.0,3960.5
1758860981914,0.0,0.0,3960.5
1758860982014,0.0,0.0,3960.5
1758860982214,0.0,0.0,3960.5
1758860982314,0.0,0.0,3960.5
1758860982414,0.0,0.0,3960.5
1758860982514,0.0,0.0,3960.5
1758860982613,0.0,0.0,3960.5
1758860982714,0.0,0.0,3960.5
1758860982814,0.0,0.0,3960.5
1758860982914,0.0,0.0,3960.5
1758860983013,0.0,0.0,3960.5
1758860983114,0.0,0.0,3960.5
1758860983214,0.0,0.0,3960.5
1758860983314,0.0,0.0,3960.5
1758860983413,0.0,0.0,3960.5
1758860983514,0.0,0.0,3960.5
1758860983613,0.0,0.0,3960.5
1758860983713,0.0,0.0,3960.5
1758860983813,0.0,0.0,3960.5
1758860983913,0.0,0.0,3960.5
1758860984014,0.0,0.0,3960.5
1758860984114,0.0,0.0,3960.5
1758860984214,0.0,0.0,3960.5
1758860984414,0.0,0.0,3960.5
1758860984514,0.0,0.0,3960.5
1758860984614,0.0,0.0,3960.5
1758860984714,0.0,0.0,3960.5
1758860984814,0.0,0.0,3960.5
1758860984914,0.0,0.0,3960.5
1758860985014,0.0,0.0,3960.5
1758860985114,0.0,0.0,3960.5
1758860985214,0.0,0.0,3960.5
1758860985314,0.0,0.0,3960.5
1758860985414,0.0,0.0,3960.5
1758860985514,0.0,0.0,3960.5
1758860985614,0.0,0.0,3960.5
1758860985714,0.0,0.0,3960.5
1758860985814,0.0,0.0,3960.5
1758860985914,0.0,0.0,3960.5
1758860986040,0.0,0.0,3960.5
1758860986116,0.0,0.0,3960.5
1758860986214,0.0,0.0,3960.49
1758860986314,0.0,0.0,3960.49
1758860986413,0.0,0.0,3960.49
1758860986513,0.0,0.0,3960.49
1758860986613,0.0,0.0,3960.49
1758860986714,0.0,0.0,3960.49
1758860986814,0.0,0.0,3960.49
1758860986913,0.0,0.0,3960.49
1758860987013,0.0,0.0,3960.49
1758860987117,0.0,0.0,3960.51
1758860987215,0.0,0.0,3961.0
1758860987314,0.0,0.0,3961.0
1758860987414,0.0,0.0,3961.0
1758860987514,0.0,0.0,3961.0
1758860987614,0.0,0.0,3961.0
1758860987714,0.0,0.0,3961.0
1758860987814,0.0,0.0,3961.0
1758860987914,0.0,0.0,3961.0
1758860988014,0.0,0.0,3961.0
1758860988114,0.0,0.0,3961.0
1758860988214,0.0,0.0,3961.0
1758860988314,0.0,0.0,3961.0
1758860988414,0.0,0.0,3961.0
1758860988514,0.0,0.0,3961.0
1758860988614,0.0,0.0,3961.14
1758860988714,0.0,0.0,3961.39
1758860988814,0.0,0.0,3961.46
1758860988914,0.0,0.0,3961.46
1758860989014,0.0,0.0,3961.46
1758860989114,0.0,0.0,3961.5
1758860989214,0.0,0.0,3961.5
1758860989314,0.0,0.0,3961.5
1758860989414,0.0,0.0,3961.5
1758860989514,0.0,0.0,3961.59
1758860989615,0.0,0.0,3961.6
1758860989714,0.0,0.0,3961.61
1758860989814,0.0,0.0,3961.78
1758860989914,0.0,0.0,3961.86
1758860990014,0.0,0.0,3961.86
1758860990113,0.0,0.0,3962.0
1758860990213,0.0,0.0,3962.0
1758860990313,0.0,0.0,3962.0
1758860990413,0.0,0.0,3962.0
1758860990514,0.0,0.0,3962.0
1758860990613,0.0,0.0,3962.0
1758860990714,0.0,0.0,3962.0
1758860990813,0.0,0.0,3962.0
1758860990914,0.0,0.0,3962.0
1758860991013,0.0,0.0,3962.0
1758860991133,0.0,0.0,3962.0
1758860991220,0.0,0.0,3962.0
1758860991314,0.0,0.0,3962.0
1758860991414,0.0,0.0,3962.0
1758860991515,0.0,0.0,3962.0
1758860991614,0.0,0.0,3962.0
1758860991714,0.0,0.0,3962.0
1758860991814,0.0,0.0,3962.0
1758860991914,0.0,0.0,3962.0
1758860992014,0.0,0.0,3962.0
1758860992114,0.0,0.0,3962.0
1758860992214,0.0,0.0,3962.0
1758860992314,0.0,0.0,3962.0
1758860992413,0.0,0.0,3962.0
1758860992514,0.0,0.0,3962.0
1758860992614,0.0,0.0,3962.0
1758860992714,0.0,0.0,3962.0
1758860992814,0.0,0.0,3962.0
1758860992914,0.0,0.0,3962.0
1758860993013,0.0,0.0,3962.0
1758860993114,0.0,0.0,3962.0
1758860993214,0.0,0.0,3961.99
1758860993314,0.0,0.0,3961.99
1758860993414,0.0,0.0,3961.99
1758860993513,0.0,0.0,3961.99
1758860993614,0.0,0.0,3961.99
1758860993714,0.0,0.0,3961.99
1758860993813,0.0,0.0,3961.99
1758860993914,0.0,0.0,3961.99
1758860994013,0.0,0.0,3961.99
1758860994114,0.0,0.0,3961.99
1758860994214,0.0,0.0,3961.99
1758860994313,0.0,0.0,3961.99
1758860994413,0.0,0.0,3961.99
1758860994514,0.0,0.0,3961.99
1758860994613,0.0,0.0,3961.99
1758860994715,0.0,0.0,3961.99
1758860994815,0.0,0.0,3961.99
1758860994914,0.0,0.0,3961.99
1758860995014,0.0,0.0,3961.99
1758860995114,0.0,0.0,3961.99
1758860995214,0.0,0.0,3961.99
1758860995314,0.0,0.0,3961.99
1758860995414,0.0,0.0,3961.99
1758860995514,0.0,0.0,3961.99
1758860995614,0.0,0.0,3961.99
1758860995714,0.0,0.0,3961.99
1758860995814,0.0,0.0,3961.99
1758860995914,0.0,0.0,3961.99
1758860996014,0.0,0.0,3962.0
1758860996114,0.0,0.0,3962.0
1758860996232,0.0,0.0,3962.0
1758860996320,0.0,0.0,3962.0
1758860996413,0.0,0.0,3962.0
1758860996513,0.0,0.0,3962.0
1758860996614,0.0,0.0,3962.0
1758860996714,0.0,0.0,3962.0
1758860996814,0.0,0.0,3962.0
1758860996914,0.0,0.0,3962.0
1758860997014,0.0,0.0,3962.0
1758860997114,0.0,0.0,3962.0
1758860997213,0.0,0.0,3962.0
1758860997314,0.0,0.0,3962.0
1758860997414,0.0,0.0,3962.01
1758860997513,0.0,0.0,3962.01
1758860997613,0.0,0.0,3962.01
1758860997714,0.0,0.0,3962.01
1758860997814,0.0,0.0,3962.01
1758860997914,0.0,0.0,3962.01
1758860998014,0.0,0.0,3962.01
1758860998114,0.0,0.0,3962.01
1758860998214,0.0,0.0,3962.01
1758860998313,0.0,0.0,3962.01
1758860998414,0.0,0.0,3962.01
1758860998513,0.0,0.0,3962.01
1758860998613,0.0,0.0,3962.01
1758860998715,0.0,0.0,3962.01
1758860998814,0.0,0.0,3962.01
1758860998915,0.0,0.0,3962.01
1758860999014,0.0,0.0,3962.01
1758860999114,0.0,0.0,3962.01
1758860999214,0.0,0.0,3962.01
1758860999314,0.0,0.0,3962.01
1758860999414,0.0,0.0,3962.01
1758860999514,0.0,0.0,3962.01
1758860999614,0.0,0.0,3962.01
1758860999714,0.0,0.0,3962.01
1758860999813,0.0,0.0,3962.01
1758860999914,0.0,0.0,3962.19
1758861000014,0.0,0.0,3962.19
1758861000114,0.0,0.0,3962.19
1758861000214,0.0,0.0,3962.19
1758861000314,0.0,0.0,3962.19
1758861000414,0.0,0.0,3962.19
1758861000514,0.0,0.0,3962.22
1758861000614,0.0,0.0,3962.22
1758861000714,0.0,0.0,3962.22
1758861000814,0.0,0.0,3962.22
1758861000913,0.0,0.0,3962.22
1758861001013,0.0,0.0,3962.22
1758861001114,0.0,0.0,3962.22
1758861001213,0.0,0.0,3962.22
1758861001325,0.0,0.0,3962.27
1758861001427,0.0,0.0,3962.27
1758861001513,0.0,0.0,3962.27
1758861001614,0.0,0.0,3962.27
1758861001714,0.0,0.0,3962.27
1758861001814,0.0,0.0,3962.27
1758861001913,0.0,0.0,3962.27
1758861002014,0.0,0.0,3962.09
1758861002114,0.0,0.0,3961.89
1758861002214,0.0,0.0,3961.8
1758861002314,0.0,0.0,3961.73
1758861002414,0.0,0.0,3961.73
1758861002514,0.0,0.0,3961.73
1758861002614,0.0,0.0,3961.59
1758861002714,0.0,0.0,3961.59
1758861002814,0.0,0.0,3961.59
1758861002915,0.0,0.0,3961.59
1758861003015,0.0,0.0,3961.59
1758861003115,0.0,0.0,3961.51
1758861003215,0.0,0.0,3961.51
1758861003315,0.0,0.0,3961.51
1758861003415,0.0,0.0,3961.51
1758861003514,0.0,0.0,3961.51
1758861003614,0.0,0.0,3961.51
1758861003714,0.0,0.0,3961.51
1758861003814,0.0,0.0,3961.51
1758861003913,0.0,0.0,3961.51
1758861004013,0.0,0.0,3961.51
1758861004114,0.0,0.0,3961.51
1758861004214,0.0,0.0,3961.51
1758861004315,0.0,0.0,3961.51
1758861004414,0.0,0.0,3961.51
1758861004513,0.0,0.0,3961.51
1758861004614,0.0,0.0,3961.51
1758861004714,0.0,0.0,3961.51
1758861004814,0.0,0.0,3961.51
1758861004914,0.0,0.0,3961.51
1758861005014,0.0,0.0,3961.51
1758861005114,0.0,0.0,3961.51
1758861005214,0.0,0.0,3961.51
1758861005314,0.0,0.0,3961.52
1758861005414,0.0,0.0,3961.52
1758861005514,0.0,0.0,3961.52
1758861005614,0.0,0.0,3961.52
1758861005713,0.0,0.0,3961.52
1758861005814,0.0,0.0,3961.52
1758861005914,0.0,0.0,3961.52
1758861006014,0.0,0.0,3961.52
1758861006113,0.0,0.0,3961.52
1758861006215,0.0,0.0,3961.52
1758861006314,0.0,0.0,3961.52
1758861006425,0.0,0.0,3961.52
1758861006614,0.0,0.0,3961.52
1758861006714,0.0,0.0,3961.51
1758861006914,0.0,0.0,3961.51
1758861007014,0.0,0.0,3961.51
1758861007114,0.0,0.0,3961.51
1758861007214,0.0,0.0,3961.51
1758861007314,0.0,0.0,3961.51
1758861007414,0.0,0.0,3961.51
1758861007514,0.0,0.0,3961.51
1758861007614,0.0,0.0,3961.51
1758861007714,0.0,0.0,3961.51
1758861007814,0.0,0.0,3961.51
1758861007914,0.0,0.0,3961.51
1758861008014,0.0,0.0,3961.51
1758861008114,0.0,0.0,3961.51
1758861008214,0.0,0.0,3961.51
1758861008313,0.0,0.0,3961.51
1758861008414,0.0,0.0,3961.51
1758861008514,0.0,0.0,3961.51
1758861008614,0.0,0.0,3961.51
1758861008714,0.0,0.0,3961.51
1758861008814,0.0,0.0,3961.51
1758861008914,0.0,0.0,3961.52
1758861009014,0.0,0.0,3961.52
1758861009113,0.0,0.0,3961.52
1758861009214,0.0,0.0,3961.52
1758861009314,0.0,0.0,3961.61
1758861009414,0.0,0.0,3961.61
1758861009514,0.0,0.0,3961.61
1758861009614,0.0,0.0,3961.61
1758861009714,0.0,0.0,3961.61
1758861009814,0.0,0.0,3961.61
1758861009913,0.0,0.0,3961.61
1758861010014,0.0,0.0,3961.61
1758861010114,0.0,0.0,3961.71
1758861010214,0.0,0.0,3961.71
1758861010314,0.0,0.0,3961.95
1758861010414,0.0,0.0,3961.95
1758861010514,0.0,0.0,3961.99
1758861010614,0.0,0.0,3961.99
1758861010713,0.0,0.0,3961.99
1758861010814,0.0,0.0,3961.99
1758861010914,0.0,0.0,3961.99
1758861011015,0.0,0.0,3962.1
1758861011115,0.0,0.0,3962.11
1758861011214,0.0,0.0,3962.11
1758861011315,0.0,0.0,3962.13
1758861011416,0.0,0.0,3962.13
1758861011517,0.0,0.0,3962.13
1758861011615,0.0,0.0,3962.13
1758861011714,0.0,0.0,3962.13
1758861011814,0.0,0.0,3962.13
1758861011914,0.0,0.0,3962.13
1758861012014,0.0,0.0,3962.13
1758861012114,0.0,0.0,3962.13
1758861012213,0.0,0.0,3962.13
1758861012314,0.0,0.0,3962.13
1758861012414,0.0,0.0,3962.13
1758861012514,0.0,0.0,3962.13
1758861012614,0.0,0.0,3962.13
1758861012714,0.0,0.0,3962.13
1758861012814,0.0,0.0,3962.13
1758861012914,0.0,0.0,3962.13
1758861013014,0.0,0.0,3962.13
1758861013114,0.0,0.0,3962.13
1758861013214,0.0,0.0,3962.13
1758861013314,0.0,0.0,3962.14
1758861013414,0.0,0.0,3962.14
1758861013513,0.0,0.0,3962.14
1758861013613,0.0,0.0,3962.14
1758861013715,0.0,0.0,3962.14
1758861013815,0.0,0.0,3962.14
1758861013914,0.0,0.0,3962.14
1758861014014,0.0,0.0,3962.14
1758861014114,0.0,0.0,3962.14
1758861014214,0.0,0.0,3962.14
1758861014314,0.0,0.0,3962.14
1758861014414,0.0,0.0,3962.14
1758861014514,0.0,0.0,3962.14
1758861014614,0.0,0.0,3962.14
1758861014713,0.0,0.0,3962.14
1758861014814,0.0,0.0,3962.14
1758861014914,0.0,0.0,3962.14
1758861015014,0.0,0.0,3962.14
1758861015114,0.0,0.0,3962.14
1758861015213,0.0,0.0,3962.14
1758861015313,0.0,0.0,3962.14
1758861015414,0.0,0.0,3962.14
1758861015513,0.0,0.0,3962.14
1758861015614,0.0,0.0,3962.14
1758861015714,0.0,0.0,3962.14
1758861015814,0.0,0.0,3962.14
1758861015915,0.0,0.0,3962.14
1758861016014,0.0,0.0,3962.14
1758861016114,0.0,0.0,3962.14
1758861016214,0.0,0.0,3962.14
1758861016314,0.0,0.0,3962.14
1758861016415,0.0,0.0,3962.14
1758861016527,0.0,0.0,3962.14
1758861016621,0.0,0.0,3962.14
1758861016714,0.0,0.0,3962.14
1758861016814,0.0,0.0,3962.14
1758861016914,0.0,0.0,3962.14
1758861017014,0.0,0.0,3962.14
1758861017114,0.0,0.0,3962.14
1758861017214,0.0,0.0,3962.14
1758861017314,0.0,0.0,3962.14
1758861017414,0.0,0.0,3962.14
1758861017514,0.0,0.0,3962.14
1758861017614,0.0,0.0,3962.14
1758861017714,0.0,0.0,3962.14
1758861017814,0.0,0.0,3962.14
1758861017914,0.0,0.0,3962.14
1758861018014,0.0,0.0,3962.14
1758861018114,0.0,0.0,3962.14
1758861018214,0.0,0.0,3962.14
1758861018314,0.0,0.0,3962.14
1758861018414,0.0,0.0,3962.14
1758861018515,0.0,0.0,3962.14
1758861018614,0.0,0.0,3962.14
1758861018714,0.0,0.0,3962.14
1758861018814,0.0,0.0,3962.14
1758861018914,0.0,0.0,3962.14
1758861019014,0.0,0.0,3962.14
1758861019115,0.0,0.0,3962.14
1758861019214,0.0,0.0,3962.14
1758861019314,0.0,0.0,3962.05
1758861019415,0.0,0.0,3961.94
1758861019514,0.0,0.0,3961.94
1758861019614,0.0,0.0,3961.75
1758861019714,0.0,0.0,3961.75
1758861019814,0.0,0.0,3961.75
1758861019914,0.0,0.0,3961.75
1758861020013,0.0,0.0,3961.75
1758861020114,0.0,0.0,3961.75
1758861020213,0.0,0.0,3961.75
1758861020314,0.0,0.0,3961.75
1758861020415,0.0,0.0,3961.75
1758861020514,0.0,0.0,3961.75
1758861020614,0.0,0.0,3961.75
1758861020715,0.0,0.0,3961.75
1758861020814,0.0,0.0,3961.75
1758861020914,0.0,0.0,3961.75
1758861021014,0.0,0.0,3961.75
1758861021114,0.0,0.0,3961.75
1758861021214,0.0,0.0,3961.75
1758861021314,0.0,0.0,3961.75
1758861021414,0.0,0.0,3961.75
1758861021514,0.0,0.0,3961.74
1758861021644,0.0,0.0,3961.74
1758861021716,0.0,0.0,3961.74
1758861021814,0.0,0.0,3961.74
1758861021914,0.0,0.0,3961.74
1758861022013,0.0,0.0,3961.74
1758861022114,0.0,0.0,3961.74
1758861022214,0.0,0.0,3961.74
1758861022314,0.0,0.0,3961.74
1758861022414,0.0,0.0,3961.74
1758861022514,0.0,0.0,3961.74
1758861022614,0.0,0.0,3961.74
1758861022714,0.0,0.0,3961.74
1758861022814,0.0,0.0,3961.74
1758861022914,0.0,0.0,3961.74
1758861023014,0.0,0.0,3961.74
1758861023114,0.0,0.0,3961.74
1758861023214,0.0,0.0,3961.74
1758861023313,0.0,0.0,3961.74
1758861023413,0.0,0.0,3961.74
1758861023514,0.0,0.0,3961.74
1758861023614,0.0,0.0,3961.74
1758861023714,0.0,0.0,3961.74
1758861023814,0.0,0.0,3961.74
1758861023914,0.0,0.0,3961.74
1758861024014,0.0,0.0,3961.74
1758861024115,0.0,0.0,3961.74
1758861024214,0.0,0.0,3961.74
1758861024314,0.0,0.0,3961.74
1758861024414,0.0,0.0,3961.74
1758861024514,0.0,0.0,3961.74
1758861024614,0.0,0.0,3961.74
1758861024714,0.0,0.0,3961.74
1758861024814,0.0,0.0,3961.74
1758861024914,0.0,0.0,3961.74
1758861025013,0.0,0.0,3961.74
1758861025114,0.0,0.0,3961.74
1758861025214,0.0,0.0,3961.74
1758861025313,0.0,0.0,3961.74
1758861025413,0.0,0.0,3961.74
1758861025514,0.0,0.0,3961.74
1758861025614,0.0,0.0,3961.74
1758861025715,0.0,0.0,3961.74
1758861025814,0.0,0.0,3961.75
1758861025915,0.0,0.0,3961.75
1758861026014,0.0,0.0,3961.75
1758861026114,0.0,0.0,3961.75
1758861026214,0.0,0.0,3961.75
1758861026315,0.0,0.0,3961.75
1758861026414,0.0,0.0,3961.75
1758861026514,0.0,0.0,3961.75
1758861026614,0.0,0.0,3961.75
1758861026719,0.0,0.0,3961.75
1758861026844,0.0,0.0,3961.75
1758861026914,0.0,0.0,3961.75
1758861027014,0.0,0.0,3961.75
1758861027114,0.0,0.0,3961.75
1758861027214,0.0,0.0,3961.75
1758861027315,0.0,0.0,3961.75
1758861027414,0.0,0.0,3961.75
1758861027514,0.0,0.0,3961.75
1758861027614,0.0,0.0,3961.75
1758861027714,0.0,0.0,3961.75
1758861027914,0.0,0.0,3961.75
1758861028014,0.0,0.0,3961.75
1758861028114,0.0,0.0,3961.75
1758861028214,0.0,0.0,3961.75
1758861028314,0.0,0.0,3961.75
1758861028414,0.0,0.0,3961.75
1758861028514,0.0,0.0,3961.75
1758861028614,0.0,0.0,3961.75
1758861028714,0.0,0.0,3961.75
1758861028814,0.0,0.0,3961.74
1758861028914,0.0,0.0,3961.69
1758861029014,0.0,0.0,3961.64
1758861029114,0.0,0.0,3961.64
1758861029214,0.0,0.0,3961.64
1758861029314,0.0,0.0,3961.57
1758861029415,0.0,0.0,3961.57
1758861029515,0.0,0.0,3961.57
1758861029614,0.0,0.0,3961.57
1758861029714,0.0,0.0,3961.57
1758861029814,0.0,0.0,3961.57
1758861029914,0.0,0.0,3961.57
1758861030014,0.0,0.0,3961.57
1758861030114,0.0,0.0,3961.57
1758861030214,0.0,0.0,3961.57
1758861030314,0.0,0.0,3961.57
1758861030415,0.0,0.0,3961.57
1758861030514,0.0,0.0,3961.57
1758861030614,0.0,0.0,3961.57
1758861030714,0.0,0.0,3961.57
1758861030814,0.0,0.0,3961.57
1758861030914,0.0,0.0,3961.57
1758861031014,0.0,0.0,3961.57
1758861031114,0.0,0.0,3961.57
1758861031214,0.0,0.0,3961.57
1758861031414,0.0,0.0,3961.57
1758861031514,0.0,0.0,3961.57
1758861031614,0.0,0.0,3961.57
1758861031714,0.0,0.0,3961.56
1758861031828,0.0,0.0,3961.5
1758861031914,0.0,0.0,3960.85
1758861032014,0.0,0.0,3960.56
1758861032114,0.0,0.0,3960.56
1758861032214,0.0,0.0,3960.54
1758861032314,0.0,0.0,3960.49
1758861032414,0.0,0.0,3960.49
1758861032514,0.0,0.0,3960.49
1758861032627,0.0,0.0,3960.01
1758861032714,0.0,0.0,3960.01
1758861032814,0.0,0.0,3960.0
1758861032914,0.0,0.0,3960.0
1758861033015,0.0,0.0,3960.0
1758861033115,0.0,0.0,3960.0
1758861033215,0.0,0.0,3960.0
1758861033314,0.0,0.0,3960.0
1758861033414,0.0,0.0,3960.0
1758861033515,0.0,0.0,3960.0
1758861033614,0.0,0.0,3960.0
1758861033714,0.0,0.0,3960.0
1758861033814,0.0,0.0,3960.0
1758861033914,0.0,0.0,3960.0
1758861034014,0.0,0.0,3960.0
1758861034114,0.0,0.0,3960.0
1758861034214,0.0,0.0,3960.0
1758861034314,0.0,0.0,3960.0
1758861034414,0.0,0.0,3960.0
1758861034514,0.0,0.0,3960.0
1758861034614,0.0,0.0,3960.0
1758861034714,0.0,0.0,3960.0
1758861034814,0.0,0.0,3960.0
1758861034914,0.0,0.0,3960.0
1758861035014,0.0,0.0,3960.0
1758861035114,0.0,0.0,3960.0
1758861035213,0.0,0.0,3960.0
1758861035314,0.0,0.0,3959.59
1758861035423,0.0,0.0,3958.82
1758861035515,0.0,0.0,3958.82
1758861035614,0.0,0.0,3958.82
1758861035714,0.0,0.0,3958.82
1758861035814,0.0,0.0,3958.82
1758861035914,0.0,0.0,3958.82
1758861036013,0.0,0.0,3958.82
1758861036113,0.0,0.0,3958.82
1758861036215,0.0,0.0,3958.82
1758861036315,0.0,0.0,3958.82
1758861036415,0.0,0.0,3958.82
1758861036514,0.0,0.0,3958.82
1758861036615,0.0,0.0,3958.82
1758861036715,0.0,0.0,3958.82
1758861036817,0.0,0.0,3958.82
1758861036915,0.0,0.0,3958.82
1758861037014,0.0,0.0,3958.83
1758861037114,0.0,0.0,3958.83
1758861037214,0.0,0.0,3958.83
1758861037314,0.0,0.0,3958.83
1758861037414,0.0,0.0,3958.83
1758861037514,0.0,0.0,3958.83
1758861037614,0.0,0.0,3958.83
1758861037714,0.0,0.0,3958.83
1758861037814,0.0,0.0,3958.83
1758861037914,0.0,0.0,3958.83
1758861038013,0.0,0.0,3958.83
1758861038114,0.0,0.0,3958.83
1758861038214,0.0,0.0,3958.83
1758861038314,0.0,0.0,3958.83
1758861038414,0.0,0.0,3958.83
1758861038514,0.0,0.0,3958.83
1758861038614,0.0,0.0,3958.83
1758861038714,0.0,0.0,3958.81
1758861038814,0.0,0.0,3958.81
1758861038914,0.0,0.0,3958.81
1758861039014,0.0,0.0,3958.81
1758861039115,0.0,0.0,3958.81
1758861039213,0.0,0.0,3958.81
1758861039314,0.0,0.0,3958.81
1758861039415,0.0,0.0,3958.81
1758861039515,0.0,0.0,3958.81
1758861039615,0.0,0.0,3958.21
1758861039715,0.0,0.0,3958.21
1758861039814,0.0,0.0,3958.21
1758861039914,0.0,0.0,3958.21
1758861040015,0.0,0.0,3958.21
1758861040114,0.0,0.0,3958.21
1758861040214,0.0,0.0,3958.21
1758861040315,0.0,0.0,3958.21
1758861040415,0.0,0.0,3958.21
1758861040515,0.0,0.0,3958.16
1758861040614,0.0,0.0,3958.02
1758861040714,0.0,0.0,3958.02
1758861040814,0.0,0.0,3958.02
1758861040914,0.0,0.0,3958.02
1758861041014,0.0,0.0,3958.02
1758861041114,0.0,0.0,3958.02
1758861041214,0.0,0.0,3958.02
1758861041314,0.0,0.0,3958.02
1758861041448,0.0,0.0,3956.98
1758861041517,0.0,0.0,3956.98
1758861041614,0.0,0.0,3956.86
1758861041714,0.0,0.0,3956.86
1758861041814,0.0,0.0,3956.86
1758861041915,0.0,0.0,3956.86
1758861042014,0.0,0.0,3956.87
1758861042115,0.0,0.0,3956.86
1758861042214,0.0,0.0,3956.82
1758861042314,0.0,0.0,3956.82
1758861042414,0.0,0.0,3956.66
1758861042514,0.0,0.0,3956.66
1758861042614,0.0,0.0,3956.66
1758861042714,0.0,0.0,3956.66
1758861042814,0.0,0.0,3956.66
1758861042914,0.0,0.0,3956.66
1758861043014,0.0,0.0,3956.66
1758861043114,0.0,0.0,3956.66
1758861043214,0.0,0.0,3957.16
1758861043315,0.0,0.0,3957.19
1758861043415,0.0,0.0,3957.19
1758861043514,0.0,0.0,3957.19
1758861043614,0.0,0.0,3957.19
1758861043715,0.0,0.0,3957.19
1758861043815,0.0,0.0,3957.19
1758861043915,0.0,0.0,3957.19
1758861044015,0.0,0.0,3957.36
1758861044114,0.0,0.0,3957.36
1758861044214,0.0,0.0,3957.36
1758861044314,0.0,0.0,3957.36
1758861044414,0.0,0.0,3957.36
1758861044514,0.0,0.0,3957.49
1758861044614,0.0,0.0,3957.49
1758861044714,0.0,0.0,3957.49
1758861044814,0.0,0.0,3957.49
1758861044914,0.0,0.0,3957.49
1758861045014,0.0,0.0,3957.49
1758861045114,0.0,0.0,3957.49
1758861045214,0.0,0.0,3957.49
1758861045313,0.0,0.0,3957.49
1758861045414,0.0,0.0,3957.49
1758861045514,0.0,0.0,3957.49
1758861045614,0.0,0.0,3957.49
1758861045714,0.0,0.0,3957.49
1758861045815,0.0,0.0,3957.49
1758861045914,0.0,0.0,3957.49
1758861046015,0.0,0.0,3957.49
1758861046115,0.0,0.0,3957.49
1758861046215,0.0,0.0,3957.49
1758861046315,0.0,0.0,3957.49
1758861046414,0.0,0.0,3957.49
1758861046514,0.0,0.0,3957.49
1758861046615,0.0,0.0,3957.49
1758861046714,0.0,0.0,3957.49
1758861046815,0.0,0.0,3957.49
1758861046915,0.0,0.0,3957.49
1758861047044,0.0,0.0,3957.49
1758861047116,0.0,0.0,3957.49
1758861047214,0.0,0.0,3957.49
1758861047314,0.0,0.0,3957.4
1758861047414,0.0,0.0,3957.3
1758861047514,0.0,0.0,3957.3
1758861047614,0.0,0.0,3957.3
1758861047714,0.0,0.0,3957.3
1758861047814,0.0,0.0,3957.3
1758861047914,0.0,0.0,3957.3
1758861048014,0.0,0.0,3957.3
1758861048114,0.0,0.0,3957.3
1758861048214,0.0,0.0,3957.3
1758861048314,0.0,0.0,3957.3
1758861048414,0.0,0.0,3957.26
1758861048514,0.0,0.0,3957.14
1758861048614,0.0,0.0,3957.1
1758861048714,0.0,0.0,3957.1
1758861048814,0.0,0.0,3957.1
1758861048914,0.0,0.0,3957.1
1758861049014,0.0,0.0,3957.02
1758861049114,0.0,0.0,3957.02
1758861049214,0.0,0.0,3957.02
1758861049314,0.0,0.0,3957.01
1758861049414,0.0,0.0,3956.97
1758861049514,0.0,0.0,3956.66
1758861049614,0.0,0.0,3956.66
1758861049714,0.0,0.0,3956.66
1758861049814,0.0,0.0,3956.66
1758861049914,0.0,0.0,3956.66
1758861050014,0.0,0.0,3956.66
1758861050114,0.0,0.0,3956.66
1758861050214,0.0,0.0,3956.66
1758861050314,0.0,0.0,3956.66
1758861050414,0.0,0.0,3956.66
1758861050515,0.0,0.0,3956.66
1758861050615,0.0,0.0,3956.66
1758861050715,0.0,0.0,3956.66
1758861050815,0.0,0.0,3956.66
1758861050915,0.0,0.0,3956.66
1758861051015,0.0,0.0,3956.66
1758861051115,0.0,0.0,3956.66
1758861051215,0.0,0.0,3956.66
1758861051314,0.0,0.0,3956.66
1758861051414,0.0,0.0,3956.66
1758861051515,0.0,0.0,3956.66
1758861051614,0.0,0.0,3956.66
1758861051715,0.0,0.0,3956.66
1758861051814,0.0,0.0,3956.66
1758861051914,0.0,0.0,3956.66
1758861052014,0.0,0.0,3956.66
1758861052128,0.0,0.0,3956.66
1758861052214,0.0,0.0,3956.66
1758861052315,0.0,0.0,3956.66
1758861052414,0.0,0.0,3956.66
1758861052515,0.0,0.0,3956.66
1758861052614,0.0,0.0,3956.66
1758861052714,0.0,0.0,3956.66
1758861052814,0.0,0.0,3956.66
1758861052914,0.0,0.0,3956.66
1758861053015,0.0,0.0,3956.66
1758861053114,0.0,0.0,3956.66
1758861053214,0.0,0.0,3956.66
1758861053314,0.0,0.0,3956.66
1758861053414,0.0,0.0,3956.66
1758861053514,0.0,0.0,3956.66
1758861053614,0.0,0.0,3956.66
1758861053713,0.0,0.0,3956.66
1758861053814,0.0,0.0,3956.66
1758861053914,0.0,0.0,3956.66
1758861054014,0.0,0.0,3956.66
1758861054114,0.0,0.0,3956.66
1758861054315,0.0,0.0,3956.66
1758861054415,0.0,0.0,3956.66
1758861054514,0.0,0.0,3956.66
1758861054614,0.0,0.0,3956.66
1758861054714,0.0,0.0,3956.66
1758861054814,0.0,0.0,3956.66
1758861054914,0.0,0.0,3956.66
1758861055015,0.0,0.0,3956.66
1758861055114,0.0,0.0,3956.66
1758861055214,0.0,0.0,3956.66
1758861055314,0.0,0.0,3956.66
1758861055414,0.0,0.0,3956.66
1758861055516,0.0,0.0,3956.73
1758861055614,0.0,0.0,3956.76
1758861055714,0.0,0.0,3956.76
1758861055815,0.0,0.0,3956.76
1758861055914,0.0,0.0,3956.76
1758861056014,0.0,0.0,3956.76
1758861056114,0.0,0.0,3956.88
1758861056214,0.0,0.0,3956.88
1758861056313,0.0,0.0,3956.88
1758861056415,0.0,0.0,3957.06
1758861056514,0.0,0.0,3957.14
1758861056614,0.0,0.0,3957.14
1758861056714,0.0,0.0,3957.14
1758861056814,0.0,0.0,3957.14
1758861056914,0.0,0.0,3957.14
1758861057014,0.0,0.0,3957.14
1758861057114,0.0,0.0,3957.14
1758861057216,0.0,0.0,3957.14
1758861057314,0.0,0.0,3957.14
1758861057415,0.0,0.0,3957.14
1758861057514,0.0,0.0,3957.14
1758861057614,0.0,0.0,3957.14
1758861057714,0.0,0.0,3957.14
1758861057815,0.0,0.0,3957.14
1758861057914,0.0,0.0,3957.14
1758861058013,0.0,0.0,3957.14
1758861058114,0.0,0.0,3957.14
1758861058214,0.0,0.0,3957.14
1758861058314,0.0,0.0,3957.14
1758861058414,0.0,0.0,3957.14
1758861058521,0.0,0.0,3957.77
1758861058614,0.0,0.0,3957.77
1758861058714,0.0,0.0,3957.77
1758861058815,0.0,0.0,3957.77
1758861058915,0.0,0.0,3957.77
1758861059015,0.0,0.0,3957.77
1758861059114,0.0,0.0,3958.02
1758861059215,0.0,0.0,3958.02
1758861059314,0.0,0.0,3958.02
1758861059415,0.0,0.0,3958.02
1758861059514,0.0,0.0,3958.02
1758861059615,0.0,0.0,3958.02
1758861059715,0.0,0.0,3958.02
1758861059815,0.0,0.0,3958.02
1758861059921,0.0,0.0,3957.68
1758861060014,0.0,0.0,3957.49
1758861060115,0.0,0.0,3957.49
1758861060215,0.0,0.0,3957.5
1758861060314,0.0,0.0,3957.5
1758861060414,0.0,0.0,3957.5
1758861060514,0.0,0.0,3957.5
1758861060615,0.0,0.0,3957.5
1758861060715,0.0,0.0,3957.49
1758861060815,0.0,0.0,3957.49
1758861060914,0.0,0.0,3957.49
1758861061014,0.0,0.0,3957.5
1758861061114,0.0,0.0,3957.5
1758861061215,0.0,0.0,3957.5
1758861061314,0.0,0.0,3957.5
1758861061414,0.0,0.0,3957.5
1758861061514,0.0,0.0,3957.5
1758861061614,0.0,0.0,3957.49
1758861061731,0.0,0.0,3956.97
1758861061815,0.0,0.0,3956.97
1758861061915,0.0,0.0,3956.97
1758861062014,0.0,0.0,3956.97
1758861062114,0.0,0.0,3956.97
1758861062235,0.0,0.0,3956.66
1758861062322,0.0,0.0,3956.66
1758861062414,0.0,0.0,3956.66
1758861062514,0.0,0.0,3956.66
1758861062614,0.0,0.0,3956.66
1758861062714,0.0,0.0,3956.66
1758861062814,0.0,0.0,3956.66
1758861062914,0.0,0.0,3956.66
1758861063014,0.0,0.0,3956.66
1758861063114,0.0,0.0,3956.66
1758861063214,0.0,0.0,3956.66
1758861063314,0.0,0.0,3956.66
1758861063415,0.0,0.0,3956.66
1758861063514,0.0,0.0,3956.66
1758861063615,0.0,0.0,3956.66
1758861063714,0.0,0.0,3956.67
1758861063815,0.0,0.0,3956.67
1758861063914,0.0,0.0,3956.67
1758861064015,0.0,0.0,3956.67
1758861064114,0.0,0.0,3956.67
1758861064215,0.0,0.0,3956.67
1758861064315,0.0,0.0,3956.67
1758861064415,0.0,0.0,3956.67
1758861064515,0.0,0.0,3956.67
1758861064614,0.0,0.0,3956.67
1758861064715,0.0,0.0,3956.67
1758861064815,0.0,0.0,3956.67
1758861064914,0.0,0.0,3956.67
1758861065014,0.0,0.0,3956.67
1758861065114,0.0,0.0,3956.67
1758861065214,0.0,0.0,3956.67
1758861065314,0.0,0.0,3956.67
1758861065414,0.0,0.0,3956.67
1758861065515,0.0,0.0,3956.67
1758861065614,0.0,0.0,3956.5
1758861065714,0.0,0.0,3956.3
1758861065815,0.0,0.0,3955.78
1758861065914,0.0,0.0,3955.76
1758861066014,0.0,0.0,3955.76
1758861066114,0.0,0.0,3955.76
1758861066214,0.0,0.0,3955.77
1758861066314,0.0,0.0,3955.77
1758861066415,0.0,0.0,3955.77
1758861066514,0.0,0.0,3955.77
1758861066614,0.0,0.0,3955.77
1758861066715,0.0,0.0,3955.77
1758861066814,0.0,0.0,3955.77
1758861066914,0.0,0.0,3955.77
1758861067014,0.0,0.0,3955.77
1758861067115,0.0,0.0,3955.77
1758861067215,0.0,0.0,3955.77
1758861067318,0.0,0.0,3955.77
1758861067415,0.0,0.0,3955.77
1758861067514,0.0,0.0,3955.77
1758861067614,0.0,0.0,3955.77
1758861067723,0.0,0.0,3955.02
1758861067815,0.0,0.0,3955.01
1758861067914,0.0,0.0,3955.01
1758861068014,0.0,0.0,3955.01
1758861068114,0.0,0.0,3955.01
1758861068214,0.0,0.0,3955.01
1758861068314,0.0,0.0,3955.01
1758861068414,0.0,0.0,3955.4
1758861068514,0.0,0.0,3955.4
1758861068614,0.0,0.0,3955.4
1758861068714,0.0,0.0,3955.4
1758861068814,0.0,0.0,3955.4
1758861068914,0.0,0.0,3955.4
1758861069014,0.0,0.0,3955.4
1758861069114,0.0,0.0,3955.4
1758861069214,0.0,0.0,3955.4
1758861069314,0.0,0.0,3955.4
1758861069414,0.0,0.0,3955.4
1758861069514,0.0,0.0,3955.4
1758861069615,0.0,0.0,3955.4
1758861069715,0.0,0.0,3955.4
1758861069815,0.0,0.0,3955.4
1758861069915,0.0,0.0,3955.4
1758861070015,0.0,0.0,3955.4
1758861070115,0.0,0.0,3955.4
1758861070214,0.0,0.0,3955.4
1758861070315,0.0,0.0,3955.4
1758861070415,0.0,0.0,3955.4
1758861070515,0.0,0.0,3955.4
1758861070614,0.0,0.0,3955.4
1758861070714,0.0,0.0,3955.4
1758861070814,0.0,0.0,3955.4
1758861070914,0.0,0.0,3955.4
1758861071014,0.0,0.0,3955.39
1758861071114,0.0,0.0,3955.39
1758861071214,0.0,0.0,3955.39
1758861071314,0.0,0.0,3955.39
1758861071414,0.0,0.0,3955.39
1758861071514,0.0,0.0,3955.39
1758861071614,0.0,0.0,3955.39
1758861071714,0.0,0.0,3955.39
1758861071814,0.0,0.0,3955.39
1758861071914,0.0,0.0,3955.39
1758861072014,0.0,0.0,3955.39
1758861072114,0.0,0.0,3955.39
1758861072214,0.0,0.0,3955.39
1758861072314,0.0,0.0,3955.39
1758861072432,0.0,0.0,3955.39
1758861072519,0.0,0.0,3955.2
1758861072614,0.0,0.0,3955.2
1758861072714,0.0,0.0,3955.2
1758861072814,0.0,0.0,3955.2
1758861072914,0.0,0.0,3955.2
1758861073014,0.0,0.0,3955.2
1758861073115,0.0,0.0,3955.2
1758861073215,0.0,0.0,3955.2
1758861073314,0.0,0.0,3955.2
1758861073414,0.0,0.0,3955.2
1758861073515,0.0,0.0,3955.2
1758861073615,0.0,0.0,3955.2
1758861073714,0.0,0.0,3955.2
1758861073814,0.0,0.0,3955.2
1758861073914,0.0,0.0,3955.2
1758861074014,0.0,0.0,3955.2
1758861074115,0.0,0.0,3955.2
1758861074214,0.0,0.0,3955.2
1758861074315,0.0,0.0,3955.2
1758861074415,0.0,0.0,3955.2
1758861074515,0.0,0.0,3955.2
1758861074614,0.0,0.0,3955.2
1758861074715,0.0,0.0,3955.2
1758861074814,0.0,0.0,3955.02
1758861074914,0.0,0.0,3955.02
1758861075014,0.0,0.0,3955.02
1758861075115,0.0,0.0,3955.02
1758861075215,0.0,0.0,3955.02
1758861075315,0.0,0.0,3955.02
1758861075415,0.0,0.0,3955.02
1758861075515,0.0,0.0,3955.02
1758861075615,0.0,0.0,3955.02
1758861075714,0.0,0.0,3955.02
1758861075814,0.0,0.0,3955.02
1758861075914,0.0,0.0,3955.02
1758861076014,0.0,0.0,3955.02
1758861076114,0.0,0.0,3955.02
1758861076214,0.0,0.0,3955.02
1758861076315,0.0,0.0,3955.02
1758861076414,0.0,0.0,3955.02
1758861076515,0.0,0.0,3955.02
1758861076614,0.0,0.0,3955.02
1758861076714,0.0,0.0,3955.02
1758861076814,0.0,0.0,3955.02
1758861076914,0.0,0.0,3955.02
1758861077014,0.0,0.0,3955.02
1758861077114,0.0,0.0,3955.02
1758861077215,0.0,0.0,3955.01
1758861077315,0.0,0.0,3955.01
1758861077416,0.0,0.0,3955.01
1758861077524,0.0,0.0,3955.01
1758861077617,0.0,0.0,3955.01
1758861077715,0.0,0.0,3955.01
1758861077815,0.0,0.0,3955.01
1758861077915,0.0,0.0,3955.01
1758861078014,0.0,0.0,3955.01
1758861078115,0.0,0.0,3955.01
1758861078215,0.0,0.0,3955.01
1758861078315,0.0,0.0,3955.01
1758861078414,0.0,0.0,3955.01
1758861078514,0.0,0.0,3955.01
1758861078614,0.0,0.0,3955.01
1758861078715,0.0,0.0,3955.01
1758861078814,0.0,0.0,3955.0
1758861078914,0.0,0.0,3955.0
1758861079015,0.0,0.0,3955.0
1758861079115,0.0,0.0,3955.0
1758861079214,0.0,0.0,3955.0
1758861079315,0.0,0.0,3954.92
1758861079414,0.0,0.0,3954.86
1758861079515,0.0,0.0,3954.86
1758861079614,0.0,0.0,3954.86
1758861079714,0.0,0.0,3954.86
1758861079814,0.0,0.0,3954.86
1758861079914,0.0,0.0,3954.86
1758861080014,0.0,0.0,3954.86
1758861080114,0.0,0.0,3954.86
1758861080213,0.0,0.0,3954.86
1758861080314,0.0,0.0,3954.86
1758861080413,0.0,0.0,3954.86
1758861080515,0.0,0.0,3954.86
1758861080615,0.0,0.0,3954.86
1758861080715,0.0,0.0,3954.86
1758861080815,0.0,0.0,3954.86
1758861080915,0.0,0.0,3954.86
1758861081014,0.0,0.0,3954.86
1758861081114,0.0,0.0,3954.86
1758861081214,0.0,0.0,3954.86
1758861081314,0.0,0.0,3954.86
1758861081414,0.0,0.0,3954.86
1758861081514,0.0,0.0,3954.86
1758861081615,0.0,0.0,3954.86
1758861081815,0.0,0.0,3954.86
1758861081915,0.0,0.0,3954.96
1758861082015,0.0,0.0,3954.96
1758861082114,0.0,0.0,3954.96
1758861082214,0.0,0.0,3954.96
1758861082314,0.0,0.0,3954.96
1758861082414,0.0,0.0,3954.96
1758861082517,0.0,0.0,3954.96
1758861082615,0.0,0.0,3954.96
1758861082714,0.0,0.0,3954.96
1758861082814,0.0,0.0,3954.96
1758861082915,0.0,0.0,3954.96
1758861083015,0.0,0.0,3954.96
1758861083115,0.0,0.0,3954.96
1758861083214,0.0,0.0,3954.96
1758861083314,0.0,0.0,3954.96
1758861083415,0.0,0.0,3954.96
1758861083514,0.0,0.0,3954.96
1758861083615,0.0,0.0,3954.96
1758861083715,0.0,0.0,3954.96
1758861083814,0.0,0.0,3954.96
1758861083915,0.0,0.0,3954.96
1758861084014,0.0,0.0,3954.96
1758861084114,0.0,0.0,3954.96
1758861084215,0.0,0.0,3954.96
1758861084315,0.0,0.0,3954.96
1758861084414,0.0,0.0,3954.96
1758861084514,0.0,0.0,3954.96
1758861084614,0.0,0.0,3954.96
1758861084714,0.0,0.0,3954.96
1758861084814,0.0,0.0,3954.96
1758861084914,0.0,0.0,3954.96
1758861085014,0.0,0.0,3954.96
1758861085114,0.0,0.0,3954.96
1758861085214,0.0,0.0,3954.96
1758861085314,0.0,0.0,3955.0
1758861085414,0.0,0.0,3955.0
1758861085514,0.0,0.0,3955.0
1758861085614,0.0,0.0,3955.0
1758861085714,0.0,0.0,3955.0
1758861085813,0.0,0.0,3955.0
1758861085914,0.0,0.0,3955.0
1758861086014,0.0,0.0,3955.0
1758861086114,0.0,0.0,3955.0
1758861086214,0.0,0.0,3955.0
1758861086313,0.0,0.0,3955.0
1758861086413,0.0,0.0,3955.0
1758861086515,0.0,0.0,3955.0
1758861086615,0.0,0.0,3955.0
1758861086715,0.0,0.0,3955.0
1758861086815,0.0,0.0,3955.0
1758861086915,0.0,0.0,3955.0
1758861087014,0.0,0.0,3955.0
1758861087115,0.0,0.0,3955.0
1758861087214,0.0,0.0,3955.0
1758861087314,0.0,0.0,3955.0
1758861087415,0.0,0.0,3955.0
1758861087514,0.0,0.0,3955.0
1758861087622,0.0,0.0,3955.0
1758861087755,0.0,0.0,3955.0
1758861087818,0.0,0.0,3955.0
1758861087914,0.0,0.0,3955.0
1758861088014,0.0,0.0,3954.91
1758861088114,0.0,0.0,3954.91
1758861088215,0.0,0.0,3954.91
1758861088314,0.0,0.0,3954.91
1758861088414,0.0,0.0,3954.87
1758861088515,0.0,0.0,3954.87
1758861088615,0.0,0.0,3954.86
1758861088715,0.0,0.0,3954.86
1758861088815,0.0,0.0,3954.86
1758861088915,0.0,0.0,3954.86
1758861089015,0.0,0.0,3954.86
1758861089115,0.0,0.0,3954.86
1758861089215,0.0,0.0,3954.86
1758861089314,0.0,0.0,3954.86
1758861089415,0.0,0.0,3954.86
1758861089515,0.0,0.0,3954.86
1758861089615,0.0,0.0,3954.86
1758861089715,0.0,0.0,3954.86
1758861089814,0.0,0.0,3954.86
1758861089915,0.0,0.0,3954.86
1758861090015,0.0,0.0,3954.86
1758861090114,0.0,0.0,3954.86
1758861090215,0.0,0.0,3954.86
1758861090314,0.0,0.0,3954.86
1758861090414,0.0,0.0,3954.86
1758861090515,0.0,0.0,3954.86
1758861090615,0.0,0.0,3954.86
1758861090715,0.0,0.0,3954.86
1758861090815,0.0,0.0,3954.86
1758861090914,0.0,0.0,3954.86
1758861091014,0.0,0.0,3954.86
1758861091114,0.0,0.0,3954.86
1758861091214,0.0,0.0,3954.86
1758861091314,0.0,0.0,3954.86
1758861091415,0.0,0.0,3954.86
1758861091514,0.0,0.0,3954.86
1758861091614,0.0,0.0,3954.86
1758861091714,0.0,0.0,3954.86
1758861091814,0.0,0.0,3954.86
1758861091915,0.0,0.0,3954.86
1758861092015,0.0,0.0,3954.86
1758861092115,0.0,0.0,3954.86
1758861092215,0.0,0.0,3954.86
1758861092315,0.0,0.0,3954.86
1758861092415,0.0,0.0,3954.86
1758861092515,0.0,0.0,3954.86
1758861092615,0.0,0.0,3954.86
1758861092731,0.0,0.0,3954.86
1758861092830,0.0,0.0,3954.86
1758861092915,0.0,0.0,3954.86
1758861093014,0.0,0.0,3954.86
1758861093115,0.0,0.0,3954.86
1758861093215,0.0,0.0,3954.86
1758861093314,0.0,0.0,3954.86
1758861093415,0.0,0.0,3954.86
1758861093515,0.0,0.0,3954.86
1758861093615,0.0,0.0,3954.86
1758861093715,0.0,0.0,3954.86
1758861093814,0.0,0.0,3954.86
1758861093915,0.0,0.0,3954.86
1758861094015,0.0,0.0,3954.86
1758861094115,0.0,0.0,3954.86
1758861094215,0.0,0.0,3954.86
1758861094314,0.0,0.0,3954.86
1758861094415,0.0,0.0,3954.86
1758861094514,0.0,0.0,3954.86
1758861094614,0.0,0.0,3954.86
1758861094715,0.0,0.0,3954.86
1758861094914,0.0,0.0,3954.86
1758861095015,0.0,0.0,3954.86
1758861095118,0.0,0.0,3954.86
1758861095214,0.0,0.0,3954.86
1758861095315,0.0,0.0,3954.86
1758861095414,0.0,0.0,3954.82
1758861095514,0.0,0.0,3954.82
1758861095614,0.0,0.0,3954.82
1758861095714,0.0,0.0,3954.82
1758861095814,0.0,0.0,3954.82
1758861095914,0.0,0.0,3954.82
1758861096014,0.0,0.0,3954.82
1758861096114,0.0,0.0,3954.82
1758861096214,0.0,0.0,3954.82
1758861096315,0.0,0.0,3954.82
1758861096414,0.0,0.0,3954.82
1758861096514,0.0,0.0,3954.82
1758861096614,0.0,0.0,3954.82
1758861096714,0.0,0.0,3954.82
1758861096815,0.0,0.0,3954.82
1758861096915,0.0,0.0,3954.82
1758861097015,0.0,0.0,3954.82
1758861097114,0.0,0.0,3954.83
1758861097214,0.0,0.0,3954.83
1758861097314,0.0,0.0,3954.82
1758861097414,0.0,0.0,3954.82
1758861097514,0.0,0.0,3954.82
1758861097614,0.0,0.0,3954.82
1758861097714,0.0,0.0,3954.82
1758861097825,0.0,0.0,3954.82
1758861097918,0.0,0.0,3954.82
1758861098014,0.0,0.0,3954.82
1758861098114,0.0,0.0,3954.82
1758861098215,0.0,0.0,3954.78
1758861098315,0.0,0.0,3954.78
1758861098415,0.0,0.0,3954.78
1758861098515,0.0,0.0,3954.78
1758861098615,0.0,0.0,3954.78
1758861098715,0.0,0.0,3954.78
1758861098815,0.0,0.0,3954.78
1758861098915,0.0,0.0,3954.78
1758861099015,0.0,0.0,3954.78
1758861099114,0.0,0.0,3954.78
1758861099215,0.0,0.0,3954.78
1758861099315,0.0,0.0,3954.78
1758861099414,0.0,0.0,3954.78
1758861099515,0.0,0.0,3954.78
1758861099615,0.0,0.0,3954.78
1758861099715,0.0,0.0,3954.78
1758861099815,0.0,0.0,3954.78
1758861099915,0.0,0.0,3954.78
1758861100014,0.0,0.0,3954.78
1758861100114,0.0,0.0,3954.78
1758861100214,0.0,0.0,3954.78
1758861100314,0.0,0.0,3954.78
1758861100414,0.0,0.0,3954.78
1758861100514,0.0,0.0,3954.78
1758861100614,0.0,0.0,3954.79
1758861100714,0.0,0.0,3954.79
1758861100814,0.0,0.0,3954.79
1758861100914,0.0,0.0,3954.79
1758861101014,0.0,0.0,3954.79
1758861101114,0.0,0.0,3954.79
1758861101214,0.0,0.0,3954.79
1758861101314,0.0,0.0,3954.78
1758861101414,0.0,0.0,3954.78
1758861101515,0.0,0.0,3954.78
1758861101615,0.0,0.0,3954.78
1758861101715,0.0,0.0,3954.79
1758861101815,0.0,0.0,3954.79
1758861101915,0.0,0.0,3954.79
1758861102015,0.0,0.0,3954.79
1758861102115,0.0,0.0,3954.79
1758861102215,0.0,0.0,3954.79
1758861102315,0.0,0.0,3954.79
1758861102415,0.0,0.0,3954.79
1758861102515,0.0,0.0,3954.79
1758861102615,0.0,0.0,3954.79
1758861102715,0.0,0.0,3954.79
1758861102815,0.0,0.0,3954.79
1758861102915,0.0,0.0,3954.79
1758861103015,0.0,0.0,3954.79
1758861103115,0.0,0.0,3954.79
1758861103215,0.0,0.0,3954.79
1758861103315,0.0,0.0,3954.79
1758861103414,0.0,0.0,3954.79
1758861103514,0.0,0.0,3954.76
1758861103615,0.0,0.0,3954.76
1758861103714,0.0,0.0,3954.76
1758861103814,0.0,0.0,3954.76
1758861103914,0.0,0.0,3954.76
1758861104014,0.0,0.0,3954.76
1758861104114,0.0,0.0,3954.76
1758861104214,0.0,0.0,3954.76
1758861104315,0.0,0.0,3954.76
1758861104414,0.0,0.0,3954.76
1758861104514,0.0,0.0,3954.77
1758861104614,0.0,0.0,3954.77
1758861104714,0.0,0.0,3954.77
1758861104814,0.0,0.0,3954.77
1758861104914,0.0,0.0,3954.77
1758861105014,0.0,0.0,3954.77
1758861105114,0.0,0.0,3954.77
1758861105215,0.0,0.0,3954.77
1758861105315,0.0,0.0,3954.77
1758861105415,0.0,0.0,3954.77
1758861105515,0.0,0.0,3954.77
1758861105615,0.0,0.0,3954.77
1758861105715,0.0,0.0,3954.77
1758861105815,0.0,0.0,3954.77
1758861105915,0.0,0.0,3954.77
1758861106015,0.0,0.0,3954.77
1758861106115,0.0,0.0,3954.87
1758861106215,0.0,0.0,3954.87
1758861106315,0.0,0.0,3954.87
1758861106415,0.0,0.0,3954.87
1758861106515,0.0,0.0,3954.87
1758861106614,0.0,0.0,3954.87
1758861106715,0.0,0.0,3954.87
1758861106815,0.0,0.0,3954.87
1758861106915,0.0,0.0,3954.87
1758861107015,0.0,0.0,3954.69
1758861107115,0.0,0.0,3954.64
1758861107215,0.0,0.0,3954.61
1758861107315,0.0,0.0,3954.61
1758861107415,0.0,0.0,3954.61
1758861107515,0.0,0.0,3954.61
1758861107614,0.0,0.0,3954.61
1758861107715,0.0,0.0,3954.61
1758861107814,0.0,0.0,3954.61
1758861107931,0.0,0.0,3954.61
1758861108017,0.0,0.0,3954.61
1758861108114,0.0,0.0,3954.61
1758861108215,0.0,0.0,3954.61
1758861108314,0.0,0.0,3954.61
1758861108414,0.0,0.0,3954.61
1758861108514,0.0,0.0,3954.61
1758861108614,0.0,0.0,3954.61
1758861108715,0.0,0.0,3954.61
1758861108815,0.0,0.0,3954.61
1758861108915,0.0,0.0,3954.61
1758861109015,0.0,0.0,3954.61
1758861109115,0.0,0.0,3954.61
1758861109215,0.0,0.0,3954.61
1758861109315,0.0,0.0,3954.61
1758861109415,0.0,0.0,3954.61
1758861109515,0.0,0.0,3954.61
1758861109615,0.0,0.0,3954.61
1758861109715,0.0,0.0,3954.61
1758861109815,0.0,0.0,3954.61
1758861109915,0.0,0.0,3954.61
1758861110015,0.0,0.0,3954.61
1758861110115,0.0,0.0,3954.61
1758861110215,0.0,0.0,3954.61
1758861110315,0.0,0.0,3954.61
1758861110415,0.0,0.0,3954.61
1758861110515,0.0,0.0,3954.61
1758861110614,0.0,0.0,3954.61
1758861110714,0.0,0.0,3954.61
1758861110814,0.0,0.0,3954.61
1758861110915,0.0,0.0,3954.61
1758861111014,0.0,0.0,3954.61
1758861111114,0.0,0.0,3954.61
1758861111214,0.0,0.0,3954.61
1758861111314,0.0,0.0,3954.61
1758861111414,0.0,0.0,3954.61
1758861111515,0.0,0.0,3954.61
1758861111614,0.0,0.0,3954.61
1758861111714,0.0,0.0,3954.61
1758861111814,0.0,0.0,3954.61
1758861111914,0.0,0.0,3954.61
1758861112014,0.0,0.0,3954.61
1758861112114,0.0,0.0,3954.61
1758861112214,0.0,0.0,3954.61
1758861112314,0.0,0.0,3954.61
1758861112415,0.0,0.0,3954.61
1758861112615,0.0,0.0,3954.61
1758861112715,0.0,0.0,3954.61
1758861112815,0.0,0.0,3954.61
1758861112915,0.0,0.0,3954.61
1758861113026,0.0,0.0,3954.61
1758861113115,0.0,0.0,3954.61
1758861113215,0.0,0.0,3954.61
1758861113315,0.0,0.0,3954.61
1758861113415,0.0,0.0,3954.61
1758861113514,0.0,0.0,3954.61
1758861113614,0.0,0.0,3954.61
1758861113715,0.0,0.0,3954.61
1758861113815,0.0,0.0,3954.61
1758861113914,0.0,0.0,3954.61
1758861114014,0.0,0.0,3954.61
1758861114114,0.0,0.0,3954.61
1758861114214,0.0,0.0,3954.61
1758861114315,0.0,0.0,3954.61
1758861114416,0.0,0.0,3954.63
1758861114515,0.0,0.0,3954.81
1758861114615,0.0,0.0,3954.81
1758861114715,0.0,0.0,3954.87
1758861114815,0.0,0.0,3954.87
1758861114915,0.0,0.0,3954.87
1758861115015,0.0,0.0,3954.87
1758861115115,0.0,0.0,3954.87
1758861115215,0.0,0.0,3954.87
1758861115315,0.0,0.0,3954.87
1758861115415,0.0,0.0,3954.87
1758861115515,0.0,0.0,3954.87
1758861115615,0.0,0.0,3954.87
1758861115715,0.0,0.0,3954.87
1758861115815,0.0,0.0,3954.97
1758861115915,0.0,0.0,3954.97
1758861116014,0.0,0.0,3954.97
1758861116115,0.0,0.0,3954.97
1758861116215,0.0,0.0,3954.97
1758861116315,0.0,0.0,3954.97
1758861116415,0.0,0.0,3954.97
1758861116515,0.0,0.0,3954.97
1758861116615,0.0,0.0,3954.97
1758861116715,0.0,0.0,3954.97
1758861116815,0.0,0.0,3954.97
1758861116915,0.0,0.0,3954.97
1758861117015,0.0,0.0,3954.97
1758861117114,0.0,0.0,3954.97
1758861117214,0.0,0.0,3954.97
1758861117314,0.0,0.0,3955.0
1758861117415,0.0,0.0,3955.0
1758861117515,0.0,0.0,3955.0
1758861117627,0.0,0.0,3955.27
1758861117715,0.0,0.0,3955.41
1758861117815,0.0,0.0,3955.41
1758861117914,0.0,0.0,3955.57
1758861118014,0.0,0.0,3955.58
1758861118135,0.0,0.0,3955.58
1758861118221,0.0,0.0,3955.58
1758861118314,0.0,0.0,3955.58
1758861118414,0.0,0.0,3955.58
1758861118514,0.0,0.0,3955.58
1758861118616,0.0,0.0,3955.58
1758861118715,0.0,0.0,3955.58
1758861118815,0.0,0.0,3955.58
1758861118915,0.0,0.0,3955.58
1758861119015,0.0,0.0,3955.58
1758861119115,0.0,0.0,3955.58
1758861119215,0.0,0.0,3955.58
1758861119315,0.0,0.0,3955.58
1758861119415,0.0,0.0,3955.58
1758861119515,0.0,0.0,3955.58
1758861119615,0.0,0.0,3955.58
1758861119715,0.0,0.0,3955.58
1758861119815,0.0,0.0,3955.58
1758861119914,0.0,0.0,3955.58
1758861120015,0.0,0.0,3955.58
1758861120115,0.0,0.0,3955.61
1758861120215,0.0,0.0,3955.61
1758861120314,0.0,0.0,3955.61
1758861120415,0.0,0.0,3955.42
1758861120515,0.0,0.0,3955.42
1758861120615,0.0,0.0,3955.42
1758861120715,0.0,0.0,3955.42
1758861120815,0.0,0.0,3955.42
1758861120915,0.0,0.0,3955.42
1758861121015,0.0,0.0,3955.42
1758861121114,0.0,0.0,3955.42
1758861121214,0.0,0.0,3955.42
1758861121314,0.0,0.0,3955.22
1758861121414,0.0,0.0,3955.22
1758861121515,0.0,0.0,3955.22
1758861121614,0.0,0.0,3955.22
1758861121714,0.0,0.0,3955.22
1758861121814,0.0,0.0,3955.22
1758861121914,0.0,0.0,3955.22
1758861122014,0.0,0.0,3955.22
1758861122114,0.0,0.0,3955.01
1758861122214,0.0,0.0,3955.01
1758861122314,0.0,0.0,3955.01
1758861122415,0.0,0.0,3955.01
1758861122515,0.0,0.0,3955.01
1758861122615,0.0,0.0,3955.01
1758861122715,0.0,0.0,3955.01
1758861122815,0.0,0.0,3955.01
1758861122915,0.0,0.0,3955.01
1758861123015,0.0,0.0,3955.01
1758861123115,0.0,0.0,3955.01
1758861123217,0.0,0.0,3955.01
1758861123316,0.0,0.0,3955.01
1758861123415,0.0,0.0,3955.01
1758861123515,0.0,0.0,3955.01
1758861123615,0.0,0.0,3955.01
1758861123715,0.0,0.0,3954.62
1758861123815,0.0,0.0,3954.62
1758861123915,0.0,0.0,3954.62
1758861124015,0.0,0.0,3954.62
1758861124115,0.0,0.0,3954.62
1758861124215,0.0,0.0,3954.62
1758861124315,0.0,0.0,3954.62
1758861124415,0.0,0.0,3954.62
1758861124514,0.0,0.0,3954.62
1758861124614,0.0,0.0,3954.62
1758861124714,0.0,0.0,3954.62
1758861124814,0.0,0.0,3954.62
1758861124914,0.0,0.0,3954.62
1758861125014,0.0,0.0,3954.62
1758861125114,0.0,0.0,3954.62
1758861125215,0.0,0.0,3954.62
1758861125315,0.0,0.0,3954.62
1758861125415,0.0,0.0,3954.62
1758861125515,0.0,0.0,3954.62
1758861125615,0.0,0.0,3954.62
1758861125715,0.0,0.0,3954.62
1758861125815,0.0,0.0,3954.62
1758861125915,0.0,0.0,3954.62
1758861126015,0.0,0.0,3954.62
1758861126116,0.0,0.0,3954.62
1758861126215,0.0,0.0,3954.62
1758861126315,0.0,0.0,3954.62
1758861126420,0.0,0.0,3955.01
1758861126515,0.0,0.0,3955.37
1758861126615,0.0,0.0,3955.37
1758861126715,0.0,0.0,3955.37
1758861126815,0.0,0.0,3955.37
1758861126915,0.0,0.0,3955.37
1758861127015,0.0,0.0,3955.37
1758861127115,0.0,0.0,3955.39
1758861127215,0.0,0.0,3955.39
1758861127315,0.0,0.0,3955.39
1758861127415,0.0,0.0,3955.39
1758861127515,0.0,0.0,3955.39
1758861127615,0.0,0.0,3955.39
1758861127715,0.0,0.0,3955.39
1758861127815,0.0,0.0,3955.39
1758861127915,0.0,0.0,3955.39
1758861128015,0.0,0.0,3955.39
1758861128115,0.0,0.0,3955.39
1758861128214,0.0,0.0,3955.39
1758861128315,0.0,0.0,3955.39
1758861128416,0.0,0.0,3955.39
1758861128514,0.0,0.0,3955.43
1758861128614,0.0,0.0,3955.43
1758861128715,0.0,0.0,3955.43
1758861128814,0.0,0.0,3955.43
1758861128915,0.0,0.0,3955.43
1758861129014,0.0,0.0,3955.43
1758861129114,0.0,0.0,3955.43
1758861129214,0.0,0.0,3955.43
1758861129315,0.0,0.0,3955.44
1758861129415,0.0,0.0,3955.44
1758861129515,0.0,0.0,3955.44
1758861129615,0.0,0.0,3955.44
1758861129715,0.0,0.0,3955.44
1758861129815,0.0,0.0,3955.44
1758861129915,0.0,0.0,3955.44
1758861130015,0.0,0.0,3955.44
1758861130115,0.0,0.0,3955.44
1758861130215,0.0,0.0,3955.44
1758861130315,0.0,0.0,3955.43
1758861130415,0.0,0.0,3955.43
1758861130515,0.0,0.0,3955.43
1758861130615,0.0,0.0,3955.43
1758861130715,0.0,0.0,3955.43
1758861130815,0.0,0.0,3955.43
1758861130915,0.0,0.0,3955.43
1758861131015,0.0,0.0,3955.43
1758861131115,0.0,0.0,3955.43
1758861131215,0.0,0.0,3955.43
1758861131315,0.0,0.0,3955.43
1758861131415,0.0,0.0,3955.43
1758861131515,0.0,0.0,3955.43
1758861131615,0.0,0.0,3955.43
1758861131715,0.0,0.0,3955.43
1758861131815,0.0,0.0,3955.43
1758861131914,0.0,0.0,3955.43
1758861132015,0.0,0.0,3955.43
1758861132115,0.0,0.0,3955.43
1758861132215,0.0,0.0,3955.43
1758861132315,0.0,0.0,3955.43
1758861132414,0.0,0.0,3955.43
1758861132514,0.0,0.0,3955.43
1758861132615,0.0,0.0,3955.43
1758861132716,0.0,0.0,3955.43
1758861132815,0.0,0.0,3955.43
1758861132915,0.0,0.0,3955.43
1758861133015,0.0,0.0,3955.43
1758861133115,0.0,0.0,3955.43
1758861133215,0.0,0.0,3955.43
1758861133336,0.0,0.0,3955.57
1758861133429,0.0,0.0,3955.57
1758861133515,0.0,0.0,3955.57
1758861133615,0.0,0.0,3955.57
1758861133714,0.0,0.0,3955.57
1758861133815,0.0,0.0,3955.57
1758861133915,0.0,0.0,3955.57
1758861134014,0.0,0.0,3955.57
1758861134114,0.0,0.0,3955.57
1758861134214,0.0,0.0,3955.57
1758861134314,0.0,0.0,3955.57
1758861134415,0.0,0.0,3955.57
1758861134515,0.0,0.0,3955.57
1758861134614,0.0,0.0,3955.57
1758861134715,0.0,0.0,3955.57
1758861134815,0.0,0.0,3955.57
1758861134915,0.0,0.0,3955.57
1758861135015,0.0,0.0,3955.57
1758861135115,0.0,0.0,3955.57
1758861135215,0.0,0.0,3955.57
1758861135315,0.0,0.0,3955.57
1758861135415,0.0,0.0,3955.57
1758861135515,0.0,0.0,3955.57
1758861135615,0.0,0.0,3955.57
1758861135715,0.0,0.0,3955.57
1758861135815,0.0,0.0,3955.57
1758861135915,0.0,0.0,3955.57
1758861136015,0.0,0.0,3955.57
1758861136115,0.0,0.0,3955.57
1758861136215,0.0,0.0,3955.57
1758861136315,0.0,0.0,3955.57
1758861136415,0.0,0.0,3955.57
1758861136515,0.0,0.0,3955.57
1758861136615,0.0,0.0,3955.57
1758861136715,0.0,0.0,3955.57
1758861136815,0.0,0.0,3955.57
1758861136915,0.0,0.0,3955.57
1758861137015,0.0,0.0,3955.57
1758861137115,0.0,0.0,3955.57
1758861137214,0.0,0.0,3955.57
1758861137315,0.0,0.0,3955.57
1758861137415,0.0,0.0,3955.57
1758861137515,0.0,0.0,3955.57
1758861137615,0.0,0.0,3955.57
1758861137715,0.0,0.0,3955.57
1758861137815,0.0,0.0,3955.57
1758861137915,0.0,0.0,3955.57
1758861138015,0.0,0.0,3955.57
1758861138115,0.0,0.0,3955.57
1758861138214,0.0,0.0,3955.57
1758861138314,0.0,0.0,3955.57
1758861138415,0.0,0.0,3955.57
1758861138516,0.0,0.0,3955.57
1758861138615,0.0,0.0,3955.57
1758861138714,0.0,0.0,3955.58
1758861138815,0.0,0.0,3955.58
1758861138915,0.0,0.0,3955.58
1758861139015,0.0,0.0,3955.58
1758861139115,0.0,0.0,3955.58
1758861139215,0.0,0.0,3955.58
1758861139315,0.0,0.0,3955.58
1758861139415,0.0,0.0,3955.58
1758861139515,0.0,0.0,3955.58
1758861139615,0.0,0.0,3955.58
1758861139715,0.0,0.0,3955.58
1758861139815,0.0,0.0,3955.58
1758861139915,0.0,0.0,3955.58
1758861140015,0.0,0.0,3955.58
1758861140115,0.0,0.0,3955.58
1758861140215,0.0,0.0,3955.58
1758861140315,0.0,0.0,3955.58
1758861140415,0.0,0.0,3955.58
1758861140515,0.0,0.0,3955.58
1758861140615,0.0,0.0,3955.58
1758861140715,0.0,0.0,3955.58
1758861140815,0.0,0.0,3955.58
1758861140915,0.0,0.0,3955.58
1758861141015,0.0,0.0,3955.58
1758861141115,0.0,0.0,3955.58
1758861141215,0.0,0.0,3955.58
1758861141315,0.0,0.0,3955.58
1758861141415,0.0,0.0,3955.58
1758861141515,0.0,0.0,3955.58
1758861141615,0.0,0.0,3955.58
1758861141715,0.0,0.0,3955.58
1758861141815,0.0,0.0,3955.58
1758861141915,0.0,0.0,3955.58
1758861142014,0.0,0.0,3955.58
1758861142115,0.0,0.0,3955.58
1758861142215,0.0,0.0,3955.58
1758861142315,0.0,0.0,3955.58
1758861142415,0.0,0.0,3955.58
1758861142515,0.0,0.0,3955.58
1758861142615,0.0,0.0,3955.58
1758861142715,0.0,0.0,3955.58
1758861142815,0.0,0.0,3955.58
1758861142915,0.0,0.0,3955.58
1758861143015,0.0,0.0,3955.58
1758861143115,0.0,0.0,3955.58
1758861143215,0.0,0.0,3955.58
1758861143415,0.0,0.0,3955.58
1758861143542,0.0,0.0,3955.58
1758861143614,0.0,0.0,3955.58
1758861143715,0.0,0.0,3955.58
1758861143815,0.0,0.0,3955.58
1758861143914,0.0,0.0,3955.58
1758861144014,0.0,0.0,3955.58
1758861144115,0.0,0.0,3955.58
1758861144214,0.0,0.0,3955.58
1758861144314,0.0,0.0,3955.58
1758861144415,0.0,0.0,3955.58
1758861144515,0.0,0.0,3955.58
1758861144615,0.0,0.0,3955.58
1758861144715,0.0,0.0,3955.58
1758861144815,0.0,0.0,3955.58
1758861144915,0.0,0.0,3955.58
1758861145015,0.0,0.0,3955.58
1758861145115,0.0,0.0,3955.58
1758861145215,0.0,0.0,3955.58
1758861145315,0.0,0.0,3955.58
1758861145415,0.0,0.0,3955.58
1758861145515,0.0,0.0,3955.58
1758861145615,0.0,0.0,3955.58
1758861145715,0.0,0.0,3955.58
1758861145815,0.0,0.0,3955.58
1758861145915,0.0,0.0,3955.58
1758861146015,0.0,0.0,3955.58
1758861146115,0.0,0.0,3955.58
1758861146215,0.0,0.0,3955.58
1758861146315,0.0,0.0,3955.58
1758861146415,0.0,0.0,3955.58
1758861146515,0.0,0.0,3955.58
1758861146615,0.0,0.0,3955.58
1758861146715,0.0,0.0,3955.58
1758861146815,0.0,0.0,3955.58
1758861146915,0.0,0.0,3955.58
1758861147015,0.0,0.0,3955.58
1758861147115,0.0,0.0,3955.58
1758861147215,0.0,0.0,3955.58
1758861147314,0.0,0.0,3955.58
1758861147414,0.0,0.0,3955.58
1758861147515,0.0,0.0,3955.58
1758861147615,0.0,0.0,3955.58
1758861147715,0.0,0.0,3955.58
1758861147815,0.0,0.0,3955.58
1758861147914,0.0,0.0,3955.58
1758861148015,0.0,0.0,3955.58
1758861148114,0.0,0.0,3955.58
1758861148214,0.0,0.0,3955.58
1758861148315,0.0,0.0,3955.58
1758861148414,0.0,0.0,3955.58
1758861148514,0.0,0.0,3955.18
1758861148629,0.0,0.0,3954.98
1758861148733,0.0,0.0,3954.98
1758861148816,0.0,0.0,3954.86
1758861148915,0.0,0.0,3954.86
1758861149015,0.0,0.0,3954.86
1758861149115,0.0,0.0,3954.86
1758861149215,0.0,0.0,3954.86
1758861149315,0.0,0.0,3954.86
1758861149415,0.0,0.0,3954.86
1758861149515,0.0,0.0,3954.86
1758861149615,0.0,0.0,3954.86
1758861149715,0.0,0.0,3954.86
1758861149815,0.0,0.0,3954.86
1758861149915,0.0,0.0,3954.86
1758861150015,0.0,0.0,3954.86
1758861150115,0.0,0.0,3954.86
1758861150215,0.0,0.0,3954.86
1758861150315,0.0,0.0,3954.87
1758861150415,0.0,0.0,3955.39
1758861150515,0.0,0.0,3955.39
1758861150615,0.0,0.0,3955.39
1758861150715,0.0,0.0,3955.39
1758861150815,0.0,0.0,3955.39
1758861150915,0.0,0.0,3955.39
1758861151015,0.0,0.0,3955.39
1758861151115,0.0,0.0,3955.61
1758861151214,0.0,0.0,3955.61
1758861151315,0.0,0.0,3955.61
1758861151415,0.0,0.0,3955.61
1758861151515,0.0,0.0,3955.61
1758861151615,0.0,0.0,3955.61
1758861151715,0.0,0.0,3955.61
1758861151815,0.0,0.0,3955.61
1758861151915,0.0,0.0,3955.61
1758861152015,0.0,0.0,3955.61
1758861152115,0.0,0.0,3955.83
1758861152215,0.0,0.0,3955.83
1758861152315,0.0,0.0,3955.83
1758861152415,0.0,0.0,3955.83
1758861152515,0.0,0.0,3955.83
1758861152615,0.0,0.0,3955.83
1758861152715,0.0,0.0,3955.83
1758861152815,0.0,0.0,3955.83
1758861152915,0.0,0.0,3955.83
1758861153015,0.0,0.0,3955.83
1758861153115,0.0,0.0,3955.83
1758861153214,0.0,0.0,3955.83
1758861153314,0.0,0.0,3955.83
1758861153415,0.0,0.0,3955.83
1758861153515,0.0,0.0,3955.83
1758861153615,0.0,0.0,3955.83
1758861153727,0.0,0.0,3955.83
1758861153818,0.0,0.0,3955.83
1758861153916,0.0,0.0,3955.83
1758861154016,0.0,0.0,3955.83
1758861154115,0.0,0.0,3955.83
1758861154215,0.0,0.0,3955.83
1758861154315,0.0,0.0,3955.83
1758861154416,0.0,0.0,3955.83
1758861154515,0.0,0.0,3955.83
1758861154615,0.0,0.0,3955.83
1758861154715,0.0,0.0,3955.83
1758861154815,0.0,0.0,3955.83
1758861154915,0.0,0.0,3955.83
1758861155015,0.0,0.0,3955.83
1758861155115,0.0,0.0,3955.83
1758861155215,0.0,0.0,3955.83
1758861155315,0.0,0.0,3955.83
1758861155415,0.0,0.0,3955.83
1758861155515,0.0,0.0,3955.83
1758861155615,0.0,0.0,3955.83
1758861155715,0.0,0.0,3955.83
1758861155815,0.0,0.0,3955.83
1758861155915,0.0,0.0,3955.83
1758861156015,0.0,0.0,3955.83
1758861156115,0.0,0.0,3955.83
1758861156215,0.0,0.0,3955.83
1758861156315,0.0,0.0,3955.83
1758861156415,0.0,0.0,3955.83
1758861156515,0.0,0.0,3955.83
1758861156615,0.0,0.0,3955.97
1758861156715,0.0,0.0,3956.18
1758861156815,0.0,0.0,3956.18
1758861156915,0.0,0.0,3956.18
1758861157015,0.0,0.0,3956.18
1758861157115,0.0,0.0,3956.18
1758861157215,0.0,0.0,3956.18
1758861157315,0.0,0.0,3956.18
1758861157415,0.0,0.0,3956.18
1758861157515,0.0,0.0,3956.18
1758861157615,0.0,0.0,3956.18
1758861157715,0.0,0.0,3956.18
1758861157815,0.0,0.0,3956.18
1758861157915,0.0,0.0,3956.18
1758861158015,0.0,0.0,3956.18
1758861158115,0.0,0.0,3956.18
1758861158215,0.0,0.0,3956.18
1758861158315,0.0,0.0,3956.18
1758861158415,0.0,0.0,3956.18
1758861158515,0.0,0.0,3956.18
1758861158615,0.0,0.0,3956.18
1758861158723,0.0,0.0,3956.18
1758861158825,0.0,0.0,3956.36
1758861158916,0.0,0.0,3956.36
1758861159015,0.0,0.0,3956.36
1758861159115,0.0,0.0,3956.36
1758861159215,0.0,0.0,3956.36
1758861159315,0.0,0.0,3956.36
1758861159415,0.0,0.0,3956.36
1758861159515,0.0,0.0,3956.36
1758861159615,0.0,0.0,3956.36
1758861159715,0.0,0.0,3956.36
1758861159815,0.0,0.0,3956.36
1758861159915,0.0,0.0,3956.36
1758861160015,0.0,0.0,3956.36
1758861160115,0.0,0.0,3956.36
1758861160215,0.0,0.0,3956.36
1758861160315,0.0,0.0,3956.36
1758861160414,0.0,0.0,3956.36
1758861160516,0.0,0.0,3956.36
1758861160615,0.0,0.0,3956.36
1758861160716,0.0,0.0,3956.36
1758861160816,0.0,0.0,3956.36
1758861160915,0.0,0.0,3956.36
1758861161015,0.0,0.0,3956.36
1758861161116,0.0,0.0,3956.36
1758861161215,0.0,0.0,3956.36
1758861161315,0.0,0.0,3956.36
1758861161415,0.0,0.0,3956.36
1758861161515,0.0,0.0,3956.27
1758861161615,0.0,0.0,3956.27
1758861161715,0.0,0.0,3956.27
1758861161815,0.0,0.0,3956.27
1758861161915,0.0,0.0,3956.27
1758861162015,0.0,0.0,3956.27
1758861162115,0.0,0.0,3956.27
1758861162215,0.0,0.0,3956.27
1758861162315,0.0,0.0,3956.27
1758861162414,0.0,0.0,3956.27
1758861162514,0.0,0.0,3956.27
1758861162615,0.0,0.0,3956.27
1758861162714,0.0,0.0,3956.27
1758861162815,0.0,0.0,3956.27
1758861162914,0.0,0.0,3956.27
1758861163015,0.0,0.0,3956.27
1758861163114,0.0,0.0,3956.27
1758861163215,0.0,0.0,3956.27
1758861163315,0.0,0.0,3956.27
1758861163416,0.0,0.0,3956.27
1758861163515,0.0,0.0,3956.27
1758861163615,0.0,0.0,3955.71
1758861163715,0.0,0.0,3955.71
1758861163818,0.0,0.0,3955.71
1758861163915,0.0,0.0,3955.71
1758861164015,0.0,0.0,3955.71
1758861164115,0.0,0.0,3955.71
1758861164215,0.0,0.0,3955.71
1758861164315,0.0,0.0,3955.71
1758861164415,0.0,0.0,3955.71
1758861164515,0.0,0.0,3955.71
1758861164615,0.0,0.0,3955.71
1758861164715,0.0,0.0,3955.71
1758861164815,0.0,0.0,3955.71
1758861164915,0.0,0.0,3955.71
1758861165015,0.0,0.0,3955.71
1758861165115,0.0,0.0,3955.71
1758861165214,0.0,0.0,3955.71
1758861165315,0.0,0.0,3955.71
1758861165415,0.0,0.0,3955.71
1758861165514,0.0,0.0,3955.71
1758861165615,0.0,0.0,3955.71
1758861165714,0.0,0.0,3955.71
1758861165815,0.0,0.0,3955.71
1758861165916,0.0,0.0,3955.71
1758861166015,0.0,0.0,3955.71
1758861166115,0.0,0.0,3955.71
1758861166215,0.0,0.0,3955.71
1758861166315,0.0,0.0,3955.71
1758861166415,0.0,0.0,3955.71
1758861166515,0.0,0.0,3955.71
1758861166615,0.0,0.0,3955.71
1758861166715,0.0,0.0,3955.71
1758861166815,0.0,0.0,3955.71
1758861166915,0.0,0.0,3955.71
1758861167014,0.0,0.0,3955.71
1758861167115,0.0,0.0,3955.71
1758861167215,0.0,0.0,3955.71
1758861167314,0.0,0.0,3955.71
1758861167415,0.0,0.0,3955.71
1758861167515,0.0,0.0,3955.71
1758861167614,0.0,0.0,3955.71
1758861167715,0.0,0.0,3955.71
1758861167815,0.0,0.0,3955.71
1758861167916,0.0,0.0,3955.71
1758861168016,0.0,0.0,3955.71
1758861168115,0.0,0.0,3955.71
1758861168215,0.0,0.0,3955.71
1758861168315,0.0,0.0,3955.71
1758861168415,0.0,0.0,3955.71
1758861168515,0.0,0.0,3955.71
1758861168615,0.0,0.0,3955.71
1758861168715,0.0,0.0,3955.71
1758861168815,0.0,0.0,3955.71
1758861168934,0.0,0.0,3955.7
1758861169016,0.0,0.0,3955.7
1758861169115,0.0,0.0,3955.7
1758861169215,0.0,0.0,3955.7
1758861169315,0.0,0.0,3955.7
1758861169415,0.0,0.0,3955.7
1758861169515,0.0,0.0,3955.7
1758861169615,0.0,0.0,3955.7
1758861169715,0.0,0.0,3955.7
1758861169815,0.0,0.0,3955.7
1758861169915,0.0,0.0,3955.7
1758861170015,0.0,0.0,3955.7
1758861170115,0.0,0.0,3955.7
1758861170215,0.0,0.0,3955.7
1758861170314,0.0,0.0,3955.7
1758861170415,0.0,0.0,3955.7
1758861170515,0.0,0.0,3955.7
1758861170615,0.0,0.0,3955.7
1758861170715,0.0,0.0,3955.7
1758861170815,0.0,0.0,3955.7
1758861170916,0.0,0.0,3955.7
1758861171015,0.0,0.0,3955.7
1758861171116,0.0,0.0,3955.7
1758861171215,0.0,0.0,3955.7
1758861171315,0.0,0.0,3955.7
1758861171416,0.0,0.0,3955.7
1758861171515,0.0,0.0,3955.7
1758861171616,0.0,0.0,3955.7
1758861171716,0.0,0.0,3955.7
1758861171816,0.0,0.0,3955.7
1758861171915,0.0,0.0,3955.7
1758861172015,0.0,0.0,3955.7
1758861172115,0.0,0.0,3955.7
1758861172215,0.0,0.0,3955.7
1758861172315,0.0,0.0,3955.7
1758861172415,0.0,0.0,3955.7
1758861172515,0.0,0.0,3955.7
1758861172615,0.0,0.0,3955.7
1758861172715,0.0,0.0,3955.7
1758861172815,0.0,0.0,3955.7
1758861172915,0.0,0.0,3955.7
1758861173015,0.0,0.0,3955.7
1758861173115,0.0,0.0,3955.7
1758861173215,0.0,0.0,3955.7
1758861173314,0.0,0.0,3955.7
1758861173415,0.0,0.0,3955.7
1758861173514,0.0,0.0,3955.7
1758861173615,0.0,0.0,3955.7
1758861173714,0.0,0.0,3955.7
1758861173814,0.0,0.0,3955.7
1758861173915,0.0,0.0,3955.7
1758861174025,0.0,0.0,3955.7
1758861174121,0.0,0.0,3955.7
1758861174215,0.0,0.0,3955.7
1758861174315,0.0,0.0,3955.69
1758861174415,0.0,0.0,3955.69
1758861174515,0.0,0.0,3955.69
1758861174615,0.0,0.0,3955.69
1758861174715,0.0,0.0,3955.69
1758861174815,0.0,0.0,3955.69
1758861174916,0.0,0.0,3955.69
1758861175016,0.0,0.0,3955.69
1758861175116,0.0,0.0,3955.69
1758861175216,0.0,0.0,3955.69
1758861175315,0.0,0.0,3955.69
1758861175415,0.0,0.0,3955.69
1758861175515,0.0,0.0,3955.69
1758861175615,0.0,0.0,3955.69
1758861175715,0.0,0.0,3955.69
1758861175815,0.0,0.0,3955.69
1758861175915,0.0,0.0,3955.69
1758861176015,0.0,0.0,3955.69
1758861176115,0.0,0.0,3955.69
1758861176215,0.0,0.0,3955.69
1758861176316,0.0,0.0,3955.69
1758861176415,0.0,0.0,3955.69
1758861176515,0.0,0.0,3955.69
1758861176615,0.0,0.0,3955.69
1758861176715,0.0,0.0,3955.69
1758861176816,0.0,0.0,3955.69
1758861176915,0.0,0.0,3955.69
1758861177015,0.0,0.0,3955.69
1758861177115,0.0,0.0,3955.69
1758861177215,0.0,0.0,3955.69
1758861177315,0.0,0.0,3955.69
1758861177415,0.0,0.0,3955.69
1758861177515,0.0,0.0,3955.69
1758861177616,0.0,0.0,3955.69
1758861177715,0.0,0.0,3955.69
1758861177815,0.0,0.0,3955.69
1758861177915,0.0,0.0,3955.69
1758861178016,0.0,0.0,3955.69
1758861178115,0.0,0.0,3955.69
1758861178315,0.0,0.0,3955.69
1758861178415,0.0,0.0,3955.69
1758861178515,0.0,0.0,3955.69
1758861178615,0.0,0.0,3955.69
1758861178715,0.0,0.0,3955.69
1758861178815,0.0,0.0,3955.69
1758861178915,0.0,0.0,3955.69
1758861179015,0.0,0.0,3955.69
1758861179116,0.0,0.0,3955.69
1758861179215,0.0,0.0,3955.69
1758861179315,0.0,0.0,3955.69
1758861179415,0.0,0.0,3955.69
1758861179515,0.0,0.0,3955.69
1758861179615,0.0,0.0,3955.69
1758861179715,0.0,0.0,3955.69
1758861179816,0.0,0.0,3955.69
1758861179917,0.0,0.0,3955.69
1758861180016,0.0,0.0,3955.69
1758861180115,0.0,0.0,3955.69
1758861180215,0.0,0.0,3955.69
1758861180315,0.0,0.0,3955.69
1758861180416,0.0,0.0,3955.69
1758861180516,0.0,0.0,3955.69
1758861180615,0.0,0.0,3955.69
1758861180715,0.0,0.0,3955.69
1758861180815,0.0,0.0,3955.69
1758861180915,0.0,0.0,3955.69
1758861181015,0.0,0.0,3955.69
1758861181115,0.0,0.0,3955.69
1758861181215,0.0,0.0,3955.69
1758861181315,0.0,0.0,3955.69
1758861181415,0.0,0.0,3955.69
1758861181515,0.0,0.0,3955.69
1758861181615,0.0,0.0,3955.69
1758861181715,0.0,0.0,3955.69
1758861181816,0.0,0.0,3955.69
1758861181915,0.0,0.0,3955.69
1758861182015,0.0,0.0,3955.69
1758861182115,0.0,0.0,3955.69
1758861182215,0.0,0.0,3955.69
1758861182316,0.0,0.0,3955.69
1758861182416,0.0,0.0,3955.69
1758861182516,0.0,0.0,3955.69
1758861182617,0.0,0.0,3955.69
1758861182716,0.0,0.0,3955.69
1758861182816,0.0,0.0,3955.61
1758861182916,0.0,0.0,3955.61
1758861183026,0.0,0.0,3954.98
1758861183115,0.0,0.0,3954.61
1758861183216,0.0,0.0,3954.61
1758861183315,0.0,0.0,3954.61
1758861183416,0.0,0.0,3954.61
1758861183515,0.0,0.0,3954.61
1758861183615,0.0,0.0,3954.61
1758861183715,0.0,0.0,3954.61
1758861183815,0.0,0.0,3954.61
1758861183919,0.0,0.0,3954.61
1758861184015,0.0,0.0,3954.61
1758861184115,0.0,0.0,3954.61
1758861184237,0.0,0.0,3954.61
1758861184315,0.0,0.0,3954.61
1758861184415,0.0,0.0,3954.61
1758861184515,0.0,0.0,3954.61
1758861184615,0.0,0.0,3954.61
1758861184715,0.0,0.0,3954.61
1758861184814,0.0,0.0,3954.62
1758861184915,0.0,0.0,3954.62
1758861185015,0.0,0.0,3954.62
1758861185115,0.0,0.0,3954.62
1758861185215,0.0,0.0,3954.62
1758861185315,0.0,0.0,3954.62
1758861185415,0.0,0.0,3954.62
1758861185515,0.0,0.0,3954.62
1758861185616,0.0,0.0,3954.62
1758861185716,0.0,0.0,3954.62
1758861185815,0.0,0.0,3954.62
1758861185916,0.0,0.0,3954.62
1758861186016,0.0,0.0,3954.62
1758861186116,0.0,0.0,3954.62
1758861186219,0.0,0.0,3954.62
1758861186317,0.0,0.0,3954.62
1758861186415,0.0,0.0,3954.62
1758861186515,0.0,0.0,3954.62
1758861186615,0.0,0.0,3954.62
1758861186716,0.0,0.0,3954.62
1758861186816,0.0,0.0,3954.62
1758861186915,0.0,0.0,3954.62
1758861187015,0.0,0.0,3954.62
1758861187115,0.0,0.0,3954.62
1758861187216,0.0,0.0,3954.62
1758861187315,0.0,0.0,3954.62
1758861187415,0.0,0.0,3954.62
1758861187515,0.0,0.0,3954.62
1758861187615,0.0,0.0,3954.62
1758861187716,0.0,0.0,3954.62
1758861187816,0.0,0.0,3954.62
1758861187915,0.0,0.0,3954.62
1758861188015,0.0,0.0,3954.62
1758861188115,0.0,0.0,3954.62
1758861188215,0.0,0.0,3954.62
1758861188315,0.0,0.0,3954.62
1758861188415,0.0,0.0,3954.61
1758861188515,0.0,0.0,3954.61
1758861188615,0.0,0.0,3954.61
1758861188715,0.0,0.0,3954.61
1758861188815,0.0,0.0,3954.61
1758861188916,0.0,0.0,3954.61
1758861189016,0.0,0.0,3954.61
1758861189116,0.0,0.0,3954.61
1758861189221,0.0,0.0,3954.32
1758861189318,0.0,0.0,3954.22
1758861189416,0.0,0.0,3954.2
1758861189516,0.0,0.0,3954.2
1758861189616,0.0,0.0,3954.2
1758861189715,0.0,0.0,3954.2
1758861189815,0.0,0.0,3954.2
1758861189915,0.0,0.0,3954.2
1758861190015,0.0,0.0,3954.2
1758861190115,0.0,0.0,3954.2
1758861190215,0.0,0.0,3954.2
1758861190315,0.0,0.0,3954.2
1758861190415,0.0,0.0,3954.2
1758861190515,0.0,0.0,3954.2
1758861190615,0.0,0.0,3954.2
1758861190715,0.0,0.0,3954.2
1758861190815,0.0,0.0,3954.2
1758861190915,0.0,0.0,3954.2
1758861191015,0.0,0.0,3954.2
1758861191115,0.0,0.0,3954.2
1758861191215,0.0,0.0,3954.17
1758861191316,0.0,0.0,3954.17
1758861191415,0.0,0.0,3954.17
1758861191516,0.0,0.0,3954.17
1758861191615,0.0,0.0,3954.17
1758861191715,0.0,0.0,3954.17
1758861191815,0.0,0.0,3954.17
1758861191915,0.0,0.0,3954.17
1758861192015,0.0,0.0,3954.17
1758861192116,0.0,0.0,3954.17
1758861192215,0.0,0.0,3954.17
1758861192315,0.0,0.0,3954.17
1758861192415,0.0,0.0,3954.17
1758861192515,0.0,0.0,3954.17
1758861192615,0.0,0.0,3954.17
1758861192715,0.0,0.0,3954.17
1758861192815,0.0,0.0,3954.17
1758861192915,0.0,0.0,3954.17
1758861193015,0.0,0.0,3954.17
1758861193115,0.0,0.0,3954.17
1758861193215,0.0,0.0,3954.17
1758861193315,0.0,0.0,3954.17
1758861193415,0.0,0.0,3954.17
1758861193515,0.0,0.0,3954.17
1758861193615,0.0,0.0,3954.17
1758861193714,0.0,0.0,3954.17
1758861193815,0.0,0.0,3954.17
1758861193915,0.0,0.0,3954.17
1758861194015,0.0,0.0,3954.17
1758861194115,0.0,0.0,3954.17
1758861194215,0.0,0.0,3954.17
1758861194315,0.0,0.0,3954.17
1758861194415,0.0,0.0,3954.17
1758861194514,0.0,0.0,3954.17
1758861194615,0.0,0.0,3954.17
1758861194715,0.0,0.0,3954.17
1758861194814,0.0,0.0,3954.17
1758861194916,0.0,0.0,3954.17
1758861195016,0.0,0.0,3954.17
1758861195116,0.0,0.0,3954.17
1758861195215,0.0,0.0,3954.17
1758861195316,0.0,0.0,3954.17
1758861195415,0.0,0.0,3954.17
1758861195516,0.0,0.0,3954.17
1758861195615,0.0,0.0,3954.17
1758861195715,0.0,0.0,3954.17
1758861195815,0.0,0.0,3954.17
1758861195915,0.0,0.0,3954.17
1758861196015,0.0,0.0,3954.17
1758861196115,0.0,0.0,3954.17
1758861196215,0.0,0.0,3954.17
1758861196315,0.0,0.0,3954.17
1758861196418,0.0,0.0,3954.16
1758861196515,0.0,0.0,3954.16
1758861196615,0.0,0.0,3954.16
1758861196715,0.0,0.0,3953.98
1758861196815,0.0,0.0,3953.98
1758861196915,0.0,0.0,3953.98
1758861197015,0.0,0.0,3953.98
1758861197115,0.0,0.0,3953.98
1758861197215,0.0,0.0,3953.98
1758861197315,0.0,0.0,3953.98
1758861197414,0.0,0.0,3953.98
1758861197515,0.0,0.0,3953.98
1758861197615,0.0,0.0,3953.98
1758861197714,0.0,0.0,3953.98
1758861197815,0.0,0.0,3953.98
1758861197915,0.0,0.0,3953.98
1758861198016,0.0,0.0,3953.98
1758861198115,0.0,0.0,3953.98
1758861198216,0.0,0.0,3953.88
1758861198315,0.0,0.0,3953.88
1758861198416,0.0,0.0,3953.78
1758861198515,0.0,0.0,3953.78
1758861198615,0.0,0.0,3953.78
1758861198715,0.0,0.0,3953.68
1758861198815,0.0,0.0,3953.68
1758861198915,0.0,0.0,3953.1
1758861199015,0.0,0.0,3953.1
1758861199114,0.0,0.0,3953.1
1758861199215,0.0,0.0,3953.1
1758861199316,0.0,0.0,3953.1
1758861199428,0.0,0.0,3953.11
1758861199517,0.0,0.0,3953.11
1758861199616,0.0,0.0,3953.11
1758861199716,0.0,0.0,3953.11
1758861199816,0.0,0.0,3953.11
1758861199915,0.0,0.0,3953.11
1758861200015,0.0,0.0,3953.11
1758861200115,0.0,0.0,3953.11
1758861200215,0.0,0.0,3953.11
1758861200315,0.0,0.0,3953.11
1758861200415,0.0,0.0,3953.11
1758861200516,0.0,0.0,3953.11
1758861200615,0.0,0.0,3953.11
1758861200715,0.0,0.0,3953.11
1758861200815,0.0,0.0,3953.11
1758861200915,0.0,0.0,3953.11
1758861201015,0.0,0.0,3953.11
1758861201115,0.0,0.0,3953.11
1758861201215,0.0,0.0,3953.1
1758861201315,0.0,0.0,3953.1
1758861201415,0.0,0.0,3953.1
1758861201515,0.0,0.0,3953.1
1758861201615,0.0,0.0,3953.1
1758861201715,0.0,0.0,3953.1
1758861201815,0.0,0.0,3953.1
1758861201915,0.0,0.0,3953.1
1758861202015,0.0,0.0,3953.1
1758861202115,0.0,0.0,3953.1
1758861202214,0.0,0.0,3953.1
1758861202315,0.0,0.0,3953.1
1758861202416,0.0,0.0,3953.1
1758861202515,0.0,0.0,3953.1
1758861202615,0.0,0.0,3953.1
1758861202715,0.0,0.0,3953.1
1758861202815,0.0,0.0,3953.1
1758861202915,0.0,0.0,3953.1
1758861203015,0.0,0.0,3953.1
1758861203115,0.0,0.0,3953.1
1758861203216,0.0,0.0,3953.1
1758861203316,0.0,0.0,3953.1
1758861203415,0.0,0.0,3953.1
1758861203516,0.0,0.0,3953.1
1758861203616,0.0,0.0,3953.1
1758861203716,0.0,0.0,3953.1
1758861203815,0.0,0.0,3953.1
1758861203916,0.0,0.0,3953.1
1758861204016,0.0,0.0,3953.1
1758861204115,0.0,0.0,3953.1
1758861204216,0.0,0.0,3953.1
1758861204315,0.0,0.0,3953.1
1758861204416,0.0,0.0,3953.1
1758861204517,0.0,0.0,3953.1
1758861204616,0.0,0.0,3953.1
1758861204715,0.0,0.0,3953.1
1758861204815,0.0,0.0,3953.1
1758861204915,0.0,0.0,3953.1
1758861205015,0.0,0.0,3953.1
1758861205115,0.0,0.0,3953.1
1758861205215,0.0,0.0,3953.1
1758861205315,0.0,0.0,3953.1
1758861205415,0.0,0.0,3953.1
1758861205515,0.0,0.0,3953.1
1758861205615,0.0,0.0,3953.1
1758861205715,0.0,0.0,3953.1
1758861205815,0.0,0.0,3953.1
1758861205915,0.0,0.0,3953.1
1758861206015,0.0,0.0,3953.01
1758861206116,0.0,0.0,3952.94
1758861206216,0.0,0.0,3952.94
1758861206316,0.0,0.0,3952.94
1758861206416,0.0,0.0,3952.94
1758861206515,0.0,0.0,3952.94
1758861206615,0.0,0.0,3952.94
1758861206715,0.0,0.0,3952.94
1758861206815,0.0,0.0,3952.94
1758861206915,0.0,0.0,3952.94
1758861207015,0.0,0.0,3952.94
1758861207115,0.0,0.0,3952.94
1758861207214,0.0,0.0,3952.94
1758861207315,0.0,0.0,3952.94
1758861207415,0.0,0.0,3952.94
1758861207514,0.0,0.0,3952.94
1758861207615,0.0,0.0,3952.94
1758861207715,0.0,0.0,3952.94
1758861207816,0.0,0.0,3952.94
1758861207916,0.0,0.0,3952.94
1758861208016,0.0,0.0,3952.93
1758861208115,0.0,0.0,3952.93
1758861208215,0.0,0.0,3952.93
1758861208316,0.0,0.0,3952.93
1758861208415,0.0,0.0,3952.93
1758861208516,0.0,0.0,3952.93
1758861208616,0.0,0.0,3952.93
1758861208719,0.0,0.0,3952.92
1758861208815,0.0,0.0,3952.87
1758861208915,0.0,0.0,3952.72
1758861209015,0.0,0.0,3952.72
1758861209115,0.0,0.0,3952.72
1758861209215,0.0,0.0,3952.72
1758861209315,0.0,0.0,3952.72
1758861209415,0.0,0.0,3952.72
1758861209516,0.0,0.0,3952.72
1758861209670,0.0,0.0,3952.72
1758861209718,0.0,0.0,3952.72
1758861209816,0.0,0.0,3952.72
1758861209916,0.0,0.0,3952.72
1758861210015,0.0,0.0,3952.72
1758861210115,0.0,0.0,3952.72
1758861210216,0.0,0.0,3952.72
1758861210316,0.0,0.0,3952.72
1758861210415,0.0,0.0,3952.72
1758861210515,0.0,0.0,3952.72
1758861210615,0.0,0.0,3952.72
1758861210715,0.0,0.0,3952.72
1758861210815,0.0,0.0,3952.72
1758861210916,0.0,0.0,3952.72
1758861211015,0.0,0.0,3952.72
1758861211115,0.0,0.0,3952.72
1758861211215,0.0,0.0,3952.72
1758861211315,0.0,0.0,3952.72
1758861211415,0.0,0.0,3952.72
1758861211515,0.0,0.0,3952.72
1758861211615,0.0,0.0,3952.72
1758861211715,0.0,0.0,3952.72
1758861211815,0.0,0.0,3952.72
1758861211915,0.0,0.0,3952.72
1758861212015,0.0,0.0,3952.72
1758861212115,0.0,0.0,3952.72
1758861212215,0.0,0.0,3952.72
1758861212315,0.0,0.0,3952.72
1758861212415,0.0,0.0,3952.72
1758861212515,0.0,0.0,3952.72
1758861212616,0.0,0.0,3952.72
1758861212716,0.0,0.0,3952.72
1758861212816,0.0,0.0,3952.72
1758861212915,0.0,0.0,3952.72
1758861213016,0.0,0.0,3952.72
1758861213116,0.0,0.0,3952.72
1758861213216,0.0,0.0,3952.72
1758861213315,0.0,0.0,3952.72
1758861213416,0.0,0.0,3952.72
1758861213516,0.0,0.0,3952.72
1758861213616,0.0,0.0,3952.72
1758861213715,0.0,0.0,3952.72
1758861213816,0.0,0.0,3952.72
1758861213915,0.0,0.0,3952.72
1758861214016,0.0,0.0,3952.72
1758861214115,0.0,0.0,3952.72
1758861214215,0.0,0.0,3952.73
1758861214316,0.0,0.0,3952.73
1758861214416,0.0,0.0,3952.73
1758861214515,0.0,0.0,3952.73
1758861214615,0.0,0.0,3952.82
1758861214721,0.0,0.0,3953.12
1758861214816,0.0,0.0,3953.12
1758861214915,0.0,0.0,3953.12
1758861215015,0.0,0.0,3953.12
1758861215115,0.0,0.0,3953.12
1758861215215,0.0,0.0,3953.12
1758861215315,0.0,0.0,3953.12
1758861215415,0.0,0.0,3953.12
1758861215515,0.0,0.0,3953.12
1758861215615,0.0,0.0,3953.12
1758861215715,0.0,0.0,3953.2
1758861215815,0.0,0.0,3953.2
1758861215915,0.0,0.0,3953.2
1758861216015,0.0,0.0,3953.2
1758861216116,0.0,0.0,3953.2
1758861216215,0.0,0.0,3953.2
1758861216315,0.0,0.0,3953.2
1758861216415,0.0,0.0,3953.2
1758861216515,0.0,0.0,3953.2
1758861216615,0.0,0.0,3953.2
1758861216715,0.0,0.0,3953.2
1758861216815,0.0,0.0,3953.2
1758861216915,0.0,0.0,3953.2
1758861217015,0.0,0.0,3953.2
1758861217115,0.0,0.0,3953.2
1758861217215,0.0,0.0,3953.2
1758861217315,0.0,0.0,3953.2
1758861217416,0.0,0.0,3953.2
1758861217516,0.0,0.0,3953.2
1758861217615,0.0,0.0,3953.2
1758861217716,0.0,0.0,3953.2
1758861217816,0.0,0.0,3953.2
1758861217916,0.0,0.0,3953.2
1758861218016,0.0,0.0,3953.2
1758861218115,0.0,0.0,3953.2
1758861218215,0.0,0.0,3953.2
1758861218316,0.0,0.0,3953.2
1758861218416,0.0,0.0,3953.2
1758861218516,0.0,0.0,3953.2
1758861218615,0.0,0.0,3953.2
1758861218715,0.0,0.0,3953.2
1758861218815,0.0,0.0,3953.2
1758861218915,0.0,0.0,3953.2
1758861219015,0.0,0.0,3953.2
1758861219115,0.0,0.0,3953.2
1758861219215,0.0,0.0,3953.2
1758861219315,0.0,0.0,3953.2
1758861219415,0.0,0.0,3953.2
1758861219515,0.0,0.0,3953.2
1758861219615,0.0,0.0,3953.29
1758861219715,0.0,0.0,3953.29
1758861219821,0.0,0.0,3953.29
1758861219916,0.0,0.0,3953.29
1758861220015,0.0,0.0,3953.29
1758861220115,0.0,0.0,3953.29
1758861220215,0.0,0.0,3953.29
1758861220315,0.0,0.0,3953.29
1758861220415,0.0,0.0,3953.29
1758861220515,0.0,0.0,3953.29
1758861220615,0.0,0.0,3953.29
1758861220715,0.0,0.0,3953.29
1758861220815,0.0,0.0,3953.29
1758861220916,0.0,0.0,3953.49
1758861221016,0.0,0.0,3953.69
1758861221116,0.0,0.0,3953.69
1758861221216,0.0,0.0,3953.69
1758861221316,0.0,0.0,3953.69
1758861221416,0.0,0.0,3953.69
1758861221516,0.0,0.0,3953.69
1758861221616,0.0,0.0,3953.69
1758861221716,0.0,0.0,3953.69
1758861221816,0.0,0.0,3953.69
1758861221916,0.0,0.0,3953.69
1758861222016,0.0,0.0,3953.69
1758861222115,0.0,0.0,3953.69
1758861222215,0.0,0.0,3953.69
1758861222315,0.0,0.0,3953.69
1758861222415,0.0,0.0,3953.68
1758861222515,0.0,0.0,3953.68
1758861222616,0.0,0.0,3953.68
1758861222715,0.0,0.0,3953.68
1758861222816,0.0,0.0,3953.68
1758861222915,0.0,0.0,3953.68
1758861223016,0.0,0.0,3953.68
1758861223115,0.0,0.0,3953.68
1758861223215,0.0,0.0,3953.68
1758861223315,0.0,0.0,3953.68
1758861223416,0.0,0.0,3953.68
1758861223516,0.0,0.0,3953.68
1758861223615,0.0,0.0,3953.68
1758861223715,0.0,0.0,3953.68
1758861223816,0.0,0.0,3953.68
1758861223915,0.0,0.0,3953.68
1758861224015,0.0,0.0,3953.68
1758861224115,0.0,0.0,3953.68
1758861224215,0.0,0.0,3953.68
1758861224315,0.0,0.0,3953.68
1758861224415,0.0,0.0,3953.68
1758861224515,0.0,0.0,3953.68
1758861224615,0.0,0.0,3953.68
1758861224715,0.0,0.0,3953.68
1758861224815,0.0,0.0,3953.68
1758861224924,0.0,0.0,3953.68
1758861225017,0.0,0.0,3953.68
1758861225115,0.0,0.0,3953.68
1758861225215,0.0,0.0,3953.68
1758861225315,0.0,0.0,3953.68
1758861225416,0.0,0.0,3953.68
1758861225516,0.0,0.0,3953.68
1758861225616,0.0,0.0,3953.68
1758861225716,0.0,0.0,3953.68
1758861225816,0.0,0.0,3953.68
1758861225915,0.0,0.0,3953.68
1758861226016,0.0,0.0,3953.68
1758861226115,0.0,0.0,3953.68
1758861226216,0.0,0.0,3953.68
1758861226316,0.0,0.0,3953.68
1758861226416,0.0,0.0,3953.68
1758861226515,0.0,0.0,3953.68
1758861226615,0.0,0.0,3953.68
1758861226715,0.0,0.0,3953.68
1758861226816,0.0,0.0,3953.68
1758861226915,0.0,0.0,3953.68
1758861227015,0.0,0.0,3953.68
1758861227116,0.0,0.0,3953.68
1758861227216,0.0,0.0,3953.68
1758861227316,0.0,0.0,3953.68
1758861227415,0.0,0.0,3953.68
1758861227515,0.0,0.0,3953.68
1758861227615,0.0,0.0,3953.68
1758861227716,0.0,0.0,3953.68
1758861227816,0.0,0.0,3953.68
1758861227916,0.0,0.0,3953.68
1758861228015,0.0,0.0,3953.68
1758861228115,0.0,0.0,3953.68
1758861228215,0.0,0.0,3953.68
1758861228315,0.0,0.0,3953.68
1758861228415,0.0,0.0,3953.68
1758861228515,0.0,0.0,3953.68
1758861228615,0.0,0.0,3953.68
1758861228715,0.0,0.0,3953.68
1758861228815,0.0,0.0,3953.68
1758861228915,0.0,0.0,3953.68
1758861229015,0.0,0.0,3953.68
1758861229115,0.0,0.0,3953.68
1758861229215,0.0,0.0,3953.68
1758861229315,0.0,0.0,3953.68
1758861229415,0.0,0.0,3953.68
1758861229516,0.0,0.0,3953.69
1758861229616,0.0,0.0,3953.69
1758861229716,0.0,0.0,3953.69
1758861229815,0.0,0.0,3953.69
1758861229921,0.0,0.0,3953.69
1758861230016,0.0,0.0,3953.69
1758861230116,0.0,0.0,3953.69
1758861230216,0.0,0.0,3953.69
1758861230416,0.0,0.0,3953.69
1758861230515,0.0,0.0,3953.69
1758861230616,0.0,0.0,3953.69
1758861230716,0.0,0.0,3953.69
1758861230816,0.0,0.0,3953.69
1758861230916,0.0,0.0,3953.69
1758861231016,0.0,0.0,3953.69
1758861231115,0.0,0.0,3953.69
1758861231216,0.0,0.0,3953.69
1758861231415,0.0,0.0,3953.69
1758861231516,0.0,0.0,3953.69
1758861231616,0.0,0.0,3953.69
1758861231716,0.0,0.0,3953.69
1758861231815,0.0,0.0,3953.69
1758861231915,0.0,0.0,3953.69
1758861232015,0.0,0.0,3953.69
1758861232115,0.0,0.0,3953.68
1758861232215,0.0,0.0,3953.68
1758861232315,0.0,0.0,3953.68
1758861232415,0.0,0.0,3953.68
1758861232515,0.0,0.0,3953.68
1758861232615,0.0,0.0,3953.68
1758861232715,0.0,0.0,3953.68
1758861232815,0.0,0.0,3953.68
1758861232915,0.0,0.0,3953.68
1758861233015,0.0,0.0,3953.68
1758861233115,0.0,0.0,3953.68
1758861233215,0.0,0.0,3953.68
1758861233315,0.0,0.0,3953.68
1758861233417,0.0,0.0,3953.68
1758861233516,0.0,0.0,3953.68
1758861233616,0.0,0.0,3953.68
1758861233716,0.0,0.0,3953.68
1758861233816,0.0,0.0,3953.68
1758861233916,0.0,0.0,3953.68
1758861234015,0.0,0.0,3953.68
1758861234116,0.0,0.0,3953.68
1758861234216,0.0,0.0,3953.68
1758861234315,0.0,0.0,3953.68
1758861234415,0.0,0.0,3953.68
1758861234515,0.0,0.0,3953.68
1758861234615,0.0,0.0,3953.68
1758861234721,0.0,0.0,3953.67
1758861234815,0.0,0.0,3953.67
1758861234915,0.0,0.0,3953.67
1758861235025,0.0,0.0,3953.49
1758861235124,0.0,0.0,3953.49
1758861235215,0.0,0.0,3953.49
1758861235314,0.0,0.0,3953.49
1758861235416,0.0,0.0,3953.49
1758861235515,0.0,0.0,3953.49
1758861235616,0.0,0.0,3953.49
1758861235716,0.0,0.0,3953.49
1758861235816,0.0,0.0,3953.49
1758861235915,0.0,0.0,3953.49
1758861236016,0.0,0.0,3953.49
1758861236115,0.0,0.0,3953.49
1758861236216,0.0,0.0,3953.49
1758861236316,0.0,0.0,3953.49
1758861236416,0.0,0.0,3953.49
1758861236515,0.0,0.0,3953.49
1758861236616,0.0,0.0,3953.49
1758861236715,0.0,0.0,3953.49
1758861236815,0.0,0.0,3953.49
1758861236915,0.0,0.0,3953.49
1758861237015,0.0,0.0,3953.49
1758861237115,0.0,0.0,3953.49
1758861237215,0.0,0.0,3953.49
1758861237316,0.0,0.0,3953.49
1758861237415,0.0,0.0,3953.49
1758861237515,0.0,0.0,3953.49
1758861237615,0.0,0.0,3953.21
1758861237715,0.0,0.0,3953.21
1758861237815,0.0,0.0,3953.21
1758861237915,0.0,0.0,3953.21
1758861238015,0.0,0.0,3953.21
1758861238115,0.0,0.0,3953.21
1758861238215,0.0,0.0,3953.21
1758861238315,0.0,0.0,3953.21
1758861238415,0.0,0.0,3953.21
1758861238515,0.0,0.0,3953.21
1758861238615,0.0,0.0,3953.21
1758861238715,0.0,0.0,3953.21
1758861238814,0.0,0.0,3953.21
1758861238915,0.0,0.0,3953.21
1758861239015,0.0,0.0,3953.21
1758861239115,0.0,0.0,3953.21
1758861239216,0.0,0.0,3953.21
1758861239316,0.0,0.0,3953.21
1758861239415,0.0,0.0,3953.21
1758861239516,0.0,0.0,3953.21
1758861239616,0.0,0.0,3953.21
1758861239716,0.0,0.0,3953.21
1758861239815,0.0,0.0,3953.21
1758861239916,0.0,0.0,3953.21
1758861240016,0.0,0.0,3953.21
1758861240219,0.0,0.0,3953.21
1758861240316,0.0,0.0,3953.21
1758861240415,0.0,0.0,3953.21
1758861240515,0.0,0.0,3953.21
1758861240616,0.0,0.0,3953.21
1758861240715,0.0,0.0,3953.2
1758861240815,0.0,0.0,3953.2
1758861240915,0.0,0.0,3953.2
1758861241015,0.0,0.0,3953.2
1758861241115,0.0,0.0,3953.2
1758861241215,0.0,0.0,3953.2
1758861241315,0.0,0.0,3953.2
1758861241415,0.0,0.0,3953.2
1758861241515,0.0,0.0,3953.2
1758861241615,0.0,0.0,3953.2
1758861241715,0.0,0.0,3953.2
1758861241815,0.0,0.0,3953.2
1758861241915,0.0,0.0,3953.2
1758861242015,0.0,0.0,3953.2
1758861242115,0.0,0.0,3953.2
1758861242216,0.0,0.0,3953.2
1758861242316,0.0,0.0,3953.2
1758861242416,0.0,0.0,3953.2
1758861242515,0.0,0.0,3953.2
1758861242616,0.0,0.0,3953.2
1758861242716,0.0,0.0,3953.2
1758861242815,0.0,0.0,3953.2
1758861242916,0.0,0.0,3953.2
1758861243016,0.0,0.0,3953.2
1758861243115,0.0,0.0,3953.2
1758861243215,0.0,0.0,3953.2
1758861243315,0.0,0.0,3953.2
1758861243416,0.0,0.0,3953.2
1758861243515,0.0,0.0,3953.2
1758861243615,0.0,0.0,3953.2
1758861243715,0.0,0.0,3953.2
1758861243815,0.0,0.0,3953.2
1758861243915,0.0,0.0,3953.2
1758861244015,0.0,0.0,3953.2
1758861244115,0.0,0.0,3953.2
1758861244215,0.0,0.0,3953.2
1758861244316,0.0,0.0,3953.2
1758861244416,0.0,0.0,3953.2
1758861244516,0.0,0.0,3953.2
1758861244616,0.0,0.0,3953.2
1758861244716,0.0,0.0,3953.2
1758861244816,0.0,0.0,3953.2
1758861244916,0.0,0.0,3953.2
1758861245016,0.0,0.0,3953.45
1758861245116,0.0,0.0,3953.45
1758861245225,0.0,0.0,3953.45
1758861245316,0.0,0.0,3953.45
1758861245416,0.0,0.0,3953.45
1758861245516,0.0,0.0,3953.45
1758861245615,0.0,0.0,3953.45
1758861245716,0.0,0.0,3953.45
1758861245815,0.0,0.0,3953.45
1758861245916,0.0,0.0,3953.45
1758861246016,0.0,0.0,3953.45
1758861246116,0.0,0.0,3953.45
1758861246216,0.0,0.0,3953.45
1758861246316,0.0,0.0,3953.45
1758861246415,0.0,0.0,3953.45
1758861246516,0.0,0.0,3953.45
1758861246615,0.0,0.0,3953.68
1758861246716,0.0,0.0,3953.68
1758861246815,0.0,0.0,3953.68
1758861246915,0.0,0.0,3953.68
1758861247015,0.0,0.0,3953.67
1758861247116,0.0,0.0,3953.67
1758861247215,0.0,0.0,3953.67
1758861247315,0.0,0.0,3953.67
1758861247416,0.0,0.0,3953.68
1758861247515,0.0,0.0,3953.68
1758861247615,0.0,0.0,3953.68
1758861247715,0.0,0.0,3953.68
1758861247816,0.0,0.0,3953.67
1758861247915,0.0,0.0,3953.67
1758861248016,0.0,0.0,3953.67
1758861248115,0.0,0.0,3953.67
1758861248215,0.0,0.0,3953.67
1758861248316,0.0,0.0,3953.67
1758861248416,0.0,0.0,3953.67
1758861248516,0.0,0.0,3953.67
1758861248615,0.0,0.0,3953.67
1758861248716,0.0,0.0,3953.67
1758861248816,0.0,0.0,3953.67
1758861248916,0.0,0.0,3953.67
1758861249016,0.0,0.0,3953.67
1758861249116,0.0,0.0,3953.67
1758861249215,0.0,0.0,3953.67
1758861249316,0.0,0.0,3953.67
1758861249416,0.0,0.0,3953.67
1758861249516,0.0,0.0,3953.67
1758861249616,0.0,0.0,3953.67
1758861249716,0.0,0.0,3953.67
1758861249816,0.0,0.0,3953.67
1758861249915,0.0,0.0,3953.67
1758861250015,0.0,0.0,3953.67
1758861250115,0.0,0.0,3953.67
1758861250216,0.0,0.0,3953.67
1758861250342,0.0,0.0,3953.67
1758861250429,0.0,0.0,3953.67
1758861250515,0.0,0.0,3953.67
1758861250615,0.0,0.0,3953.67
1758861250715,0.0,0.0,3953.67
1758861250815,0.0,0.0,3953.67
1758861250915,0.0,0.0,3953.67
1758861251015,0.0,0.0,3953.67
1758861251115,0.0,0.0,3953.67
1758861251215,0.0,0.0,3953.67
1758861251316,0.0,0.0,3953.67
1758861251416,0.0,0.0,3953.67
1758861251516,0.0,0.0,3953.67
1758861251616,0.0,0.0,3953.67
1758861251716,0.0,0.0,3953.67
1758861251816,0.0,0.0,3953.67
1758861251916,0.0,0.0,3953.67
1758861252016,0.0,0.0,3953.67
1758861252116,0.0,0.0,3953.67
1758861252216,0.0,0.0,3953.67
1758861252316,0.0,0.0,3953.67
1758861252416,0.0,0.0,3953.67
1758861252516,0.0,0.0,3953.45
1758861252616,0.0,0.0,3953.45
1758861252716,0.0,0.0,3953.45
1758861252815,0.0,0.0,3953.45
1758861252916,0.0,0.0,3953.45
1758861253016,0.0,0.0,3953.45
1758861253116,0.0,0.0,3953.45
1758861253216,0.0,0.0,3953.45
1758861253316,0.0,0.0,3953.45
1758861253416,0.0,0.0,3953.45
1758861253516,0.0,0.0,3953.45
1758861253615,0.0,0.0,3953.45
1758861253716,0.0,0.0,3953.45
1758861253815,0.0,0.0,3953.45
1758861253916,0.0,0.0,3953.45
1758861254015,0.0,0.0,3953.45
1758861254116,0.0,0.0,3953.45
1758861254216,0.0,0.0,3953.45
1758861254315,0.0,0.0,3953.45
1758861254415,0.0,0.0,3953.45
1758861254515,0.0,0.0,3953.45
1758861254615,0.0,0.0,3953.45
1758861254715,0.0,0.0,3953.45
1758861254815,0.0,0.0,3953.45
1758861254915,0.0,0.0,3953.45
1758861255015,0.0,0.0,3953.45
1758861255115,0.0,0.0,3953.45
1758861255215,0.0,0.0,3953.45
1758861255315,0.0,0.0,3953.45
1758861255426,0.0,0.0,3953.45
1758861255516,0.0,0.0,3953.45
1758861255616,0.0,0.0,3953.45
1758861255716,0.0,0.0,3953.45
1758861255816,0.0,0.0,3953.45
1758861255916,0.0,0.0,3953.45
1758861256016,0.0,0.0,3953.45
1758861256116,0.0,0.0,3953.45
1758861256215,0.0,0.0,3953.45
1758861256316,0.0,0.0,3953.45
1758861256416,0.0,0.0,3953.45
1758861256516,0.0,0.0,3953.45
1758861256616,0.0,0.0,3953.45
1758861256716,0.0,0.0,3953.45
1758861256816,0.0,0.0,3953.45
1758861256916,0.0,0.0,3953.45
1758861257015,0.0,0.0,3953.45
1758861257115,0.0,0.0,3953.45
1758861257215,0.0,0.0,3953.45
1758861257315,0.0,0.0,3953.45
1758861257415,0.0,0.0,3953.45
1758861257515,0.0,0.0,3953.45
1758861257615,0.0,0.0,3953.45
1758861257715,0.0,0.0,3953.45
1758861257815,0.0,0.0,3953.45
1758861257915,0.0,0.0,3953.45
1758861258015,0.0,0.0,3953.43
1758861258115,0.0,0.0,3953.43
1758861258214,0.0,0.0,3953.43
1758861258315,0.0,0.0,3953.43
1758861258415,0.0,0.0,3953.43
1758861258516,0.0,0.0,3953.43
1758861258616,0.0,0.0,3953.43
1758861258716,0.0,0.0,3953.43
1758861258816,0.0,0.0,3953.43
1758861258916,0.0,0.0,3953.43
1758861259016,0.0,0.0,3953.43
1758861259116,0.0,0.0,3953.43
1758861259216,0.0,0.0,3953.43
1758861259316,0.0,0.0,3953.43
1758861259416,0.0,0.0,3953.43
1758861259515,0.0,0.0,3953.43
1758861259615,0.0,0.0,3953.43
1758861259715,0.0,0.0,3953.43
1758861259815,0.0,0.0,3953.43
1758861259916,0.0,0.0,3953.43
1758861260016,0.0,0.0,3953.43
1758861260116,0.0,0.0,3953.43
1758861260215,0.0,0.0,3953.43
1758861260315,0.0,0.0,3953.43
1758861260415,0.0,0.0,3953.43
1758861260517,0.0,0.0,3953.43
1758861260616,0.0,0.0,3953.43
1758861260715,0.0,0.0,3953.43
1758861260815,0.0,0.0,3952.93
1758861260915,0.0,0.0,3952.93
1758861261015,0.0,0.0,3952.93
1758861261115,0.0,0.0,3952.93
1758861261215,0.0,0.0,3952.93
1758861261315,0.0,0.0,3952.92
1758861261416,0.0,0.0,3952.92
1758861261516,0.0,0.0,3952.92
1758861261616,0.0,0.0,3952.92
1758861261718,0.0,0.0,3952.92
1758861261816,0.0,0.0,3952.92
1758861261916,0.0,0.0,3952.92
1758861262016,0.0,0.0,3952.92
1758861262116,0.0,0.0,3952.92
1758861262216,0.0,0.0,3952.92
1758861262316,0.0,0.0,3952.92
1758861262416,0.0,0.0,3952.92
1758861262516,0.0,0.0,3952.92
1758861262615,0.0,0.0,3952.92
1758861262716,0.0,0.0,3952.92
1758861262816,0.0,0.0,3952.92
1758861262916,0.0,0.0,3952.92
1758861263016,0.0,0.0,3952.92
1758861263115,0.0,0.0,3952.92
1758861263215,0.0,0.0,3952.92
1758861263315,0.0,0.0,3952.92
1758861263415,0.0,0.0,3952.92
1758861263515,0.0,0.0,3952.92
1758861263615,0.0,0.0,3952.92
1758861263715,0.0,0.0,3952.92
1758861263816,0.0,0.0,3952.92
1758861263916,0.0,0.0,3952.72
1758861264015,0.0,0.0,3952.72
1758861264115,0.0,0.0,3952.72
1758861264215,0.0,0.0,3952.66
1758861264315,0.0,0.0,3952.53
1758861264415,0.0,0.0,3952.53
1758861264515,0.0,0.0,3952.53
1758861264615,0.0,0.0,3952.53
1758861264715,0.0,0.0,3952.5
1758861264815,0.0,0.0,3952.5
1758861264916,0.0,0.0,3952.5
1758861265016,0.0,0.0,3952.5
1758861265116,0.0,0.0,3952.5
1758861265216,0.0,0.0,3952.5
1758861265316,0.0,0.0,3952.5
1758861265416,0.0,0.0,3952.5
1758861265517,0.0,0.0,3952.5
1758861265642,0.0,0.0,3952.5
1758861265716,0.0,0.0,3952.5
1758861265816,0.0,0.0,3952.5
1758861265916,0.0,0.0,3952.5
1758861266016,0.0,0.0,3952.5
1758861266116,0.0,0.0,3952.5
1758861266215,0.0,0.0,3952.5
1758861266316,0.0,0.0,3952.5
1758861266416,0.0,0.0,3952.5
1758861266516,0.0,0.0,3952.5
1758861266616,0.0,0.0,3952.5
1758861266716,0.0,0.0,3952.5
1758861266816,0.0,0.0,3952.5
1758861266915,0.0,0.0,3952.5
1758861267016,0.0,0.0,3952.5
1758861267115,0.0,0.0,3952.5
1758861267215,0.0,0.0,3952.5
1758861267315,0.0,0.0,3952.5
1758861267416,0.0,0.0,3952.5
1758861267516,0.0,0.0,3952.5
1758861267615,0.0,0.0,3952.5
1758861267716,0.0,0.0,3952.5
1758861267815,0.0,0.0,3952.5
1758861267915,0.0,0.0,3952.5
1758861268015,0.0,0.0,3952.5
1758861268115,0.0,0.0,3952.5
1758861268215,0.0,0.0,3952.5
1758861268315,0.0,0.0,3952.5
1758861268415,0.0,0.0,3952.5
1758861268515,0.0,0.0,3952.5
1758861268615,0.0,0.0,3952.5
1758861268715,0.0,0.0,3952.5
1758861268816,0.0,0.0,3952.5
1758861268916,0.0,0.0,3952.5
1758861269015,0.0,0.0,3952.5
1758861269116,0.0,0.0,3952.5
1758861269215,0.0,0.0,3952.5
1758861269315,0.0,0.0,3952.5
1758861269416,0.0,0.0,3952.5
1758861269515,0.0,0.0,3952.5
1758861269615,0.0,0.0,3952.5
1758861269715,0.0,0.0,3952.5
1758861269815,0.0,0.0,3952.5
1758861269915,0.0,0.0,3952.5
1758861270015,0.0,0.0,3952.5
1758861270115,0.0,0.0,3952.5
1758861270215,0.0,0.0,3952.5
1758861270416,0.0,0.0,3952.5
1758861270516,0.0,0.0,3952.5
1758861270628,0.0,0.0,3952.5
1758861270717,0.0,0.0,3952.5
1758861270816,0.0,0.0,3952.5
1758861270916,0.0,0.0,3952.5
1758861271016,0.0,0.0,3952.5
1758861271116,0.0,0.0,3952.5
1758861271216,0.0,0.0,3952.5
1758861271316,0.0,0.0,3952.5
1758861271416,0.0,0.0,3952.5
1758861271515,0.0,0.0,3952.5
1758861271616,0.0,0.0,3952.5
1758861271716,0.0,0.0,3952.5
1758861271816,0.0,0.0,3952.5
1758861271916,0.0,0.0,3952.5
1758861272016,0.0,0.0,3952.5
1758861272116,0.0,0.0,3952.5
1758861272216,0.0,0.0,3952.5
1758861272315,0.0,0.0,3952.5
1758861272418,0.0,0.0,3952.3
1758861272516,0.0,0.0,3952.3
1758861272615,0.0,0.0,3952.13
1758861272715,0.0,0.0,3952.13
1758861272815,0.0,0.0,3952.13
1758861272915,0.0,0.0,3952.13
1758861273016,0.0,0.0,3952.13
1758861273116,0.0,0.0,3952.13
1758861273216,0.0,0.0,3952.13
1758861273316,0.0,0.0,3952.13
1758861273416,0.0,0.0,3952.13
1758861273516,0.0,0.0,3952.13
1758861273616,0.0,0.0,3952.13
1758861273716,0.0,0.0,3952.13
1758861273816,0.0,0.0,3952.13
1758861273915,0.0,0.0,3952.13
1758861274016,0.0,0.0,3952.13
1758861274116,0.0,0.0,3952.13
1758861274216,0.0,0.0,3952.13
1758861274316,0.0,0.0,3952.13
1758861274416,0.0,0.0,3952.13
1758861274516,0.0,0.0,3952.13
1758861274615,0.0,0.0,3952.13
1758861274716,0.0,0.0,3952.13
1758861274816,0.0,0.0,3952.13
1758861274916,0.0,0.0,3952.13
1758861275016,0.0,0.0,3952.13
1758861275116,0.0,0.0,3952.13
1758861275216,0.0,0.0,3952.13
1758861275315,0.0,0.0,3952.13
1758861275415,0.0,0.0,3952.13
1758861275515,0.0,0.0,3952.13
1758861275615,0.0,0.0,3952.13
1758861275720,0.0,0.0,3952.13
1758861275817,0.0,0.0,3952.14
1758861275916,0.0,0.0,3952.14
1758861276016,0.0,0.0,3952.14
1758861276116,0.0,0.0,3952.14
1758861276216,0.0,0.0,3952.14
1758861276316,0.0,0.0,3952.14
1758861276416,0.0,0.0,3952.14
1758861276516,0.0,0.0,3952.14
1758861276615,0.0,0.0,3952.13
1758861276716,0.0,0.0,3952.13
1758861276816,0.0,0.0,3952.13
1758861276916,0.0,0.0,3952.13
1758861277015,0.0,0.0,3952.13
1758861277115,0.0,0.0,3952.13
1758861277215,0.0,0.0,3952.13
1758861277316,0.0,0.0,3952.13
1758861277416,0.0,0.0,3952.13
1758861277516,0.0,0.0,3952.13
1758861277616,0.0,0.0,3952.13
1758861277716,0.0,0.0,3952.13
1758861277815,0.0,0.0,3952.13
1758861277916,0.0,0.0,3952.13
1758861278015,0.0,0.0,3952.13
1758861278115,0.0,0.0,3952.13
1758861278215,0.0,0.0,3952.13
1758861278315,0.0,0.0,3952.13
1758861278416,0.0,0.0,3952.13
1758861278516,0.0,0.0,3952.13
1758861278615,0.0,0.0,3952.13
1758861278716,0.0,0.0,3952.23
1758861278816,0.0,0.0,3952.23
1758861278915,0.0,0.0,3952.23
1758861279015,0.0,0.0,3952.23
1758861279115,0.0,0.0,3952.23
1758861279215,0.0,0.0,3952.23
1758861279315,0.0,0.0,3952.23
1758861279416,0.0,0.0,3952.32
1758861279515,0.0,0.0,3952.32
1758861279615,0.0,0.0,3952.32
1758861279715,0.0,0.0,3952.32
1758861279815,0.0,0.0,3952.32
1758861279916,0.0,0.0,3952.32
1758861280016,0.0,0.0,3952.32
1758861280116,0.0,0.0,3952.32
1758861280216,0.0,0.0,3952.32
1758861280316,0.0,0.0,3952.32
1758861280416,0.0,0.0,3952.32
1758861280516,0.0,0.0,3952.32
1758861280616,0.0,0.0,3952.17
1758861280716,0.0,0.0,3952.17
1758861280833,0.0,0.0,3952.17
1758861280923,0.0,0.0,3952.17
1758861281016,0.0,0.0,3952.17
1758861281116,0.0,0.0,3952.17
1758861281216,0.0,0.0,3952.17
1758861281316,0.0,0.0,3952.17
1758861281416,0.0,0.0,3952.17
1758861281516,0.0,0.0,3952.17
1758861281615,0.0,0.0,3952.17
1758861281715,0.0,0.0,3952.17
1758861281815,0.0,0.0,3952.17
1758861281916,0.0,0.0,3952.17
1758861282016,0.0,0.0,3952.17
1758861282116,0.0,0.0,3952.17
1758861282216,0.0,0.0,3952.17
1758861282316,0.0,0.0,3952.17
1758861282416,0.0,0.0,3952.17
1758861282516,0.0,0.0,3952.17
1758861282615,0.0,0.0,3952.17
1758861282715,0.0,0.0,3952.17
1758861282815,0.0,0.0,3952.17
1758861282916,0.0,0.0,3952.17
1758861283016,0.0,0.0,3952.17
1758861283115,0.0,0.0,3952.14
1758861283215,0.0,0.0,3952.14
1758861283315,0.0,0.0,3952.14
1758861283418,0.0,0.0,3952.14
1758861283516,0.0,0.0,3952.14
1758861283616,0.0,0.0,3952.14
1758861283716,0.0,0.0,3952.14
1758861283816,0.0,0.0,3952.14
1758861283916,0.0,0.0,3952.14
1758861284016,0.0,0.0,3952.14
1758861284116,0.0,0.0,3952.14
1758861284216,0.0,0.0,3952.14
1758861284316,0.0,0.0,3952.14
1758861284416,0.0,0.0,3952.14
1758861284616,0.0,0.0,3952.14
1758861284716,0.0,0.0,3952.14
1758861284816,0.0,0.0,3952.14
1758861284916,0.0,0.0,3952.14
1758861285015,0.0,0.0,3952.14
1758861285116,0.0,0.0,3952.14
1758861285215,0.0,0.0,3952.14
1758861285315,0.0,0.0,3952.14
1758861285416,0.0,0.0,3952.15
1758861285516,0.0,0.0,3952.15
1758861285616,0.0,0.0,3952.15
1758861285716,0.0,0.0,3952.15
1758861285816,0.0,0.0,3952.15
1758861285927,0.0,0.0,3952.15
1758861286016,0.0,0.0,3952.15
1758861286116,0.0,0.0,3952.15
1758861286218,0.0,0.0,3952.15
1758861286318,0.0,0.0,3952.44
1758861286416,0.0,0.0,3952.44
1758861286516,0.0,0.0,3952.44
1758861286615,0.0,0.0,3952.44
1758861286716,0.0,0.0,3952.44
1758861286815,0.0,0.0,3952.44
1758861286915,0.0,0.0,3952.44
1758861287016,0.0,0.0,3952.44
1758861287115,0.0,0.0,3952.44
1758861287215,0.0,0.0,3952.44
1758861287316,0.0,0.0,3952.44
1758861287416,0.0,0.0,3952.44
1758861287516,0.0,0.0,3952.44
1758861287616,0.0,0.0,3952.44
1758861287716,0.0,0.0,3952.44
1758861287816,0.0,0.0,3952.44
1758861287916,0.0,0.0,3952.44
1758861288016,0.0,0.0,3952.44
1758861288116,0.0,0.0,3952.44
1758861288216,0.0,0.0,3952.44
1758861288316,0.0,0.0,3952.44
1758861288416,0.0,0.0,3952.44
1758861288515,0.0,0.0,3952.44
1758861288615,0.0,0.0,3952.44
1758861288715,0.0,0.0,3952.44
1758861288816,0.0,0.0,3952.44
1758861288916,0.0,0.0,3952.44
1758861289016,0.0,0.0,3952.44
1758861289116,0.0,0.0,3952.44
1758861289215,0.0,0.0,3952.44
1758861289315,0.0,0.0,3952.44
1758861289416,0.0,0.0,3952.44
1758861289516,0.0,0.0,3952.44
1758861289615,0.0,0.0,3952.44
1758861289715,0.0,0.0,3952.44
1758861289815,0.0,0.0,3952.44
1758861289916,0.0,0.0,3952.44
1758861290015,0.0,0.0,3952.44
1758861290116,0.0,0.0,3952.44
1758861290216,0.0,0.0,3952.44
1758861290415,0.0,0.0,3952.44
1758861290515,0.0,0.0,3952.44
1758861290615,0.0,0.0,3952.44
1758861290716,0.0,0.0,3952.44
1758861290816,0.0,0.0,3952.44
1758861290922,0.0,0.0,3952.44
1758861291015,0.0,0.0,3952.44
1758861291117,0.0,0.0,3952.44
1758861291216,0.0,0.0,3952.44
1758861291316,0.0,0.0,3952.44
1758861291416,0.0,0.0,3952.44
1758861291516,0.0,0.0,3952.44
1758861291616,0.0,0.0,3952.44
1758861291716,0.0,0.0,3952.44
1758861291816,0.0,0.0,3952.44
1758861291916,0.0,0.0,3952.44
1758861292016,0.0,0.0,3952.44
1758861292116,0.0,0.0,3952.44
1758861292216,0.0,0.0,3952.5
1758861292316,0.0,0.0,3952.5
1758861292416,0.0,0.0,3952.5
1758861292516,0.0,0.0,3952.5
1758861292616,0.0,0.0,3952.5
1758861292716,0.0,0.0,3952.5
1758861292816,0.0,0.0,3952.5
1758861292916,0.0,0.0,3952.5
1758861293016,0.0,0.0,3952.5
1758861293116,0.0,0.0,3952.5
1758861293216,0.0,0.0,3952.5
1758861293316,0.0,0.0,3952.5
1758861293416,0.0,0.0,3952.5
1758861293515,0.0,0.0,3952.5
1758861293616,0.0,0.0,3952.5
1758861293716,0.0,0.0,3952.5
1758861293915,0.0,0.0,3952.5
1758861294016,0.0,0.0,3952.5
1758861294116,0.0,0.0,3952.5
1758861294216,0.0,0.0,3952.5
1758861294316,0.0,0.0,3952.5
1758861294416,0.0,0.0,3952.5
1758861294515,0.0,0.0,3952.52
1758861294616,0.0,0.0,3952.7
1758861294716,0.0,0.0,3952.7
1758861294815,0.0,0.0,3952.7
1758861294916,0.0,0.0,3952.7
1758861295015,0.0,0.0,3952.7
1758861295115,0.0,0.0,3952.7
1758861295216,0.0,0.0,3952.7
1758861295315,0.0,0.0,3952.7
1758861295415,0.0,0.0,3952.7
1758861295515,0.0,0.0,3952.7
1758861295616,0.0,0.0,3952.7
1758861295717,0.0,0.0,3952.7
1758861295816,0.0,0.0,3952.7
1758861295916,0.0,0.0,3952.7
1758861296031,0.0,0.0,3952.7
1758861296116,0.0,0.0,3952.9
1758861296216,0.0,0.0,3952.9
1758861296317,0.0,0.0,3952.9
1758861296416,0.0,0.0,3952.9
1758861296516,0.0,0.0,3952.9
1758861296616,0.0,0.0,3952.9
1758861296716,0.0,0.0,3952.9
1758861296816,0.0,0.0,3952.93
1758861296916,0.0,0.0,3952.93
1758861297016,0.0,0.0,3952.93
1758861297116,0.0,0.0,3952.93
1758861297216,0.0,0.0,3952.93
1758861297316,0.0,0.0,3952.93
1758861297416,0.0,0.0,3952.93
1758861297516,0.0,0.0,3952.93
1758861297616,0.0,0.0,3952.93
1758861297716,0.0,0.0,3952.93
1758861297815,0.0,0.0,3952.93
1758861297916,0.0,0.0,3952.93
1758861298016,0.0,0.0,3952.93
1758861298116,0.0,0.0,3952.93
1758861298215,0.0,0.0,3952.93
1758861298316,0.0,0.0,3952.93
1758861298416,0.0,0.0,3952.93
1758861298515,0.0,0.0,3952.93
1758861298615,0.0,0.0,3952.93
1758861298715,0.0,0.0,3952.93
1758861298816,0.0,0.0,3952.93
1758861298916,0.0,0.0,3952.93
1758861299016,0.0,0.0,3952.93
1758861299115,0.0,0.0,3952.93
1758861299216,0.0,0.0,3952.93
1758861299315,0.0,0.0,3952.93
1758861299415,0.0,0.0,3952.93
1758861299515,0.0,0.0,3952.93
1758861299615,0.0,0.0,3952.93
1758861299715,0.0,0.0,3952.93
1758861299815,0.0,0.0,3952.93
1758861299915,0.0,0.0,3952.93
1758861300015,0.0,0.0,3952.93
1758861300116,0.0,0.0,3952.93
1758861300217,0.0,0.0,3952.93
1758861300316,0.0,0.0,3952.93
1758861300416,0.0,0.0,3952.93
1758861300516,0.0,0.0,3952.93
1758861300616,0.0,0.0,3952.93
1758861300716,0.0,0.0,3952.93
1758861300816,0.0,0.0,3952.93
1758861300917,0.0,0.0,3952.93
1758861301016,0.0,0.0,3952.93
1758861301123,0.0,0.0,3952.93
1758861301216,0.0,0.0,3952.93
1758861301316,0.0,0.0,3952.93
1758861301416,0.0,0.0,3952.93
1758861301516,0.0,0.0,3952.93
1758861301616,0.0,0.0,3952.93
1758861301716,0.0,0.0,3952.93
1758861301816,0.0,0.0,3952.93
1758861301916,0.0,0.0,3952.93
1758861302015,0.0,0.0,3952.93
1758861302115,0.0,0.0,3952.93
1758861302216,0.0,0.0,3952.93
1758861302315,0.0,0.0,3952.93
1758861302416,0.0,0.0,3952.93
1758861302515,0.0,0.0,3952.93
1758861302616,0.0,0.0,3952.93
1758861302716,0.0,0.0,3952.93
1758861302816,0.0,0.0,3952.93
1758861302915,0.0,0.0,3952.93
1758861303015,0.0,0.0,3952.93
1758861303115,0.0,0.0,3952.93
1758861303216,0.0,0.0,3952.93
1758861303317,0.0,0.0,3952.93
1758861303416,0.0,0.0,3952.93
1758861303517,0.0,0.0,3952.93
1758861303616,0.0,0.0,3952.93
1758861303717,0.0,0.0,3952.92
1758861303816,0.0,0.0,3952.92
1758861303916,0.0,0.0,3952.92
1758861304016,0.0,0.0,3952.92
1758861304116,0.0,0.0,3952.92
1758861304216,0.0,0.0,3952.92
1758861304316,0.0,0.0,3952.92
1758861304416,0.0,0.0,3952.92
1758861304516,0.0,0.0,3952.92
1758861304616,0.0,0.0,3952.92
1758861304716,0.0,0.0,3952.92
1758861304816,0.0,0.0,3952.92
1758861304916,0.0,0.0,3952.92
1758861305016,0.0,0.0,3952.92
1758861305116,0.0,0.0,3952.92
1758861305216,0.0,0.0,3952.92
1758861305316,0.0,0.0,3952.92
1758861305416,0.0,0.0,3952.92
1758861305515,0.0,0.0,3952.92
1758861305616,0.0,0.0,3952.92
1758861305716,0.0,0.0,3952.92
1758861305816,0.0,0.0,3952.92
1758861305916,0.0,0.0,3952.92
1758861306016,0.0,0.0,3952.92
1758861306116,0.0,0.0,3952.92
1758861306224,0.0,0.0,3952.92
1758861306317,0.0,0.0,3952.92
1758861306416,0.0,0.0,3952.92
1758861306516,0.0,0.0,3952.92
1758861306616,0.0,0.0,3952.92
1758861306716,0.0,0.0,3952.92
1758861306816,0.0,0.0,3952.92
1758861306916,0.0,0.0,3952.92
1758861307015,0.0,0.0,3952.92
1758861307115,0.0,0.0,3952.92
1758861307216,0.0,0.0,3952.92
1758861307315,0.0,0.0,3952.92
1758861307415,0.0,0.0,3952.92
1758861307615,0.0,0.0,3952.92
1758861307716,0.0,0.0,3952.92
1758861307816,0.0,0.0,3952.92
1758861307916,0.0,0.0,3952.92
1758861308016,0.0,0.0,3952.92
1758861308116,0.0,0.0,3952.92
1758861308216,0.0,0.0,3952.92
1758861308316,0.0,0.0,3952.91
1758861308416,0.0,0.0,3952.91
1758861308516,0.0,0.0,3952.91
1758861308617,0.0,0.0,3952.91
1758861308716,0.0,0.0,3952.91
1758861308816,0.0,0.0,3952.91
1758861308916,0.0,0.0,3952.91
1758861309016,0.0,0.0,3952.91
1758861309117,0.0,0.0,3952.91
1758861309216,0.0,0.0,3952.91
1758861309316,0.0,0.0,3952.91
1758861309416,0.0,0.0,3952.91
1758861309516,0.0,0.0,3952.91
1758861309616,0.0,0.0,3952.91
1758861309716,0.0,0.0,3952.91
1758861309816,0.0,0.0,3952.91
1758861309916,0.0,0.0,3952.91
1758861310016,0.0,0.0,3952.91
1758861310116,0.0,0.0,3952.91
1758861310216,0.0,0.0,3952.91
1758861310316,0.0,0.0,3952.91
1758861310416,0.0,0.0,3952.91
1758861310516,0.0,0.0,3952.91
1758861310616,0.0,0.0,3952.91
1758861310716,0.0,0.0,3952.91
1758861310815,0.0,0.0,3952.91
1758861310916,0.0,0.0,3952.91
1758861311015,0.0,0.0,3952.91
1758861311115,0.0,0.0,3952.91
1758861311215,0.0,0.0,3952.74
1758861311331,0.0,0.0,3952.74
1758861311417,0.0,0.0,3952.52
1758861311517,0.0,0.0,3952.5
1758861311616,0.0,0.0,3952.5
1758861311716,0.0,0.0,3952.5
1758861311816,0.0,0.0,3952.5
1758861311915,0.0,0.0,3952.5
1758861312016,0.0,0.0,3952.5
1758861312117,0.0,0.0,3952.5
1758861312216,0.0,0.0,3952.5
1758861312316,0.0,0.0,3952.44
1758861312416,0.0,0.0,3952.44
1758861312516,0.0,0.0,3952.44
1758861312616,0.0,0.0,3952.43
1758861312716,0.0,0.0,3952.43
1758861312816,0.0,0.0,3952.43
1758861312916,0.0,0.0,3952.43
1758861313016,0.0,0.0,3952.43
1758861313116,0.0,0.0,3952.43
1758861313216,0.0,0.0,3952.43
1758861313316,0.0,0.0,3952.43
1758861313416,0.0,0.0,3952.43
1758861313516,0.0,0.0,3952.43
1758861313616,0.0,0.0,3952.43
1758861313716,0.0,0.0,3952.43
1758861313816,0.0,0.0,3952.43
1758861313916,0.0,0.0,3952.43
1758861314015,0.0,0.0,3952.43
1758861314116,0.0,0.0,3952.43
1758861314216,0.0,0.0,3952.43
1758861314316,0.0,0.0,3952.43
1758861314416,0.0,0.0,3952.43
1758861314516,0.0,0.0,3952.43
1758861314616,0.0,0.0,3952.43
1758861314716,0.0,0.0,3952.43
1758861314816,0.0,0.0,3952.43
1758861314915,0.0,0.0,3952.43
1758861315016,0.0,0.0,3952.43
1758861315115,0.0,0.0,3952.43
1758861315217,0.0,0.0,3952.43
1758861315316,0.0,0.0,3952.43
1758861315416,0.0,0.0,3952.43
1758861315516,0.0,0.0,3952.43
1758861315616,0.0,0.0,3952.43
1758861315717,0.0,0.0,3952.43
1758861315816,0.0,0.0,3952.43
1758861315916,0.0,0.0,3952.43
1758861316016,0.0,0.0,3952.43
1758861316116,0.0,0.0,3952.43
1758861316216,0.0,0.0,3952.43
1758861316316,0.0,0.0,3952.43
1758861316421,0.0,0.0,3952.43
1758861316528,0.0,0.0,3952.44
1758861316616,0.0,0.0,3952.44
1758861316716,0.0,0.0,3952.44
1758861316816,0.0,0.0,3952.44
1758861316916,0.0,0.0,3952.44
1758861317016,0.0,0.0,3952.44
1758861317116,0.0,0.0,3952.44
1758861317216,0.0,0.0,3952.44
1758861317315,0.0,0.0,3952.44
1758861317416,0.0,0.0,3952.44
1758861317516,0.0,0.0,3952.44
1758861317615,0.0,0.0,3952.44
1758861317716,0.0,0.0,3952.44
1758861317815,0.0,0.0,3952.44
1758861317916,0.0,0.0,3952.44
1758861318016,0.0,0.0,3952.44
1758861318116,0.0,0.0,3952.44
1758861318216,0.0,0.0,3952.41
1758861318316,0.0,0.0,3952.41
1758861318416,0.0,0.0,3952.41
1758861318516,0.0,0.0,3952.41
1758861318619,0.0,0.0,3952.22
1758861318716,0.0,0.0,3952.22
1758861318815,0.0,0.0,3952.22
1758861318916,0.0,0.0,3952.22
1758861319015,0.0,0.0,3952.22
1758861319115,0.0,0.0,3952.22
1758861319217,0.0,0.0,3952.22
1758861319316,0.0,0.0,3952.22
1758861319416,0.0,0.0,3952.22
1758861319517,0.0,0.0,3952.22
1758861319616,0.0,0.0,3952.22
1758861319716,0.0,0.0,3952.22
1758861319817,0.0,0.0,3952.22
1758861319916,0.0,0.0,3952.22
1758861320016,0.0,0.0,3952.22
1758861320116,0.0,0.0,3952.22
1758861320216,0.0,0.0,3952.22
1758861320316,0.0,0.0,3952.22
1758861320416,0.0,0.0,3952.22
1758861320518,0.0,0.0,3952.22
1758861320615,0.0,0.0,3952.22
1758861320716,0.0,0.0,3952.15
1758861320816,0.0,0.0,3952.15
1758861320916,0.0,0.0,3952.15
1758861321016,0.0,0.0,3952.15
1758861321116,0.0,0.0,3952.15
1758861321216,0.0,0.0,3952.15
1758861321316,0.0,0.0,3952.15
1758861321416,0.0,0.0,3952.15
1758861321524,0.0,0.0,3952.15
1758861321621,0.0,0.0,3952.15
1758861321715,0.0,0.0,3952.15
1758861321815,0.0,0.0,3952.15
1758861321916,0.0,0.0,3952.14
1758861322015,0.0,0.0,3952.14
1758861322116,0.0,0.0,3952.14
1758861322216,0.0,0.0,3952.14
1758861322316,0.0,0.0,3952.14
1758861322416,0.0,0.0,3952.14
1758861322516,0.0,0.0,3952.14
1758861322616,0.0,0.0,3952.14
1758861322716,0.0,0.0,3952.14
1758861322816,0.0,0.0,3952.14
1758861322917,0.0,0.0,3952.14
1758861323016,0.0,0.0,3952.14
1758861323116,0.0,0.0,3952.14
1758861323216,0.0,0.0,3952.14
1758861323316,0.0,0.0,3952.14
1758861323416,0.0,0.0,3952.14
1758861323516,0.0,0.0,3952.14
1758861323616,0.0,0.0,3952.14
1758861323716,0.0,0.0,3952.14
1758861323817,0.0,0.0,3952.14
1758861323917,0.0,0.0,3952.14
1758861324016,0.0,0.0,3952.14
1758861324116,0.0,0.0,3952.14
1758861324216,0.0,0.0,3952.15
1758861324316,0.0,0.0,3952.15
1758861324416,0.0,0.0,3952.15
1758861324516,0.0,0.0,3952.15
1758861324615,0.0,0.0,3952.14
1758861324716,0.0,0.0,3952.14
1758861324816,0.0,0.0,3952.14
1758861324916,0.0,0.0,3952.14
1758861325016,0.0,0.0,3952.14
1758861325115,0.0,0.0,3952.14
1758861325215,0.0,0.0,3952.14
1758861325415,0.0,0.0,3952.14
1758861325616,0.0,0.0,3952.14
1758861325716,0.0,0.0,3952.14
1758861325816,0.0,0.0,3952.14
1758861325916,0.0,0.0,3952.14
1758861326015,0.0,0.0,3952.14
1758861326115,0.0,0.0,3952.14
1758861326215,0.0,0.0,3952.14
1758861326316,0.0,0.0,3952.14
1758861326416,0.0,0.0,3952.14
1758861326517,0.0,0.0,3952.14
1758861326638,0.0,0.0,3952.14
1758861326724,0.0,0.0,3952.14
1758861326816,0.0,0.0,3952.14
1758861326916,0.0,0.0,3952.14
1758861327017,0.0,0.0,3952.14
1758861327116,0.0,0.0,3952.0
1758861327217,0.0,0.0,3952.0
1758861327317,0.0,0.0,3951.25
1758861327417,0.0,0.0,3951.25
1758861327516,0.0,0.0,3951.25
1758861327616,0.0,0.0,3951.25
1758861327716,0.0,0.0,3951.25
1758861327816,0.0,0.0,3951.25
1758861327916,0.0,0.0,3951.25
1758861328015,0.0,0.0,3951.25
1758861328116,0.0,0.0,3951.25
1758861328216,0.0,0.0,3951.25
1758861328316,0.0,0.0,3951.25
1758861328416,0.0,0.0,3951.25
1758861328516,0.0,0.0,3951.25
1758861328616,0.0,0.0,3951.25
1758861328716,0.0,0.0,3951.25
1758861328816,0.0,0.0,3951.25
1758861328916,0.0,0.0,3951.25
1758861329016,0.0,0.0,3951.25
1758861329116,0.0,0.0,3951.25
1758861329216,0.0,0.0,3951.25
1758861329316,0.0,0.0,3951.25
1758861329416,0.0,0.0,3951.25
1758861329516,0.0,0.0,3951.25
1758861329616,0.0,0.0,3951.25
1758861329716,0.0,0.0,3951.25
1758861329816,0.0,0.0,3951.25
1758861329915,0.0,0.0,3951.25
1758861330016,0.0,0.0,3951.25
1758861330116,0.0,0.0,3951.25
1758861330217,0.0,0.0,3951.25
1758861330317,0.0,0.0,3951.25
1758861330416,0.0,0.0,3951.25
1758861330517,0.0,0.0,3951.25
1758861330616,0.0,0.0,3951.25
1758861330716,0.0,0.0,3951.25
1758861330817,0.0,0.0,3951.25
1758861330916,0.0,0.0,3951.25
1758861331016,0.0,0.0,3951.25
1758861331116,0.0,0.0,3951.25
1758861331217,0.0,0.0,3951.25
1758861331316,0.0,0.0,3951.25
1758861331416,0.0,0.0,3951.25
1758861331516,0.0,0.0,3951.25
1758861331616,0.0,0.0,3951.25
1758861331731,0.0,0.0,3951.25
1758861331820,0.0,0.0,3951.25
1758861331916,0.0,0.0,3951.25
1758861332016,0.0,0.0,3951.25
1758861332116,0.0,0.0,3951.25
1758861332216,0.0,0.0,3951.25
1758861332316,0.0,0.0,3951.25
1758861332416,0.0,0.0,3951.25
1758861332516,0.0,0.0,3951.25
1758861332616,0.0,0.0,3951.25
1758861332716,0.0,0.0,3951.25
1758861332817,0.0,0.0,3951.25
1758861332916,0.0,0.0,3951.25
1758861333016,0.0,0.0,3951.25
1758861333116,0.0,0.0,3951.25
1758861333216,0.0,0.0,3951.25
1758861333316,0.0,0.0,3951.25
1758861333416,0.0,0.0,3951.25
1758861333516,0.0,0.0,3951.25
1758861333616,0.0,0.0,3951.25
1758861333716,0.0,0.0,3951.25
1758861333816,0.0,0.0,3951.25
1758861333916,0.0,0.0,3951.25
1758861334016,0.0,0.0,3951.25
1758861334116,0.0,0.0,3951.25
1758861334216,0.0,0.0,3951.25
1758861334316,0.0,0.0,3951.25
1758861334416,0.0,0.0,3951.25
1758861334515,0.0,0.0,3951.25
1758861334617,0.0,0.0,3951.25
1758861334717,0.0,0.0,3951.25
1758861334817,0.0,0.0,3951.25
1758861334917,0.0,0.0,3951.25
1758861335017,0.0,0.0,3951.25
1758861335116,0.0,0.0,3951.25
1758861335216,0.0,0.0,3951.25
1758861335316,0.0,0.0,3951.25
1758861335416,0.0,0.0,3951.25
1758861335516,0.0,0.0,3951.25
1758861335617,0.0,0.0,3951.25
1758861335716,0.0,0.0,3951.25
1758861335816,0.0,0.0,3951.25
1758861335916,0.0,0.0,3951.25
1758861336016,0.0,0.0,3951.25
1758861336116,0.0,0.0,3951.25
1758861336216,0.0,0.0,3951.25
1758861336316,0.0,0.0,3951.25
1758861336416,0.0,0.0,3951.25
1758861336516,0.0,0.0,3951.25
1758861336616,0.0,0.0,3951.25
1758861336716,0.0,0.0,3951.25
1758861336819,0.0,0.0,3951.25
1758861336930,0.0,0.0,3951.25
1758861337016,0.0,0.0,3951.25
1758861337116,0.0,0.0,3951.25
1758861337216,0.0,0.0,3951.25
1758861337316,0.0,0.0,3951.25
1758861337416,0.0,0.0,3951.25
1758861337516,0.0,0.0,3951.25
1758861337616,0.0,0.0,3951.25
1758861337716,0.0,0.0,3951.25
1758861337816,0.0,0.0,3951.25
1758861337916,0.0,0.0,3951.25
1758861338016,0.0,0.0,3951.25
1758861338117,0.0,0.0,3951.25
1758861338216,0.0,0.0,3951.25
1758861338316,0.0,0.0,3951.25
1758861338416,0.0,0.0,3951.25
1758861338515,0.0,0.0,3951.25
1758861338616,0.0,0.0,3951.25
1758861338717,0.0,0.0,3951.25
1758861338817,0.0,0.0,3951.25
1758861338916,0.0,0.0,3951.25
1758861339016,0.0,0.0,3951.25
1758861339116,0.0,0.0,3951.25
1758861339216,0.0,0.0,3951.25
1758861339316,0.0,0.0,3951.25
1758861339416,0.0,0.0,3951.25
1758861339516,0.0,0.0,3951.25
1758861339616,0.0,0.0,3951.25
1758861339716,0.0,0.0,3951.25
1758861339816,0.0,0.0,3951.25
1758861339916,0.0,0.0,3951.25
1758861340015,0.0,0.0,3951.25
1758861340116,0.0,0.0,3951.25
1758861340215,0.0,0.0,3951.25
1758861340317,0.0,0.0,3951.25
1758861340417,0.0,0.0,3951.25
1758861340516,0.0,0.0,3951.25
1758861340616,0.0,0.0,3951.25
1758861340716,0.0,0.0,3951.25
1758861340816,0.0,0.0,3951.25
1758861340916,0.0,0.0,3951.25
1758861341016,0.0,0.0,3951.25
1758861341116,0.0,0.0,3951.25
1758861341216,0.0,0.0,3951.25
1758861341316,0.0,0.0,3951.25
1758861341416,0.0,0.0,3951.25
1758861341516,0.0,0.0,3951.25
1758861341616,0.0,0.0,3951.25
1758861341716,0.0,0.0,3951.26
1758861341816,0.0,0.0,3951.26
1758861341919,0.0,0.0,3951.26
1758861342015,0.0,0.0,3951.26
1758861342116,0.0,0.0,3951.26
1758861342216,0.0,0.0,3951.26
1758861342316,0.0,0.0,3951.26
1758861342416,0.0,0.0,3951.26
1758861342516,0.0,0.0,3951.26
1758861342616,0.0,0.0,3951.26
1758861342715,0.0,0.0,3951.26
1758861342916,0.0,0.0,3951.25
1758861343016,0.0,0.0,3951.25
1758861343116,0.0,0.0,3951.25
1758861343217,0.0,0.0,3951.25
1758861343317,0.0,0.0,3951.25
1758861343416,0.0,0.0,3951.25
1758861343516,0.0,0.0,3951.25
1758861343616,0.0,0.0,3951.25
1758861343716,0.0,0.0,3951.25
1758861343816,0.0,0.0,3951.25
1758861343916,0.0,0.0,3951.25
1758861344017,0.0,0.0,3951.25
1758861344116,0.0,0.0,3951.25
1758861344216,0.0,0.0,3951.25
1758861344316,0.0,0.0,3951.25
1758861344416,0.0,0.0,3951.25
1758861344516,0.0,0.0,3951.25
1758861344616,0.0,0.0,3951.25
1758861344716,0.0,0.0,3951.25
1758861344816,0.0,0.0,3951.25
1758861344916,0.0,0.0,3951.25
1758861345016,0.0,0.0,3951.25
1758861345116,0.0,0.0,3951.25
1758861345216,0.0,0.0,3951.25
1758861345416,0.0,0.0,3951.25
1758861345516,0.0,0.0,3951.25
1758861345616,0.0,0.0,3951.25
1758861345715,0.0,0.0,3951.25
1758861345816,0.0,0.0,3951.25
1758861345916,0.0,0.0,3951.25
1758861346016,0.0,0.0,3951.25
1758861346116,0.0,0.0,3951.25
1758861346216,0.0,0.0,3951.25
1758861346316,0.0,0.0,3951.25
1758861346416,0.0,0.0,3950.79
1758861346516,0.0,0.0,3950.79
1758861346616,0.0,0.0,3950.79
1758861346716,0.0,0.0,3950.79
1758861346817,0.0,0.0,3950.79
1758861346917,0.0,0.0,3950.79
1758861347018,0.0,0.0,3950.79
1758861347117,0.0,0.0,3950.79
1758861347217,0.0,0.0,3950.79
1758861347317,0.0,0.0,3950.79
1758861347417,0.0,0.0,3950.79
1758861347516,0.0,0.0,3950.79
1758861347616,0.0,0.0,3950.79
1758861347716,0.0,0.0,3950.79
1758861347816,0.0,0.0,3950.79
1758861347916,0.0,0.0,3950.79
1758861348016,0.0,0.0,3950.79
1758861348116,0.0,0.0,3950.79
1758861348216,0.0,0.0,3950.79
1758861348316,0.0,0.0,3950.79
1758861348416,0.0,0.0,3950.79
1758861348516,0.0,0.0,3950.79
1758861348616,0.0,0.0,3950.79
1758861348716,0.0,0.0,3950.79
1758861348816,0.0,0.0,3950.79
1758861348924,0.0,0.0,3950.79
1758861349015,0.0,0.0,3950.79
1758861349116,0.0,0.0,3950.79
1758861349216,0.0,0.0,3950.79
1758861349316,0.0,0.0,3950.79
1758861349416,0.0,0.0,3950.79
1758861349516,0.0,0.0,3950.79
1758861349617,0.0,0.0,3950.79
1758861349717,0.0,0.0,3950.79
1758861349816,0.0,0.0,3950.79
1758861349917,0.0,0.0,3950.79
1758861350016,0.0,0.0,3950.79
1758861350116,0.0,0.0,3950.79
1758861350217,0.0,0.0,3950.79
1758861350317,0.0,0.0,3950.79
1758861350417,0.0,0.0,3950.79
1758861350516,0.0,0.0,3950.79
1758861350616,0.0,0.0,3950.79
1758861350716,0.0,0.0,3950.79
1758861350816,0.0,0.0,3950.79
1758861350916,0.0,0.0,3950.79
1758861351016,0.0,0.0,3950.79
1758861351116,0.0,0.0,3950.79
1758861351216,0.0,0.0,3950.79
1758861351316,0.0,0.0,3950.79
1758861351416,0.0,0.0,3950.79
1758861351516,0.0,0.0,3950.79
1758861351616,0.0,0.0,3950.79
1758861351716,0.0,0.0,3950.8
1758861351816,0.0,0.0,3950.8
1758861351916,0.0,0.0,3950.8
1758861352027,0.0,0.0,3950.8
1758861352116,0.0,0.0,3950.8
1758861352216,0.0,0.0,3950.8
1758861352316,0.0,0.0,3950.8
1758861352416,0.0,0.0,3950.8
1758861352516,0.0,0.0,3950.79
1758861352616,0.0,0.0,3950.79
1758861352716,0.0,0.0,3950.79
1758861352816,0.0,0.0,3950.79
1758861352916,0.0,0.0,3950.79
1758861353016,0.0,0.0,3950.79
1758861353115,0.0,0.0,3950.79
1758861353216,0.0,0.0,3950.79
1758861353316,0.0,0.0,3950.79
1758861353417,0.0,0.0,3950.79
1758861353517,0.0,0.0,3950.79
1758861353617,0.0,0.0,3950.79
1758861353717,0.0,0.0,3950.79
1758861353817,0.0,0.0,3950.79
1758861353916,0.0,0.0,3950.79
1758861354016,0.0,0.0,3950.79
1758861354116,0.0,0.0,3950.79
1758861354215,0.0,0.0,3950.79
1758861354315,0.0,0.0,3950.79
1758861354416,0.0,0.0,3950.79
1758861354517,0.0,0.0,3950.79
1758861354616,0.0,0.0,3950.79
1758861354716,0.0,0.0,3950.79
1758861354817,0.0,0.0,3950.79
1758861354917,0.0,0.0,3950.8
1758861355017,0.0,0.0,3950.8
1758861355117,0.0,0.0,3950.8
1758861355216,0.0,0.0,3950.8
1758861355316,0.0,0.0,3950.82
1758861355416,0.0,0.0,3950.82
1758861355518,0.0,0.0,3950.89
1758861355616,0.0,0.0,3950.89
1758861355716,0.0,0.0,3950.89
1758861355816,0.0,0.0,3950.99
1758861355916,0.0,0.0,3950.99
1758861356016,0.0,0.0,3950.99
1758861356116,0.0,0.0,3950.99
1758861356216,0.0,0.0,3950.99
1758861356317,0.0,0.0,3950.99
1758861356416,0.0,0.0,3950.99
1758861356516,0.0,0.0,3950.99
1758861356616,0.0,0.0,3950.99
1758861356716,0.0,0.0,3950.99
1758861356816,0.0,0.0,3950.98
1758861356916,0.0,0.0,3950.98
1758861357016,0.0,0.0,3950.98
1758861357117,0.0,0.0,3950.98
1758861357216,0.0,0.0,3950.98
1758861357316,0.0,0.0,3950.98
1758861357416,0.0,0.0,3950.98
1758861357516,0.0,0.0,3950.98
1758861357616,0.0,0.0,3950.98
1758861357716,0.0,0.0,3950.99
1758861357816,0.0,0.0,3950.99
1758861357916,0.0,0.0,3950.98
1758861358016,0.0,0.0,3950.98
1758861358116,0.0,0.0,3950.98
1758861358216,0.0,0.0,3950.98
1758861358315,0.0,0.0,3950.98
1758861358417,0.0,0.0,3950.98
1758861358516,0.0,0.0,3950.98
1758861358617,0.0,0.0,3950.99
1758861358717,0.0,0.0,3951.04
1758861358817,0.0,0.0,3951.04
1758861358917,0.0,0.0,3951.04
1758861359016,0.0,0.0,3951.04
1758861359116,0.0,0.0,3951.04
1758861359216,0.0,0.0,3951.04
1758861359317,0.0,0.0,3951.04
1758861359416,0.0,0.0,3951.04
1758861359516,0.0,0.0,3951.04
1758861359617,0.0,0.0,3951.04
1758861359716,0.0,0.0,3951.04
1758861359816,0.0,0.0,3951.04
1758861359918,0.0,0.0,3951.05
1758861360016,0.0,0.0,3951.25
1758861360116,0.0,0.0,3951.25
1758861360216,0.0,0.0,3951.27
1758861360316,0.0,0.0,3951.27
1758861360417,0.0,0.0,3952.13
1758861360516,0.0,0.0,3952.13
1758861360617,0.0,0.0,3952.13
1758861360716,0.0,0.0,3952.13
1758861360817,0.0,0.0,3952.13
1758861360916,0.0,0.0,3952.13
1758861361016,0.0,0.0,3952.13
1758861361116,0.0,0.0,3952.13
1758861361216,0.0,0.0,3952.13
1758861361316,0.0,0.0,3952.13
1758861361417,0.0,0.0,3952.13
1758861361516,0.0,0.0,3952.13
1758861361616,0.0,0.0,3952.13
1758861361716,0.0,0.0,3952.13
1758861361816,0.0,0.0,3952.13
1758861361916,0.0,0.0,3952.13
1758861362016,0.0,0.0,3952.13
1758861362117,0.0,0.0,3952.13
1758861362250,0.0,0.0,3952.13
1758861362317,0.0,0.0,3952.13
1758861362417,0.0,0.0,3952.13
1758861362517,0.0,0.0,3952.13
1758861362617,0.0,0.0,3952.13
1758861362717,0.0,0.0,3952.13
1758861362817,0.0,0.0,3952.13
1758861362916,0.0,0.0,3952.13
1758861363016,0.0,0.0,3952.13
1758861363117,0.0,0.0,3952.13
1758861363216,0.0,0.0,3952.13
1758861363317,0.0,0.0,3952.13
1758861363416,0.0,0.0,3952.13
1758861363516,0.0,0.0,3952.13
1758861363616,0.0,0.0,3952.13
1758861363716,0.0,0.0,3952.13
1758861363816,0.0,0.0,3952.13
1758861363916,0.0,0.0,3952.13
1758861364016,0.0,0.0,3952.13
1758861364116,0.0,0.0,3952.13
1758861364216,0.0,0.0,3952.13
1758861364316,0.0,0.0,3952.13
1758861364417,0.0,0.0,3952.13
1758861364516,0.0,0.0,3952.13
1758861364616,0.0,0.0,3952.13
1758861364716,0.0,0.0,3952.13
1758861364816,0.0,0.0,3952.13
1758861364916,0.0,0.0,3952.13
1758861365016,0.0,0.0,3952.13
1758861365116,0.0,0.0,3952.13
1758861365216,0.0,0.0,3952.13
1758861365316,0.0,0.0,3952.13
1758861365416,0.0,0.0,3952.13
1758861365517,0.0,0.0,3952.13
1758861365617,0.0,0.0,3952.13
1758861365717,0.0,0.0,3952.13
1758861365817,0.0,0.0,3952.13
1758861365917,0.0,0.0,3952.13
1758861366017,0.0,0.0,3952.13
1758861366117,0.0,0.0,3952.13
1758861366217,0.0,0.0,3952.13
1758861366317,0.0,0.0,3952.13
1758861366417,0.0,0.0,3952.13
1758861366517,0.0,0.0,3952.13
1758861366616,0.0,0.0,3952.13
1758861366716,0.0,0.0,3952.13
1758861366816,0.0,0.0,3952.13
1758861366916,0.0,0.0,3952.13
1758861367016,0.0,0.0,3952.13
1758861367116,0.0,0.0,3952.13
1758861367216,0.0,0.0,3952.13
1758861367337,0.0,0.0,3952.13
1758861367425,0.0,0.0,3952.13
1758861367516,0.0,0.0,3952.13
1758861367617,0.0,0.0,3952.12
1758861367717,0.0,0.0,3951.94
1758861367817,0.0,0.0,3951.78
1758861367916,0.0,0.0,3951.78
1758861368016,0.0,0.0,3951.78
1758861368116,0.0,0.0,3951.78
1758861368216,0.0,0.0,3951.78
1758861368316,0.0,0.0,3951.78
1758861368416,0.0,0.0,3951.78
1758861368516,0.0,0.0,3951.78
1758861368616,0.0,0.0,3951.78
1758861368716,0.0,0.0,3951.78
1758861368816,0.0,0.0,3951.78
1758861368916,0.0,0.0,3951.78
1758861369016,0.0,0.0,3951.78
1758861369116,0.0,0.0,3951.74
1758861369216,0.0,0.0,3951.48
1758861369316,0.0,0.0,3951.48
1758861369416,0.0,0.0,3951.48
1758861369516,0.0,0.0,3951.48
1758861369616,0.0,0.0,3951.48
1758861369717,0.0,0.0,3951.48
1758861369817,0.0,0.0,3951.48
1758861369917,0.0,0.0,3951.48
1758861370017,0.0,0.0,3951.48
1758861370117,0.0,0.0,3951.48
1758861370217,0.0,0.0,3951.48
1758861370317,0.0,0.0,3951.48
1758861370417,0.0,0.0,3951.48
1758861370517,0.0,0.0,3951.48
1758861370617,0.0,0.0,3951.48
1758861370717,0.0,0.0,3951.35
1758861370817,0.0,0.0,3951.35
1758861370917,0.0,0.0,3951.33
1758861371017,0.0,0.0,3951.29
1758861371116,0.0,0.0,3951.29
1758861371217,0.0,0.0,3951.29
1758861371316,0.0,0.0,3951.29
1758861371417,0.0,0.0,3951.29
1758861371517,0.0,0.0,3951.29
1758861371616,0.0,0.0,3951.29
1758861371717,0.0,0.0,3951.29
1758861371816,0.0,0.0,3951.29
1758861371916,0.0,0.0,3951.29
1758861372017,0.0,0.0,3951.29
1758861372116,0.0,0.0,3951.18
1758861372216,0.0,0.0,3951.18
1758861372316,0.0,0.0,3951.18
1758861372418,0.0,0.0,3951.18
1758861372517,0.0,0.0,3951.18
1758861372616,0.0,0.0,3951.18
1758861372716,0.0,0.0,3951.18
1758861372816,0.0,0.0,3951.18
1758861372916,0.0,0.0,3951.18
1758861373016,0.0,0.0,3951.18
1758861373116,0.0,0.0,3951.18
1758861373216,0.0,0.0,3951.18
1758861373317,0.0,0.0,3951.19
1758861373417,0.0,0.0,3951.19
1758861373516,0.0,0.0,3951.19
1758861373617,0.0,0.0,3951.19
1758861373717,0.0,0.0,3951.19
1758861373817,0.0,0.0,3951.19
1758861373917,0.0,0.0,3951.19
1758861374017,0.0,0.0,3951.19
1758861374116,0.0,0.0,3951.19
1758861374217,0.0,0.0,3951.19
1758861374317,0.0,0.0,3951.19
1758861374417,0.0,0.0,3951.19
1758861374516,0.0,0.0,3951.19
1758861374617,0.0,0.0,3951.19
1758861374717,0.0,0.0,3951.19
1758861374816,0.0,0.0,3951.19
1758861374916,0.0,0.0,3951.19
1758861375016,0.0,0.0,3951.19
1758861375116,0.0,0.0,3951.19
1758861375216,0.0,0.0,3951.19
1758861375316,0.0,0.0,3951.19
1758861375417,0.0,0.0,3951.19
1758861375516,0.0,0.0,3951.19
1758861375700,0.0,0.0,3948.45
1758861375847,0.0,0.0,3948.58
1758861375926,0.0,0.0,3949.08
1758861375996,0.0,0.0,3949.06
1758861376052,0.0,0.0,3949.06
1758861376116,0.0,0.0,3949.06
1758861376216,0.0,0.0,3949.06
1758861376316,0.0,0.0,3949.06
1758861376417,0.0,0.0,3949.05
1758861376516,0.0,0.0,3949.05
1758861376616,0.0,0.0,3949.05
1758861376716,0.0,0.0,3949.06
1758861376816,0.0,0.0,3949.06
1758861376917,0.0,0.0,3949.06
1758861377017,0.0,0.0,3949.06
1758861377117,0.0,0.0,3949.05
1758861377217,0.0,0.0,3949.05
1758861377317,0.0,0.0,3949.05
1758861377417,0.0,0.0,3949.05
1758861377548,0.0,0.0,3949.05
1758861377618,0.0,0.0,3948.8
1758861377717,0.0,0.0,3948.8
1758861377817,0.0,0.0,3948.8
1758861377916,0.0,0.0,3948.8
1758861378017,0.0,0.0,3948.8
1758861378117,0.0,0.0,3948.8
1758861378217,0.0,0.0,3948.8
1758861378317,0.0,0.0,3948.81
1758861378417,0.0,0.0,3948.81
1758861378517,0.0,0.0,3948.81
1758861378617,0.0,0.0,3948.8
1758861378717,0.0,0.0,3948.8
1758861378817,0.0,0.0,3948.8
1758861378916,0.0,0.0,3948.67
1758861379017,0.0,0.0,3948.67
1758861379116,0.0,0.0,3948.67
1758861379216,0.0,0.0,3948.67
1758861379316,0.0,0.0,3948.67
1758861379416,0.0,0.0,3948.67
1758861379517,0.0,0.0,3948.67
1758861379617,0.0,0.0,3948.67
1758861379716,0.0,0.0,3948.67
1758861379816,0.0,0.0,3948.67
1758861379916,0.0,0.0,3948.67
1758861380016,0.0,0.0,3948.67
1758861380116,0.0,0.0,3948.67
1758861380217,0.0,0.0,3948.67
1758861380317,0.0,0.0,3948.67
1758861380416,0.0,0.0,3948.67
1758861380516,0.0,0.0,3948.67
1758861380616,0.0,0.0,3948.67
1758861380716,0.0,0.0,3948.67
1758861380816,0.0,0.0,3948.67
1758861380916,0.0,0.0,3948.67
1758861381016,0.0,0.0,3948.67
1758861381116,0.0,0.0,3948.67
1758861381216,0.0,0.0,3948.67
1758861381316,0.0,0.0,3948.67
1758861381416,0.0,0.0,3948.67
1758861381516,0.0,0.0,3948.67
1758861381617,0.0,0.0,3948.67
1758861381717,0.0,0.0,3948.67
1758861381817,0.0,0.0,3948.67
1758861381917,0.0,0.0,3948.67
1758861382017,0.0,0.0,3948.67
1758861382117,0.0,0.0,3948.67
1758861382216,0.0,0.0,3948.67
1758861382317,0.0,0.0,3948.67
1758861382417,0.0,0.0,3948.67
1758861382517,0.0,0.0,3948.67
1758861382633,0.0,0.0,3948.68
1758861382720,0.0,0.0,3948.68
1758861382817,0.0,0.0,3948.68
1758861382917,0.0,0.0,3948.33
1758861383016,0.0,0.0,3948.33
1758861383116,0.0,0.0,3948.33
1758861383216,0.0,0.0,3948.33
1758861383316,0.0,0.0,3948.33
1758861383416,0.0,0.0,3948.33
1758861383516,0.0,0.0,3948.33
1758861383616,0.0,0.0,3948.33
1758861383716,0.0,0.0,3948.33
1758861383816,0.0,0.0,3948.32
1758861383916,0.0,0.0,3948.32
1758861384016,0.0,0.0,3948.32
1758861384116,0.0,0.0,3948.3
1758861384217,0.0,0.0,3948.3
1758861384317,0.0,0.0,3948.15
1758861384417,0.0,0.0,3948.15
1758861384517,0.0,0.0,3948.15
1758861384617,0.0,0.0,3948.15
1758861384717,0.0,0.0,3947.89
1758861384817,0.0,0.0,3947.89
1758861384917,0.0,0.0,3947.89
1758861385016,0.0,0.0,3947.89
1758861385117,0.0,0.0,3947.89
1758861385216,0.0,0.0,3947.89
1758861385341,0.0,0.0,3946.85
1758861385459,0.0,0.0,3946.5
1758861385533,0.0,0.0,3946.48
1758861385617,0.0,0.0,3946.48
1758861385717,0.0,0.0,3946.48
1758861385817,0.0,0.0,3946.43
1758861385916,0.0,0.0,3946.43
1758861386016,0.0,0.0,3946.38
1758861386116,0.0,0.0,3945.66
1758861386216,0.0,0.0,3945.66
1758861386317,0.0,0.0,3945.66
1758861386417,0.0,0.0,3945.66
1758861386516,0.0,0.0,3945.66
1758861386616,0.0,0.0,3945.66
1758861386717,0.0,0.0,3945.66
1758861386816,0.0,0.0,3945.66
1758861386916,0.0,0.0,3945.66
1758861387016,0.0,0.0,3945.66
1758861387116,0.0,0.0,3945.66
1758861387216,0.0,0.0,3945.66
1758861387317,0.0,0.0,3945.66
1758861387416,0.0,0.0,3945.66
1758861387516,0.0,0.0,3945.66
1758861387616,0.0,0.0,3945.66
1758861387722,0.0,0.0,3945.66
1758861387816,0.0,0.0,3945.66
1758861387916,0.0,0.0,3945.66
1758861388017,0.0,0.0,3945.66
1758861388117,0.0,0.0,3945.66
1758861388216,0.0,0.0,3945.66
1758861388316,0.0,0.0,3945.66
1758861388417,0.0,0.0,3945.66
1758861388516,0.0,0.0,3945.66
1758861388617,0.0,0.0,3945.66
1758861388717,0.0,0.0,3945.65
1758861388817,0.0,0.0,3945.65
1758861388917,0.0,0.0,3945.65
1758861389017,0.0,0.0,3945.65
1758861389117,0.0,0.0,3945.63
1758861389216,0.0,0.0,3945.63
1758861389317,0.0,0.0,3945.63
1758861389417,0.0,0.0,3945.63
1758861389516,0.0,0.0,3945.63
1758861389616,0.0,0.0,3945.63
1758861389716,0.0,0.0,3945.63
1758861389816,0.0,0.0,3945.64
1758861389917,0.0,0.0,3945.63
1758861390016,0.0,0.0,3945.64
1758861390116,0.0,0.0,3945.64
1758861390216,0.0,0.0,3945.64
1758861390316,0.0,0.0,3945.64
1758861390417,0.0,0.0,3945.64
1758861390516,0.0,0.0,3945.64
1758861390616,0.0,0.0,3945.83
1758861390716,0.0,0.0,3945.83
1758861390816,0.0,0.0,3946.03
1758861390916,0.0,0.0,3946.03
1758861391016,0.0,0.0,3946.03
1758861391116,0.0,0.0,3946.03
1758861391217,0.0,0.0,3946.03
1758861391317,0.0,0.0,3946.03
1758861391417,0.0,0.0,3946.03
1758861391517,0.0,0.0,3946.03
1758861391617,0.0,0.0,3946.03
1758861391717,0.0,0.0,3946.03
1758861391817,0.0,0.0,3946.02
1758861391917,0.0,0.0,3946.02
1758861392017,0.0,0.0,3946.02
1758861392117,0.0,0.0,3946.02
1758861392216,0.0,0.0,3946.02
1758861392317,0.0,0.0,3946.02
1758861392417,0.0,0.0,3946.02
1758861392517,0.0,0.0,3946.05
1758861392616,0.0,0.0,3946.05
1758861392725,0.0,0.0,3946.22
1758861392833,0.0,0.0,3946.22
1758861392918,0.0,0.0,3946.22
1758861393016,0.0,0.0,3946.22
1758861393116,0.0,0.0,3946.22
1758861393216,0.0,0.0,3946.22
1758861393316,0.0,0.0,3946.22
1758861393416,0.0,0.0,3946.22
1758861393516,0.0,0.0,3946.22
1758861393616,0.0,0.0,3946.3
1758861393716,0.0,0.0,3946.3
1758861393816,0.0,0.0,3946.31
1758861393921,0.0,0.0,3946.63
1758861394017,0.0,0.0,3946.63
1758861394116,0.0,0.0,3946.63
1758861394216,0.0,0.0,3946.63
1758861394317,0.0,0.0,3947.08
1758861394417,0.0,0.0,3947.08
1758861394517,0.0,0.0,3947.08
1758861394617,0.0,0.0,3947.08
1758861394717,0.0,0.0,3947.08
1758861394817,0.0,0.0,3947.08
1758861394917,0.0,0.0,3947.08
1758861395016,0.0,0.0,3947.08
1758861395117,0.0,0.0,3947.08
1758861395217,0.0,0.0,3947.08
1758861395316,0.0,0.0,3947.08
1758861395417,0.0,0.0,3947.08
1758861395516,0.0,0.0,3947.08
1758861395617,0.0,0.0,3947.08
1758861395716,0.0,0.0,3947.08
1758861395816,0.0,0.0,3947.08
1758861395916,0.0,0.0,3947.08
1758861396017,0.0,0.0,3947.08
1758861396116,0.0,0.0,3947.08
1758861396220,0.0,0.0,3947.09
1758861396324,0.0,0.0,3947.23
1758861396417,0.0,0.0,3947.23
1758861396517,0.0,0.0,3947.23
1758861396616,0.0,0.0,3947.23
1758861396716,0.0,0.0,3947.23
1758861396816,0.0,0.0,3947.23
1758861396916,0.0,0.0,3947.5
1758861397016,0.0,0.0,3947.5
1758861397116,0.0,0.0,3947.5
1758861397216,0.0,0.0,3947.5
1758861397316,0.0,0.0,3947.5
1758861397430,0.0,0.0,3947.88
1758861397517,0.0,0.0,3948.27
1758861397617,0.0,0.0,3948.27
1758861397716,0.0,0.0,3948.25
1758861397817,0.0,0.0,3948.25
1758861397918,0.0,0.0,3948.25
1758861398017,0.0,0.0,3948.25
1758861398117,0.0,0.0,3948.25
1758861398217,0.0,0.0,3948.25
1758861398316,0.0,0.0,3948.25
1758861398417,0.0,0.0,3948.25
1758861398517,0.0,0.0,3948.25
1758861398617,0.0,0.0,3948.25
1758861398717,0.0,0.0,3948.25
1758861398816,0.0,0.0,3948.25
1758861398916,0.0,0.0,3948.25
1758861399017,0.0,0.0,3948.25
1758861399117,0.0,0.0,3948.25
1758861399217,0.0,0.0,3948.25
1758861399317,0.0,0.0,3948.25
1758861399417,0.0,0.0,3947.76
1758861399517,0.0,0.0,3947.76
1758861399616,0.0,0.0,3947.76
1758861399717,0.0,0.0,3947.76
1758861399817,0.0,0.0,3947.76
1758861399916,0.0,0.0,3947.76
1758861400016,0.0,0.0,3947.76
1758861400117,0.0,0.0,3947.76
1758861400217,0.0,0.0,3947.76
1758861400317,0.0,0.0,3947.76
1758861400417,0.0,0.0,3947.76
1758861400516,0.0,0.0,3947.76
1758861400616,0.0,0.0,3947.48
1758861400721,0.0,0.0,3947.48
1758861400816,0.0,0.0,3947.48
1758861400917,0.0,0.0,3946.99
1758861401017,0.0,0.0,3946.16
1758861401117,0.0,0.0,3946.16
1758861401217,0.0,0.0,3946.16
1758861401317,0.0,0.0,3946.16
1758861401417,0.0,0.0,3946.16
1758861401517,0.0,0.0,3946.16
1758861401617,0.0,0.0,3946.16
1758861401718,0.0,0.0,3946.16
1758861401817,0.0,0.0,3946.16
1758861401917,0.0,0.0,3946.16
1758861402017,0.0,0.0,3946.16
1758861402117,0.0,0.0,3946.16
1758861402217,0.0,0.0,3946.16
1758861402317,0.0,0.0,3946.16
1758861402417,0.0,0.0,3946.16
1758861402517,0.0,0.0,3946.16
1758861402617,0.0,0.0,3946.16
1758861402717,0.0,0.0,3946.16
1758861402817,0.0,0.0,3946.57
1758861402917,0.0,0.0,3946.57
1758861403029,0.0,0.0,3946.57
1758861403117,0.0,0.0,3946.57
1758861403217,0.0,0.0,3946.57
1758861403316,0.0,0.0,3946.57
1758861403417,0.0,0.0,3946.65
1758861403517,0.0,0.0,3946.65
1758861403616,0.0,0.0,3946.65
1758861403716,0.0,0.0,3946.65
1758861403816,0.0,0.0,3946.65
1758861403917,0.0,0.0,3946.65
1758861404017,0.0,0.0,3946.65
1758861404116,0.0,0.0,3946.65
1758861404216,0.0,0.0,3946.65
1758861404316,0.0,0.0,3946.65
1758861404416,0.0,0.0,3946.65
1758861404516,0.0,0.0,3946.65
1758861404616,0.0,0.0,3946.65
1758861404716,0.0,0.0,3946.65
1758861404816,0.0,0.0,3946.65
1758861404916,0.0,0.0,3946.65
1758861405016,0.0,0.0,3946.65
1758861405117,0.0,0.0,3946.65
1758861405217,0.0,0.0,3946.65
1758861405317,0.0,0.0,3946.65
1758861405417,0.0,0.0,3946.65
1758861405517,0.0,0.0,3946.65
1758861405617,0.0,0.0,3946.65
1758861405717,0.0,0.0,3946.65
1758861405817,0.0,0.0,3946.65
1758861405917,0.0,0.0,3946.65
1758861406017,0.0,0.0,3946.65
1758861406117,0.0,0.0,3946.65
1758861406217,0.0,0.0,3946.65
1758861406316,0.0,0.0,3946.8
1758861406417,0.0,0.0,3946.89
1758861406517,0.0,0.0,3947.43
1758861406617,0.0,0.0,3947.42
1758861406717,0.0,0.0,3947.42
1758861406817,0.0,0.0,3947.42
1758861406917,0.0,0.0,3947.42
1758861407016,0.0,0.0,3947.42
1758861407116,0.0,0.0,3947.47
1758861407216,0.0,0.0,3947.47
1758861407316,0.0,0.0,3947.48
1758861407417,0.0,0.0,3947.48
1758861407517,0.0,0.0,3947.48
1758861407616,0.0,0.0,3947.48
1758861407716,0.0,0.0,3947.48
1758861407816,0.0,0.0,3947.5
1758861407916,0.0,0.0,3947.5
1758861408016,0.0,0.0,3947.71
1758861408126,0.0,0.0,3947.71
1758861408216,0.0,0.0,3947.71
1758861408316,0.0,0.0,3947.7
1758861408416,0.0,0.0,3947.7
1758861408516,0.0,0.0,3947.7
1758861408617,0.0,0.0,3947.7
1758861408717,0.0,0.0,3947.7
1758861408817,0.0,0.0,3947.7
1758861408917,0.0,0.0,3947.7
1758861409017,0.0,0.0,3947.7
1758861409117,0.0,0.0,3947.7
1758861409216,0.0,0.0,3947.7
1758861409317,0.0,0.0,3947.7
1758861409417,0.0,0.0,3947.7
1758861409518,0.0,0.0,3947.7
1758861409617,0.0,0.0,3947.7
1758861409717,0.0,0.0,3947.7
1758861409817,0.0,0.0,3947.7
1758861409917,0.0,0.0,3947.7
1758861410017,0.0,0.0,3947.7
1758861410117,0.0,0.0,3947.78
1758861410216,0.0,0.0,3947.78
1758861410317,0.0,0.0,3947.78
1758861410417,0.0,0.0,3947.78
1758861410516,0.0,0.0,3947.78
1758861410616,0.0,0.0,3947.78
1758861410716,0.0,0.0,3947.78
1758861410816,0.0,0.0,3947.78
1758861410916,0.0,0.0,3947.78
1758861411016,0.0,0.0,3947.78
1758861411117,0.0,0.0,3947.78
1758861411216,0.0,0.0,3947.78
1758861411316,0.0,0.0,3947.78
1758861411417,0.0,0.0,3947.78
1758861411517,0.0,0.0,3947.78
1758861411617,0.0,0.0,3947.78
1758861411723,0.0,0.0,3947.36
1758861411817,0.0,0.0,3947.36
1758861411917,0.0,0.0,3947.36
1758861412017,0.0,0.0,3947.36
1758861412117,0.0,0.0,3947.36
1758861412217,0.0,0.0,3947.36
1758861412317,0.0,0.0,3947.31
1758861412417,0.0,0.0,3947.31
1758861412516,0.0,0.0,3947.31
1758861412617,0.0,0.0,3947.31
1758861412717,0.0,0.0,3947.31
1758861412817,0.0,0.0,3947.31
1758861412916,0.0,0.0,3947.31
1758861413017,0.0,0.0,3947.31
1758861413119,0.0,0.0,3947.31
1758861413219,0.0,0.0,3947.31
1758861413317,0.0,0.0,3947.31
1758861413417,0.0,0.0,3947.31
1758861413516,0.0,0.0,3947.31
1758861413617,0.0,0.0,3947.31
1758861413717,0.0,0.0,3947.31
1758861413817,0.0,0.0,3947.31
1758861413916,0.0,0.0,3947.31
1758861414016,0.0,0.0,3947.31
1758861414116,0.0,0.0,3947.31
1758861414216,0.0,0.0,3947.31
1758861414316,0.0,0.0,3947.31
1758861414416,0.0,0.0,3947.31
1758861414516,0.0,0.0,3947.31
1758861414616,0.0,0.0,3947.31
1758861414716,0.0,0.0,3947.31
1758861414816,0.0,0.0,3947.31
1758861414916,0.0,0.0,3947.31
1758861415016,0.0,0.0,3947.31
1758861415116,0.0,0.0,3947.31
1758861415216,0.0,0.0,3947.31
1758861415317,0.0,0.0,3947.31
1758861415417,0.0,0.0,3947.31
1758861415517,0.0,0.0,3947.31
1758861415617,0.0,0.0,3947.09
1758861415717,0.0,0.0,3947.08
1758861415817,0.0,0.0,3947.08
1758861415917,0.0,0.0,3947.0
1758861416017,0.0,0.0,3947.0
1758861416117,0.0,0.0,3947.0
1758861416217,0.0,0.0,3947.0
1758861416317,0.0,0.0,3947.0
1758861416417,0.0,0.0,3947.0
1758861416517,0.0,0.0,3947.0
1758861416617,0.0,0.0,3947.0
1758861416717,0.0,0.0,3947.0
1758861416817,0.0,0.0,3946.92
1758861416917,0.0,0.0,3946.81
1758861417017,0.0,0.0,3946.81
1758861417117,0.0,0.0,3946.81
1758861417217,0.0,0.0,3946.81
1758861417317,0.0,0.0,3946.81
1758861417417,0.0,0.0,3946.81
1758861417517,0.0,0.0,3946.69
1758861417617,0.0,0.0,3946.69
1758861417717,0.0,0.0,3946.69
1758861417817,0.0,0.0,3946.69
1758861417917,0.0,0.0,3946.69
1758861418017,0.0,0.0,3946.69
1758861418117,0.0,0.0,3946.69
1758861418224,0.0,0.0,3946.69
1758861418326,0.0,0.0,3946.62
1758861418417,0.0,0.0,3947.09
1758861418516,0.0,0.0,3947.09
1758861418616,0.0,0.0,3947.09
1758861418717,0.0,0.0,3947.09
1758861418816,0.0,0.0,3947.09
1758861418916,0.0,0.0,3947.09
1758861419016,0.0,0.0,3947.09
1758861419116,0.0,0.0,3947.09
1758861419216,0.0,0.0,3947.09
1758861419316,0.0,0.0,3947.09
1758861419416,0.0,0.0,3947.09
1758861419516,0.0,0.0,3947.09
1758861419616,0.0,0.0,3947.09
1758861419717,0.0,0.0,3947.09
1758861419817,0.0,0.0,3947.09
1758861419917,0.0,0.0,3947.09
1758861420017,0.0,0.0,3947.09
1758861420116,0.0,0.0,3947.09
1758861420217,0.0,0.0,3947.09
1758861420317,0.0,0.0,3947.09
1758861420417,0.0,0.0,3947.09
1758861420517,0.0,0.0,3947.09
1758861420617,0.0,0.0,3947.09
1758861420717,0.0,0.0,3947.09
1758861420817,0.0,0.0,3947.09
1758861420917,0.0,0.0,3947.09
1758861421017,0.0,0.0,3947.09
1758861421117,0.0,0.0,3947.09
1758861421216,0.0,0.0,3947.09
1758861421317,0.0,0.0,3947.09
1758861421417,0.0,0.0,3947.13
1758861421517,0.0,0.0,3947.13
1758861421620,0.0,0.0,3947.13
1758861421719,0.0,0.0,3947.13
1758861421817,0.0,0.0,3947.48
1758861421917,0.0,0.0,3947.48
1758861422017,0.0,0.0,3947.48
1758861422117,0.0,0.0,3947.48
1758861422217,0.0,0.0,3947.5
1758861422317,0.0,0.0,3947.5
1758861422417,0.0,0.0,3947.51
1758861422517,0.0,0.0,3947.51
1758861422617,0.0,0.0,3947.51
1758861422717,0.0,0.0,3947.51
1758861422817,0.0,0.0,3947.51
1758861422916,0.0,0.0,3947.51
1758861423016,0.0,0.0,3947.51
1758861423117,0.0,0.0,3947.51
1758861423216,0.0,0.0,3947.51
1758861423347,0.0,0.0,3947.51
1758861423429,0.0,0.0,3947.51
1758861423517,0.0,0.0,3947.51
1758861423616,0.0,0.0,3947.51
1758861423716,0.0,0.0,3948.54
1758861423817,0.0,0.0,3948.6
1758861423916,0.0,0.0,3948.93
1758861424017,0.0,0.0,3948.93
1758861424116,0.0,0.0,3948.93
1758861424217,0.0,0.0,3948.93
1758861424318,0.0,0.0,3947.56
1758861424418,0.0,0.0,3947.56
1758861424517,0.0,0.0,3947.56
1758861424617,0.0,0.0,3947.56
1758861424717,0.0,0.0,3947.56
1758861424817,0.0,0.0,3947.56
1758861424917,0.0,0.0,3947.56
1758861425017,0.0,0.0,3947.56
1758861425117,0.0,0.0,3947.56
1758861425217,0.0,0.0,3947.56
1758861425317,0.0,0.0,3947.56
1758861425417,0.0,0.0,3947.56
1758861425517,0.0,0.0,3947.48
1758861425617,0.0,0.0,3947.48
1758861425717,0.0,0.0,3947.48
1758861425818,0.0,0.0,3947.48
1758861425917,0.0,0.0,3947.48
1758861426017,0.0,0.0,3947.08
1758861426117,0.0,0.0,3946.83
1758861426217,0.0,0.0,3946.83
1758861426317,0.0,0.0,3946.83
1758861426417,0.0,0.0,3946.83
1758861426517,0.0,0.0,3946.83
1758861426617,0.0,0.0,3946.83
1758861426716,0.0,0.0,3946.83
1758861426817,0.0,0.0,3946.83
1758861426917,0.0,0.0,3946.83
1758861427017,0.0,0.0,3946.83
1758861427116,0.0,0.0,3946.83
1758861427216,0.0,0.0,3946.83
1758861427316,0.0,0.0,3946.83
1758861427416,0.0,0.0,3946.83
1758861427517,0.0,0.0,3946.83
1758861427617,0.0,0.0,3946.83
1758861427717,0.0,0.0,3946.83
1758861427816,0.0,0.0,3946.83
1758861427917,0.0,0.0,3946.83
1758861428017,0.0,0.0,3946.83
1758861428117,0.0,0.0,3946.83
1758861428216,0.0,0.0,3946.83
1758861428317,0.0,0.0,3946.83
1758861428424,0.0,0.0,3946.83
1758861428520,0.0,0.0,3946.83
1758861428617,0.0,0.0,3946.83
1758861428717,0.0,0.0,3946.83
1758861428817,0.0,0.0,3946.83
1758861428917,0.0,0.0,3946.83
1758861429017,0.0,0.0,3946.83
1758861429116,0.0,0.0,3946.83
1758861429217,0.0,0.0,3946.83
1758861429317,0.0,0.0,3946.83
1758861429417,0.0,0.0,3946.83
1758861429517,0.0,0.0,3946.83
1758861429617,0.0,0.0,3946.83
1758861429716,0.0,0.0,3946.83
1758861429816,0.0,0.0,3946.83
1758861429916,0.0,0.0,3946.83
1758861430016,0.0,0.0,3946.83
1758861430116,0.0,0.0,3946.83
1758861430216,0.0,0.0,3946.83
1758861430316,0.0,0.0,3946.83
1758861430416,0.0,0.0,3946.78
1758861430517,0.0,0.0,3946.78
1758861430617,0.0,0.0,3946.78
1758861430718,0.0,0.0,3946.78
1758861430817,0.0,0.0,3946.78
1758861430917,0.0,0.0,3946.78
1758861431017,0.0,0.0,3946.78
1758861431116,0.0,0.0,3946.78
1758861431217,0.0,0.0,3946.78
1758861431317,0.0,0.0,3946.78
1758861431417,0.0,0.0,3946.78
1758861431517,0.0,0.0,3946.78
1758861431617,0.0,0.0,3946.78
1758861431717,0.0,0.0,3946.78
1758861431817,0.0,0.0,3946.78
1758861431916,0.0,0.0,3946.78
1758861432017,0.0,0.0,3946.78
1758861432117,0.0,0.0,3946.78
1758861432217,0.0,0.0,3946.78
1758861432317,0.0,0.0,3946.78
1758861432416,0.0,0.0,3946.55
1758861432517,0.0,0.0,3946.55
1758861432616,0.0,0.0,3946.55
1758861432716,0.0,0.0,3946.55
1758861432817,0.0,0.0,3946.39
1758861432917,0.0,0.0,3946.29
1758861433017,0.0,0.0,3946.29
1758861433118,0.0,0.0,3946.29
1758861433217,0.0,0.0,3946.29
1758861433317,0.0,0.0,3946.29
1758861433417,0.0,0.0,3945.9
1758861433519,0.0,0.0,3945.9
1758861433617,0.0,0.0,3945.9
1758861433717,0.0,0.0,3945.9
1758861433817,0.0,0.0,3945.9
1758861433917,0.0,0.0,3945.9
1758861434017,0.0,0.0,3945.9
1758861434117,0.0,0.0,3945.9
1758861434217,0.0,0.0,3945.5
1758861434317,0.0,0.0,3945.5
1758861434417,0.0,0.0,3945.5
1758861434517,0.0,0.0,3945.5
1758861434617,0.0,0.0,3945.5
1758861434717,0.0,0.0,3945.5
1758861434816,0.0,0.0,3945.5
1758861434917,0.0,0.0,3945.5
1758861435017,0.0,0.0,3945.5
1758861435117,0.0,0.0,3945.5
1758861435217,0.0,0.0,3945.5
1758861435317,0.0,0.0,3945.5
1758861435417,0.0,0.0,3945.5
1758861435517,0.0,0.0,3945.5
1758861435617,0.0,0.0,3945.5
1758861435716,0.0,0.0,3945.5
1758861435817,0.0,0.0,3945.5
1758861435917,0.0,0.0,3945.5
1758861436016,0.0,0.0,3945.5
1758861436117,0.0,0.0,3945.5
1758861436216,0.0,0.0,3945.5
1758861436316,0.0,0.0,3945.5
1758861436417,0.0,0.0,3945.5
1758861436517,0.0,0.0,3945.5
1758861436617,0.0,0.0,3945.5
1758861436717,0.0,0.0,3945.5
1758861436817,0.0,0.0,3945.5
1758861436917,0.0,0.0,3945.5
1758861437017,0.0,0.0,3945.5
1758861437117,0.0,0.0,3945.32
1758861437217,0.0,0.0,3945.32
1758861437317,0.0,0.0,3945.32
1758861437418,0.0,0.0,3945.32
1758861437517,0.0,0.0,3945.32
1758861437617,0.0,0.0,3945.32
1758861437717,0.0,0.0,3945.32
1758861437816,0.0,0.0,3945.32
1758861437917,0.0,0.0,3945.32
1758861438016,0.0,0.0,3945.41
1758861438116,0.0,0.0,3945.41
1758861438216,0.0,0.0,3945.41
1758861438317,0.0,0.0,3945.41
1758861438416,0.0,0.0,3945.41
1758861438538,0.0,0.0,3945.41
1758861438627,0.0,0.0,3945.41
1758861438718,0.0,0.0,3945.41
1758861438817,0.0,0.0,3945.41
1758861438917,0.0,0.0,3945.41
1758861439017,0.0,0.0,3945.41
1758861439117,0.0,0.0,3945.41
1758861439217,0.0,0.0,3945.41
1758861439317,0.0,0.0,3945.41
1758861439417,0.0,0.0,3945.41
1758861439517,0.0,0.0,3945.41
1758861439617,0.0,0.0,3945.41
1758861439717,0.0,0.0,3945.41
1758861439817,0.0,0.0,3945.41
1758861439917,0.0,0.0,3945.41
1758861440017,0.0,0.0,3945.41
1758861440116,0.0,0.0,3945.41
1758861440216,0.0,0.0,3945.41
1758861440316,0.0,0.0,3945.41
1758861440417,0.0,0.0,3945.41
1758861440517,0.0,0.0,3945.41
1758861440617,0.0,0.0,3945.41
1758861440717,0.0,0.0,3945.41
1758861440817,0.0,0.0,3945.41
1758861440917,0.0,0.0,3945.41
1758861441017,0.0,0.0,3945.41
1758861441117,0.0,0.0,3945.41
1758861441217,0.0,0.0,3945.41
1758861441317,0.0,0.0,3945.41
1758861441417,0.0,0.0,3945.55
1758861441517,0.0,0.0,3945.55
1758861441617,0.0,0.0,3945.55
1758861441816,0.0,0.0,3945.55
1758861441917,0.0,0.0,3945.55
1758861442017,0.0,0.0,3945.55
1758861442117,0.0,0.0,3945.55
1758861442217,0.0,0.0,3945.55
1758861442317,0.0,0.0,3945.71
1758861442417,0.0,0.0,3945.71
1758861442517,0.0,0.0,3945.71
1758861442617,0.0,0.0,3945.71
1758861442717,0.0,0.0,3945.71
1758861442817,0.0,0.0,3945.71
1758861442917,0.0,0.0,3945.71
1758861443017,0.0,0.0,3945.71
1758861443117,0.0,0.0,3945.71
1758861443217,0.0,0.0,3945.71
1758861443317,0.0,0.0,3945.71
1758861443417,0.0,0.0,3945.71
1758861443516,0.0,0.0,3945.71
1758861443616,0.0,0.0,3945.71
1758861443717,0.0,0.0,3945.71
1758861443818,0.0,0.0,3945.71
1758861443916,0.0,0.0,3945.71
1758861444017,0.0,0.0,3945.71
1758861444117,0.0,0.0,3945.71
1758861444216,0.0,0.0,3945.71
1758861444317,0.0,0.0,3945.7
1758861444416,0.0,0.0,3945.7
1758861444517,0.0,0.0,3945.7
1758861444616,0.0,0.0,3945.71
1758861444716,0.0,0.0,3945.71
1758861444816,0.0,0.0,3945.71
1758861444917,0.0,0.0,3945.71
1758861445017,0.0,0.0,3945.71
1758861445117,0.0,0.0,3945.71
1758861445217,0.0,0.0,3945.71
1758861445317,0.0,0.0,3945.71
1758861445417,0.0,0.0,3945.86
1758861445517,0.0,0.0,3945.86
1758861445617,0.0,0.0,3945.86
1758861445716,0.0,0.0,3945.86
1758861445816,0.0,0.0,3945.86
1758861445916,0.0,0.0,3945.86
1758861446017,0.0,0.0,3945.86
1758861446117,0.0,0.0,3945.86
1758861446216,0.0,0.0,3945.86
1758861446316,0.0,0.0,3945.86
1758861446416,0.0,0.0,3945.86
1758861446517,0.0,0.0,3945.86
1758861446617,0.0,0.0,3945.86
1758861446718,0.0,0.0,3945.86
1758861446817,0.0,0.0,3945.86
1758861446918,0.0,0.0,3945.86
1758861447017,0.0,0.0,3945.86
1758861447117,0.0,0.0,3945.86
1758861447217,0.0,0.0,3945.89
1758861447317,0.0,0.0,3945.89
1758861447417,0.0,0.0,3945.89
1758861447517,0.0,0.0,3945.89
1758861447617,0.0,0.0,3945.89
1758861447717,0.0,0.0,3945.89
1758861447817,0.0,0.0,3945.9
1758861447917,0.0,0.0,3945.9
1758861448017,0.0,0.0,3945.9
1758861448117,0.0,0.0,3945.9
1758861448217,0.0,0.0,3945.9
1758861448317,0.0,0.0,3945.9
1758861448417,0.0,0.0,3945.9
1758861448517,0.0,0.0,3945.9
1758861448617,0.0,0.0,3945.9
1758861448717,0.0,0.0,3945.9
1758861448817,0.0,0.0,3945.9
1758861448917,0.0,0.0,3945.9
1758861449017,0.0,0.0,3946.07
1758861449117,0.0,0.0,3946.07
1758861449217,0.0,0.0,3946.07
1758861449316,0.0,0.0,3946.07
1758861449417,0.0,0.0,3946.07
1758861449517,0.0,0.0,3946.07
1758861449617,0.0,0.0,3946.07
1758861449716,0.0,0.0,3946.07
1758861449816,0.0,0.0,3946.3
1758861449918,0.0,0.0,3946.39
1758861450016,0.0,0.0,3946.39
1758861450117,0.0,0.0,3946.39
1758861450217,0.0,0.0,3946.39
1758861450318,0.0,0.0,3946.41
1758861450418,0.0,0.0,3946.41
1758861450517,0.0,0.0,3946.41
1758861450617,0.0,0.0,3946.41
1758861450717,0.0,0.0,3946.41
1758861450817,0.0,0.0,3946.41
1758861450917,0.0,0.0,3946.41
1758861451017,0.0,0.0,3946.41
1758861451117,0.0,0.0,3946.41
1758861451217,0.0,0.0,3946.41
1758861451317,0.0,0.0,3946.41
1758861451417,0.0,0.0,3946.41
1758861451517,0.0,0.0,3946.41
1758861451617,0.0,0.0,3946.41
1758861451717,0.0,0.0,3946.41
1758861451817,0.0,0.0,3946.41
1758861451917,0.0,0.0,3946.41
1758861452017,0.0,0.0,3946.42
1758861452117,0.0,0.0,3946.42
1758861452216,0.0,0.0,3946.42
1758861452317,0.0,0.0,3946.42
1758861452416,0.0,0.0,3946.42
1758861452517,0.0,0.0,3946.42
1758861452617,0.0,0.0,3946.42
1758861452717,0.0,0.0,3946.42
1758861452816,0.0,0.0,3946.42
1758861452917,0.0,0.0,3946.42
1758861453018,0.0,0.0,3946.42
1758861453117,0.0,0.0,3946.42
1758861453217,0.0,0.0,3946.42
1758861453318,0.0,0.0,3946.38
1758861453417,0.0,0.0,3946.38
1758861453517,0.0,0.0,3946.38
1758861453617,0.0,0.0,3946.38
1758861453717,0.0,0.0,3946.39
1758861453819,0.0,0.0,3946.39
1758861453917,0.0,0.0,3946.39
1758861454017,0.0,0.0,3946.39
1758861454116,0.0,0.0,3946.39
1758861454217,0.0,0.0,3946.39
1758861454317,0.0,0.0,3946.39
1758861454417,0.0,0.0,3946.39
1758861454517,0.0,0.0,3946.39
1758861454617,0.0,0.0,3946.39
1758861454716,0.0,0.0,3946.39
1758861454817,0.0,0.0,3946.39
1758861454916,0.0,0.0,3946.39
1758861455017,0.0,0.0,3946.39
1758861455116,0.0,0.0,3946.39
1758861455217,0.0,0.0,3946.39
1758861455317,0.0,0.0,3946.39
1758861455417,0.0,0.0,3946.38
1758861455517,0.0,0.0,3946.38
1758861455617,0.0,0.0,3946.38
1758861455717,0.0,0.0,3946.38
1758861455817,0.0,0.0,3946.38
1758861455916,0.0,0.0,3946.38
1758861456017,0.0,0.0,3946.38
1758861456117,0.0,0.0,3946.38
1758861456316,0.0,0.0,3946.38
1758861456416,0.0,0.0,3946.38
1758861456517,0.0,0.0,3946.38
1758861456616,0.0,0.0,3946.38
1758861456716,0.0,0.0,3946.38
1758861456817,0.0,0.0,3946.38
1758861456918,0.0,0.0,3946.38
1758861457018,0.0,0.0,3946.38
1758861457117,0.0,0.0,3946.38
1758861457217,0.0,0.0,3946.38
1758861457318,0.0,0.0,3946.38
1758861457417,0.0,0.0,3946.39
1758861457517,0.0,0.0,3946.39
1758861457618,0.0,0.0,3946.39
1758861457717,0.0,0.0,3946.39
1758861457817,0.0,0.0,3946.39
1758861457917,0.0,0.0,3946.39
1758861458017,0.0,0.0,3946.39
1758861458117,0.0,0.0,3946.39
1758861458217,0.0,0.0,3946.39
1758861458317,0.0,0.0,3946.39
1758861458417,0.0,0.0,3946.39
1758861458517,0.0,0.0,3946.39
1758861458617,0.0,0.0,3946.39
1758861458717,0.0,0.0,3946.39
1758861458817,0.0,0.0,3946.39
1758861458937,0.0,0.0,3946.39
1758861459019,0.0,0.0,3946.39
1758861459118,0.0,0.0,3946.39
1758861459217,0.0,0.0,3946.39
1758861459317,0.0,0.0,3946.39
1758861459417,0.0,0.0,3946.39
1758861459517,0.0,0.0,3946.39
1758861459624,0.0,0.0,3946.03
1758861459717,0.0,0.0,3945.99
1758861459817,0.0,0.0,3945.99
1758861459917,0.0,0.0,3945.99
1758861460021,0.0,0.0,3945.99
1758861460117,0.0,0.0,3945.99
1758861460216,0.0,0.0,3945.99
1758861460316,0.0,0.0,3945.99
1758861460417,0.0,0.0,3945.99
1758861460516,0.0,0.0,3945.99
1758861460617,0.0,0.0,3945.99
1758861460717,0.0,0.0,3945.99
1758861460818,0.0,0.0,3945.99
1758861460917,0.0,0.0,3945.99
1758861461017,0.0,0.0,3945.99
1758861461117,0.0,0.0,3945.99
1758861461217,0.0,0.0,3945.99
1758861461317,0.0,0.0,3945.9
1758861461417,0.0,0.0,3945.9
1758861461517,0.0,0.0,3945.9
1758861461617,0.0,0.0,3945.9
1758861461717,0.0,0.0,3945.9
1758861461817,0.0,0.0,3945.9
1758861461917,0.0,0.0,3945.73
1758861462017,0.0,0.0,3945.73
1758861462117,0.0,0.0,3945.24
1758861462217,0.0,0.0,3945.25
1758861462317,0.0,0.0,3945.25
1758861462417,0.0,0.0,3945.25
1758861462517,0.0,0.0,3945.24
1758861462617,0.0,0.0,3945.24
1758861462717,0.0,0.0,3945.24
1758861462818,0.0,0.0,3945.24
1758861462917,0.0,0.0,3945.24
1758861463017,0.0,0.0,3945.24
1758861463117,0.0,0.0,3945.24
1758861463217,0.0,0.0,3945.24
1758861463317,0.0,0.0,3945.25
1758861463417,0.0,0.0,3945.25
1758861463517,0.0,0.0,3945.25
1758861463617,0.0,0.0,3945.25
1758861463717,0.0,0.0,3945.25
1758861463817,0.0,0.0,3945.25
1758861463917,0.0,0.0,3945.25
1758861464033,0.0,0.0,3945.24
1758861464120,0.0,0.0,3945.05
1758861464217,0.0,0.0,3945.02
1758861464317,0.0,0.0,3945.02
1758861464418,0.0,0.0,3945.02
1758861464517,0.0,0.0,3945.02
1758861464617,0.0,0.0,3945.02
1758861464717,0.0,0.0,3945.02
1758861464817,0.0,0.0,3945.02
1758861464917,0.0,0.0,3945.02
1758861465017,0.0,0.0,3945.02
1758861465117,0.0,0.0,3945.02
1758861465216,0.0,0.0,3945.02
1758861465316,0.0,0.0,3945.02
1758861465417,0.0,0.0,3945.02
1758861465517,0.0,0.0,3945.02
1758861465617,0.0,0.0,3945.02
1758861465717,0.0,0.0,3945.02
1758861465817,0.0,0.0,3945.02
1758861465917,0.0,0.0,3945.02
1758861466016,0.0,0.0,3945.02
1758861466117,0.0,0.0,3945.02
1758861466218,0.0,0.0,3945.02
1758861466317,0.0,0.0,3945.02
1758861466417,0.0,0.0,3945.02
1758861466517,0.0,0.0,3945.02
1758861466617,0.0,0.0,3945.02
1758861466717,0.0,0.0,3945.02
1758861466817,0.0,0.0,3945.02
1758861466917,0.0,0.0,3945.02
1758861467017,0.0,0.0,3945.02
1758861467117,0.0,0.0,3945.02
1758861467217,0.0,0.0,3945.02
1758861467317,0.0,0.0,3945.02
1758861467417,0.0,0.0,3945.02
1758861467517,0.0,0.0,3945.02
1758861467617,0.0,0.0,3945.03
1758861467717,0.0,0.0,3945.03
1758861467817,0.0,0.0,3945.03
1758861467917,0.0,0.0,3945.03
1758861468017,0.0,0.0,3945.03
1758861468117,0.0,0.0,3945.03
1758861468217,0.0,0.0,3945.03
1758861468317,0.0,0.0,3945.03
1758861468417,0.0,0.0,3945.03
1758861468517,0.0,0.0,3945.03
1758861468617,0.0,0.0,3945.03
1758861468717,0.0,0.0,3945.03
1758861468817,0.0,0.0,3945.03
1758861468917,0.0,0.0,3945.03
1758861469017,0.0,0.0,3945.03
1758861469119,0.0,0.0,3945.03
1758861469218,0.0,0.0,3945.03
1758861469317,0.0,0.0,3945.03
1758861469418,0.0,0.0,3945.03
1758861469517,0.0,0.0,3945.03
1758861469617,0.0,0.0,3945.02
1758861469717,0.0,0.0,3945.02
1758861469817,0.0,0.0,3945.02
1758861469917,0.0,0.0,3945.02
1758861470017,0.0,0.0,3945.02
1758861470117,0.0,0.0,3945.02
1758861470217,0.0,0.0,3945.02
1758861470317,0.0,0.0,3945.02
1758861470417,0.0,0.0,3945.02
1758861470517,0.0,0.0,3945.02
1758861470617,0.0,0.0,3945.02
1758861470717,0.0,0.0,3945.02
1758861470816,0.0,0.0,3945.02
1758861470917,0.0,0.0,3945.02
1758861471017,0.0,0.0,3945.02
1758861471116,0.0,0.0,3945.02
1758861471217,0.0,0.0,3945.02
1758861471316,0.0,0.0,3945.02
1758861471416,0.0,0.0,3945.02
1758861471516,0.0,0.0,3945.02
1758861471616,0.0,0.0,3945.02
1758861471717,0.0,0.0,3945.02
1758861471817,0.0,0.0,3945.02
1758861471917,0.0,0.0,3945.02
1758861472017,0.0,0.0,3945.02
1758861472117,0.0,0.0,3945.02
1758861472217,0.0,0.0,3945.02
1758861472317,0.0,0.0,3945.02
1758861472417,0.0,0.0,3945.02
1758861472518,0.0,0.0,3945.02
1758861472618,0.0,0.0,3945.02
1758861472718,0.0,0.0,3945.02
1758861472818,0.0,0.0,3945.03
1758861472918,0.0,0.0,3945.03
1758861473017,0.0,0.0,3945.03
1758861473118,0.0,0.0,3945.03
1758861473217,0.0,0.0,3945.03
1758861473317,0.0,0.0,3945.03
1758861473418,0.0,0.0,3945.03
1758861473517,0.0,0.0,3945.03
1758861473617,0.0,0.0,3945.03
1758861473717,0.0,0.0,3945.03
1758861473817,0.0,0.0,3945.11
1758861473917,0.0,0.0,3945.11
1758861474017,0.0,0.0,3945.12
1758861474131,0.0,0.0,3945.11
1758861474220,0.0,0.0,3945.11
1758861474317,0.0,0.0,3945.11
1758861474417,0.0,0.0,3945.11
1758861474517,0.0,0.0,3945.11
1758861474617,0.0,0.0,3945.11
1758861474717,0.0,0.0,3945.11
1758861474817,0.0,0.0,3945.11
1758861474917,0.0,0.0,3945.11
1758861475017,0.0,0.0,3945.11
1758861475117,0.0,0.0,3945.11
1758861475217,0.0,0.0,3945.11
1758861475317,0.0,0.0,3945.11
1758861475417,0.0,0.0,3945.11
1758861475517,0.0,0.0,3945.11
1758861475617,0.0,0.0,3945.11
1758861475717,0.0,0.0,3945.11
1758861475817,0.0,0.0,3945.11
1758861475917,0.0,0.0,3945.11
1758861476017,0.0,0.0,3945.11
1758861476117,0.0,0.0,3945.11
1758861476217,0.0,0.0,3945.11
1758861476317,0.0,0.0,3945.11
1758861476417,0.0,0.0,3945.11
1758861476517,0.0,0.0,3945.11
1758861476617,0.0,0.0,3945.11
1758861476717,0.0,0.0,3945.11
1758861476817,0.0,0.0,3945.12
1758861476917,0.0,0.0,3945.12
1758861477017,0.0,0.0,3945.12
1758861477117,0.0,0.0,3945.12
1758861477217,0.0,0.0,3945.12
1758861477317,0.0,0.0,3945.12
1758861477417,0.0,0.0,3945.12
1758861477517,0.0,0.0,3945.12
1758861477617,0.0,0.0,3945.12
1758861477717,0.0,0.0,3945.12
1758861477817,0.0,0.0,3945.12
1758861477918,0.0,0.0,3945.12
1758861478017,0.0,0.0,3945.12
1758861478117,0.0,0.0,3945.11
1758861478217,0.0,0.0,3945.11
1758861478317,0.0,0.0,3945.11
1758861478417,0.0,0.0,3945.11
1758861478517,0.0,0.0,3945.11
1758861478617,0.0,0.0,3945.11
1758861478717,0.0,0.0,3945.11
1758861478817,0.0,0.0,3945.11
1758861478918,0.0,0.0,3945.11
1758861479017,0.0,0.0,3945.11
1758861479117,0.0,0.0,3945.11
1758861479220,0.0,0.0,3945.11
1758861479318,0.0,0.0,3945.12
1758861479417,0.0,0.0,3945.12
1758861479517,0.0,0.0,3945.12
1758861479617,0.0,0.0,3945.12
1758861479717,0.0,0.0,3945.12
1758861479817,0.0,0.0,3945.12
1758861479917,0.0,0.0,3945.12
1758861480017,0.0,0.0,3945.12
1758861480117,0.0,0.0,3945.12
1758861480218,0.0,0.0,3945.12
1758861480317,0.0,0.0,3945.12
1758861480417,0.0,0.0,3945.22
1758861480517,0.0,0.0,3945.22
1758861480617,0.0,0.0,3945.22
1758861480717,0.0,0.0,3945.22
1758861480817,0.0,0.0,3945.22
1758861480917,0.0,0.0,3945.22
1758861481017,0.0,0.0,3945.22
1758861481119,0.0,0.0,3945.22
1758861481218,0.0,0.0,3945.22
1758861481317,0.0,0.0,3945.27
1758861481417,0.0,0.0,3945.27
1758861481517,0.0,0.0,3945.27
1758861481617,0.0,0.0,3945.27
1758861481717,0.0,0.0,3945.9
1758861481817,0.0,0.0,3946.29
1758861481916,0.0,0.0,3946.29
1758861482017,0.0,0.0,3946.29
1758861482117,0.0,0.0,3946.29
1758861482217,0.0,0.0,3946.29
1758861482316,0.0,0.0,3946.29
1758861482417,0.0,0.0,3946.29
1758861482517,0.0,0.0,3946.29
1758861482617,0.0,0.0,3946.29
1758861482717,0.0,0.0,3946.29
1758861482817,0.0,0.0,3946.29
1758861482917,0.0,0.0,3946.29
1758861483017,0.0,0.0,3946.29
1758861483116,0.0,0.0,3946.29
1758861483217,0.0,0.0,3946.29
1758861483316,0.0,0.0,3946.29
1758861483417,0.0,0.0,3946.28
1758861483516,0.0,0.0,3946.28
1758861483617,0.0,0.0,3946.28
1758861483717,0.0,0.0,3946.28
1758861483817,0.0,0.0,3946.28
1758861483925,0.0,0.0,3946.28
1758861484017,0.0,0.0,3946.28
1758861484117,0.0,0.0,3946.28
1758861484216,0.0,0.0,3946.28
1758861484333,0.0,0.0,3946.28
1758861484422,0.0,0.0,3946.28
1758861484517,0.0,0.0,3946.28
1758861484618,0.0,0.0,3946.29
1758861484718,0.0,0.0,3946.09
1758861484818,0.0,0.0,3946.09
1758861484918,0.0,0.0,3945.88
1758861485018,0.0,0.0,3945.88
1758861485117,0.0,0.0,3945.88
1758861485218,0.0,0.0,3945.88
1758861485318,0.0,0.0,3945.88
1758861485418,0.0,0.0,3945.88
1758861485517,0.0,0.0,3945.88
1758861485617,0.0,0.0,3945.88
1758861485718,0.0,0.0,3945.55
1758861485817,0.0,0.0,3945.55
1758861485926,0.0,0.0,3945.02
1758861486018,0.0,0.0,3944.82
1758861486117,0.0,0.0,3944.81
1758861486217,0.0,0.0,3944.81
1758861486317,0.0,0.0,3944.81
1758861486418,0.0,0.0,3944.81
1758861486517,0.0,0.0,3944.81
1758861486617,0.0,0.0,3944.81
1758861486717,0.0,0.0,3944.81
1758861486817,0.0,0.0,3944.81
1758861486916,0.0,0.0,3944.81
1758861487017,0.0,0.0,3944.81
1758861487116,0.0,0.0,3944.81
1758861487217,0.0,0.0,3944.82
1758861487317,0.0,0.0,3944.82
1758861487417,0.0,0.0,3944.82
1758861487517,0.0,0.0,3944.82
1758861487617,0.0,0.0,3944.82
1758861487718,0.0,0.0,3944.82
1758861487817,0.0,0.0,3944.82
1758861487917,0.0,0.0,3944.82
1758861488017,0.0,0.0,3944.82
1758861488117,0.0,0.0,3944.82
1758861488217,0.0,0.0,3944.82
1758861488317,0.0,0.0,3944.82
1758861488417,0.0,0.0,3944.82
1758861488517,0.0,0.0,3944.82
1758861488617,0.0,0.0,3944.82
1758861488719,0.0,0.0,3944.81
1758861488817,0.0,0.0,3944.81
1758861488917,0.0,0.0,3944.81
1758861489017,0.0,0.0,3944.81
1758861489117,0.0,0.0,3944.81
1758861489217,0.0,0.0,3944.81
1758861489317,0.0,0.0,3944.81
1758861489426,0.0,0.0,3944.81
1758861489517,0.0,0.0,3944.81
1758861489617,0.0,0.0,3944.81
1758861489717,0.0,0.0,3944.81
1758861489817,0.0,0.0,3944.81
1758861489916,0.0,0.0,3944.81
1758861490017,0.0,0.0,3944.81
1758861490117,0.0,0.0,3944.81
1758861490216,0.0,0.0,3944.81
1758861490317,0.0,0.0,3944.81
1758861490417,0.0,0.0,3944.81
1758861490516,0.0,0.0,3944.81
1758861490617,0.0,0.0,3944.81
1758861490718,0.0,0.0,3944.81
1758861490817,0.0,0.0,3944.63
1758861490917,0.0,0.0,3944.63
1758861491017,0.0,0.0,3944.63
1758861491117,0.0,0.0,3944.63
1758861491217,0.0,0.0,3944.63
1758861491317,0.0,0.0,3944.63
1758861491417,0.0,0.0,3944.63
1758861491517,0.0,0.0,3944.63
1758861491617,0.0,0.0,3944.63
1758861491717,0.0,0.0,3944.63
1758861491817,0.0,0.0,3944.63
1758861491917,0.0,0.0,3944.63
1758861492017,0.0,0.0,3944.63
1758861492117,0.0,0.0,3944.63
1758861492217,0.0,0.0,3944.63
1758861492317,0.0,0.0,3944.63
1758861492417,0.0,0.0,3944.63
1758861492517,0.0,0.0,3944.63
1758861492617,0.0,0.0,3944.63
1758861492717,0.0,0.0,3944.57
1758861492817,0.0,0.0,3944.57
1758861492917,0.0,0.0,3944.57
1758861493017,0.0,0.0,3944.57
1758861493116,0.0,0.0,3944.57
1758861493233,0.0,0.0,3944.16
1758861493317,0.0,0.0,3944.04
1758861493418,0.0,0.0,3944.04
1758861493517,0.0,0.0,3943.78
1758861493617,0.0,0.0,3943.78
1758861493717,0.0,0.0,3943.78
1758861493817,0.0,0.0,3943.78
1758861493917,0.0,0.0,3943.78
1758861494017,0.0,0.0,3943.78
1758861494117,0.0,0.0,3943.78
1758861494217,0.0,0.0,3943.78
1758861494317,0.0,0.0,3943.78
1758861494424,0.0,0.0,3943.65
1758861494531,0.0,0.0,3943.65
1758861494618,0.0,0.0,3943.65
1758861494718,0.0,0.0,3943.74
1758861494818,0.0,0.0,3943.83
1758861494929,0.0,0.0,3944.32
1758861495017,0.0,0.0,3944.32
1758861495118,0.0,0.0,3944.34
1758861495218,0.0,0.0,3944.34
1758861495317,0.0,0.0,3944.34
1758861495418,0.0,0.0,3944.34
1758861495517,0.0,0.0,3944.34
1758861495617,0.0,0.0,3944.43
1758861495718,0.0,0.0,3944.43
1758861495818,0.0,0.0,3944.43
1758861495917,0.0,0.0,3944.43
1758861496017,0.0,0.0,3944.43
1758861496117,0.0,0.0,3944.43
1758861496217,0.0,0.0,3944.43
1758861496317,0.0,0.0,3943.57
1758861496418,0.0,0.0,3943.57
1758861496517,0.0,0.0,3943.57
1758861496618,0.0,0.0,3943.76
1758861496717,0.0,0.0,3943.76
1758861496817,0.0,0.0,3943.76
1758861496917,0.0,0.0,3943.76
1758861497017,0.0,0.0,3943.76
1758861497117,0.0,0.0,3943.76
1758861497217,0.0,0.0,3943.76
1758861497317,0.0,0.0,3943.76
1758861497417,0.0,0.0,3943.76
1758861497517,0.0,0.0,3943.76
1758861497617,0.0,0.0,3943.76
1758861497717,0.0,0.0,3943.76
1758861497817,0.0,0.0,3943.76
1758861497917,0.0,0.0,3943.76
1758861498017,0.0,0.0,3943.76
1758861498117,0.0,0.0,3943.76
1758861498217,0.0,0.0,3943.76
1758861498317,0.0,0.0,3943.76
1758861498417,0.0,0.0,3943.76
1758861498517,0.0,0.0,3943.76
1758861498617,0.0,0.0,3943.76
1758861498718,0.0,0.0,3943.76
1758861498818,0.0,0.0,3943.76
1758861498918,0.0,0.0,3943.76
1758861499018,0.0,0.0,3944.14
1758861499118,0.0,0.0,3943.35
1758861499218,0.0,0.0,3943.34
1758861499317,0.0,0.0,3943.34
1758861499418,0.0,0.0,3943.34
1758861499518,0.0,0.0,3943.34
1758861499654,0.0,0.0,3943.34
1758861499718,0.0,0.0,3943.34
1758861499817,0.0,0.0,3943.34
1758861499917,0.0,0.0,3943.34
1758861500017,0.0,0.0,3943.34
1758861500118,0.0,0.0,3943.34
1758861500217,0.0,0.0,3943.34
1758861500317,0.0,0.0,3943.34
1758861500417,0.0,0.0,3943.34
1758861500517,0.0,0.0,3943.34
1758861500617,0.0,0.0,3943.34
1758861500717,0.0,0.0,3943.34
1758861500817,0.0,0.0,3943.34
1758861500917,0.0,0.0,3943.35
1758861501017,0.0,0.0,3943.35
1758861501117,0.0,0.0,3943.35
1758861501217,0.0,0.0,3943.35
1758861501317,0.0,0.0,3943.35
1758861501417,0.0,0.0,3943.35
1758861501517,0.0,0.0,3943.35
1758861501617,0.0,0.0,3943.35
1758861501717,0.0,0.0,3943.35
1758861501817,0.0,0.0,3943.35
1758861501917,0.0,0.0,3943.35
1758861502018,0.0,0.0,3943.35
1758861502118,0.0,0.0,3943.35
1758861502218,0.0,0.0,3943.35
1758861502318,0.0,0.0,3943.35
1758861502418,0.0,0.0,3943.35
1758861502517,0.0,0.0,3943.34
1758861502617,0.0,0.0,3943.34
1758861502717,0.0,0.0,3943.34
1758861502817,0.0,0.0,3943.34
1758861502917,0.0,0.0,3943.34
1758861503017,0.0,0.0,3943.34
1758861503117,0.0,0.0,3943.34
1758861503218,0.0,0.0,3943.34
1758861503318,0.0,0.0,3943.34
1758861503417,0.0,0.0,3943.34
1758861503517,0.0,0.0,3943.34
1758861503617,0.0,0.0,3943.34
1758861503718,0.0,0.0,3943.34
1758861503817,0.0,0.0,3943.34
1758861503917,0.0,0.0,3943.34
1758861504017,0.0,0.0,3943.34
1758861504117,0.0,0.0,3943.34
1758861504217,0.0,0.0,3943.34
1758861504317,0.0,0.0,3943.34
1758861504418,0.0,0.0,3943.34
1758861504517,0.0,0.0,3943.34
1758861504618,0.0,0.0,3943.34
1758861504735,0.0,0.0,3943.34
1758861504822,0.0,0.0,3943.34
1758861504918,0.0,0.0,3943.34
1758861505018,0.0,0.0,3943.34
1758861505117,0.0,0.0,3943.34
1758861505217,0.0,0.0,3943.34
1758861505317,0.0,0.0,3943.34
1758861505417,0.0,0.0,3943.34
1758861505518,0.0,0.0,3943.34
1758861505617,0.0,0.0,3943.34
1758861505717,0.0,0.0,3943.34
1758861505817,0.0,0.0,3943.34
1758861505917,0.0,0.0,3943.34
1758861506017,0.0,0.0,3943.34
1758861506117,0.0,0.0,3943.35
1758861506217,0.0,0.0,3943.35
1758861506317,0.0,0.0,3943.35
1758861506417,0.0,0.0,3943.56
1758861506517,0.0,0.0,3943.56
1758861506618,0.0,0.0,3943.56
1758861506717,0.0,0.0,3943.74
1758861506817,0.0,0.0,3943.74
1758861506917,0.0,0.0,3943.74
1758861507017,0.0,0.0,3943.74
1758861507118,0.0,0.0,3943.74
1758861507217,0.0,0.0,3943.74
1758861507318,0.0,0.0,3943.74
1758861507418,0.0,0.0,3943.74
1758861507517,0.0,0.0,3943.74
1758861507617,0.0,0.0,3943.74
1758861507717,0.0,0.0,3943.74
1758861507817,0.0,0.0,3943.74
1758861507917,0.0,0.0,3943.74
1758861508017,0.0,0.0,3943.74
1758861508117,0.0,0.0,3943.74
1758861508217,0.0,0.0,3943.74
1758861508317,0.0,0.0,3943.74
1758861508417,0.0,0.0,3943.74
1758861508517,0.0,0.0,3943.92
1758861508617,0.0,0.0,3943.92
1758861508717,0.0,0.0,3943.92
1758861508817,0.0,0.0,3943.92
1758861508918,0.0,0.0,3943.92
1758861509017,0.0,0.0,3943.92
1758861509118,0.0,0.0,3943.92
1758861509218,0.0,0.0,3943.92
1758861509317,0.0,0.0,3943.92
1758861509417,0.0,0.0,3943.92
1758861509518,0.0,0.0,3943.92
1758861509617,0.0,0.0,3943.92
1758861509718,0.0,0.0,3943.74
1758861509827,0.0,0.0,3943.74
1758861509918,0.0,0.0,3943.53
1758861510018,0.0,0.0,3943.53
1758861510117,0.0,0.0,3943.53
1758861510217,0.0,0.0,3943.53
1758861510317,0.0,0.0,3943.53
1758861510418,0.0,0.0,3943.53
1758861510517,0.0,0.0,3943.53
1758861510617,0.0,0.0,3943.53
1758861510717,0.0,0.0,3943.53
1758861510817,0.0,0.0,3943.53
1758861510917,0.0,0.0,3943.53
1758861511017,0.0,0.0,3943.53
1758861511117,0.0,0.0,3943.35
1758861511317,0.0,0.0,3943.35
1758861511417,0.0,0.0,3943.35
1758861511517,0.0,0.0,3943.35
1758861511617,0.0,0.0,3943.35
1758861511717,0.0,0.0,3943.35
1758861511817,0.0,0.0,3943.34
1758861511917,0.0,0.0,3943.34
1758861512017,0.0,0.0,3943.34
1758861512117,0.0,0.0,3943.34
1758861512218,0.0,0.0,3943.34
1758861512317,0.0,0.0,3943.34
1758861512417,0.0,0.0,3943.34
1758861512518,0.0,0.0,3943.34
1758861512618,0.0,0.0,3943.34
1758861512717,0.0,0.0,3943.34
1758861512818,0.0,0.0,3943.34
1758861512917,0.0,0.0,3943.34
1758861513017,0.0,0.0,3943.34
1758861513117,0.0,0.0,3943.34
1758861513217,0.0,0.0,3943.34
1758861513317,0.0,0.0,3943.34
1758861513417,0.0,0.0,3943.34
1758861513516,0.0,0.0,3943.34
1758861513618,0.0,0.0,3943.34
1758861513717,0.0,0.0,3943.34
1758861513817,0.0,0.0,3943.34
1758861513928,0.0,0.0,3943.34
1758861514017,0.0,0.0,3943.34
1758861514117,0.0,0.0,3943.34
1758861514217,0.0,0.0,3943.34
1758861514317,0.0,0.0,3943.34
1758861514417,0.0,0.0,3943.34
1758861514516,0.0,0.0,3943.34
1758861514617,0.0,0.0,3943.34
1758861514718,0.0,0.0,3943.34
1758861514819,0.0,0.0,3943.34
1758861514920,0.0,0.0,3943.34
1758861515017,0.0,0.0,3943.34
1758861515117,0.0,0.0,3943.34
1758861515217,0.0,0.0,3943.34
1758861515316,0.0,0.0,3943.34
1758861515418,0.0,0.0,3943.34
1758861515517,0.0,0.0,3943.34
1758861515618,0.0,0.0,3943.34
1758861515718,0.0,0.0,3943.34
1758861515818,0.0,0.0,3943.34
1758861515918,0.0,0.0,3943.34
1758861516018,0.0,0.0,3943.34
1758861516117,0.0,0.0,3943.34
1758861516218,0.0,0.0,3943.34
1758861516318,0.0,0.0,3943.34
1758861516417,0.0,0.0,3943.34
1758861516517,0.0,0.0,3943.34
1758861516618,0.0,0.0,3943.34
1758861516717,0.0,0.0,3943.34
1758861516817,0.0,0.0,3943.34
1758861516917,0.0,0.0,3943.34
1758861517017,0.0,0.0,3943.34
1758861517117,0.0,0.0,3943.34
1758861517217,0.0,0.0,3943.34
1758861517317,0.0,0.0,3943.34
1758861517417,0.0,0.0,3943.34
1758861517523,0.0,0.0,3943.72
1758861517617,0.0,0.0,3943.72
1758861517717,0.0,0.0,3943.74
1758861517817,0.0,0.0,3943.74
1758861517917,0.0,0.0,3943.74
1758861518017,0.0,0.0,3943.74
1758861518117,0.0,0.0,3943.74
1758861518217,0.0,0.0,3943.74
1758861518317,0.0,0.0,3943.74
1758861518418,0.0,0.0,3943.74
1758861518518,0.0,0.0,3943.74
1758861518617,0.0,0.0,3943.74
1758861518718,0.0,0.0,3943.74
1758861518817,0.0,0.0,3943.74
1758861518917,0.0,0.0,3943.74
1758861519017,0.0,0.0,3943.74
1758861519118,0.0,0.0,3943.74
1758861519218,0.0,0.0,3943.74
1758861519318,0.0,0.0,3943.74
1758861519417,0.0,0.0,3943.74
1758861519517,0.0,0.0,3943.74
1758861519617,0.0,0.0,3943.74
1758861519718,0.0,0.0,3943.74
1758861519817,0.0,0.0,3943.74
1758861519925,0.0,0.0,3943.74
1758861520019,0.0,0.0,3943.74
1758861520118,0.0,0.0,3943.74
1758861520218,0.0,0.0,3943.74
1758861520317,0.0,0.0,3943.84
1758861520418,0.0,0.0,3943.84
1758861520518,0.0,0.0,3943.84
1758861520618,0.0,0.0,3943.84
1758861520718,0.0,0.0,3943.84
1758861520817,0.0,0.0,3943.84
1758861520917,0.0,0.0,3943.93
1758861521018,0.0,0.0,3943.93
1758861521118,0.0,0.0,3943.93
1758861521218,0.0,0.0,3943.93
1758861521317,0.0,0.0,3943.93
1758861521417,0.0,0.0,3943.93
1758861521517,0.0,0.0,3943.93
1758861521617,0.0,0.0,3943.93
1758861521717,0.0,0.0,3943.93
1758861521817,0.0,0.0,3943.93
1758861521917,0.0,0.0,3943.93
1758861522017,0.0,0.0,3943.93
1758861522117,0.0,0.0,3943.93
1758861522217,0.0,0.0,3943.93
1758861522317,0.0,0.0,3943.93
1758861522417,0.0,0.0,3943.93
1758861522517,0.0,0.0,3943.93
1758861522617,0.0,0.0,3943.93
1758861522717,0.0,0.0,3944.04
1758861522817,0.0,0.0,3944.04
1758861522917,0.0,0.0,3944.04
1758861523017,0.0,0.0,3944.14
1758861523117,0.0,0.0,3944.14
1758861523217,0.0,0.0,3944.17
1758861523317,0.0,0.0,3944.17
1758861523417,0.0,0.0,3944.17
1758861523517,0.0,0.0,3944.17
1758861523618,0.0,0.0,3944.17
1758861523718,0.0,0.0,3944.17
1758861523818,0.0,0.0,3944.17
1758861523918,0.0,0.0,3944.17
1758861524018,0.0,0.0,3944.17
1758861524117,0.0,0.0,3944.17
1758861524217,0.0,0.0,3944.17
1758861524318,0.0,0.0,3944.17
1758861524418,0.0,0.0,3944.17
1758861524518,0.0,0.0,3944.17
1758861524618,0.0,0.0,3944.17
1758861524718,0.0,0.0,3944.17
1758861524817,0.0,0.0,3944.17
1758861524917,0.0,0.0,3944.17
1758861525044,0.0,0.0,3944.17
1758861525128,0.0,0.0,3944.17
1758861525217,0.0,0.0,3944.17
1758861525318,0.0,0.0,3944.17
1758861525417,0.0,0.0,3944.17
1758861525517,0.0,0.0,3944.17
1758861525617,0.0,0.0,3944.17
1758861525718,0.0,0.0,3944.17
1758861525817,0.0,0.0,3944.17
1758861525917,0.0,0.0,3944.17
1758861526017,0.0,0.0,3944.17
1758861526116,0.0,0.0,3944.17
1758861526217,0.0,0.0,3944.17
1758861526317,0.0,0.0,3944.17
1758861526417,0.0,0.0,3944.17
1758861526517,0.0,0.0,3944.17
1758861526617,0.0,0.0,3944.17
1758861526717,0.0,0.0,3944.17
1758861526817,0.0,0.0,3944.17
1758861526917,0.0,0.0,3944.17
1758861527017,0.0,0.0,3944.17
1758861527117,0.0,0.0,3944.17
1758861527216,0.0,0.0,3944.17
1758861527317,0.0,0.0,3944.17
1758861527417,0.0,0.0,3944.17
1758861527517,0.0,0.0,3944.17
1758861527617,0.0,0.0,3944.17
1758861527717,0.0,0.0,3944.17
1758861527817,0.0,0.0,3944.17
1758861527918,0.0,0.0,3944.17
1758861528017,0.0,0.0,3944.17
1758861528117,0.0,0.0,3944.17
1758861528217,0.0,0.0,3944.17
1758861528318,0.0,0.0,3944.17
1758861528417,0.0,0.0,3944.17
1758861528517,0.0,0.0,3944.17
1758861528617,0.0,0.0,3944.17
1758861528717,0.0,0.0,3944.17
1758861528817,0.0,0.0,3944.17
1758861528917,0.0,0.0,3944.17
1758861529017,0.0,0.0,3944.21
1758861529117,0.0,0.0,3944.21
1758861529217,0.0,0.0,3944.21
1758861529318,0.0,0.0,3944.21
1758861529417,0.0,0.0,3944.21
1758861529517,0.0,0.0,3944.21
1758861529617,0.0,0.0,3944.21
1758861529718,0.0,0.0,3944.21
1758861529817,0.0,0.0,3944.21
1758861529917,0.0,0.0,3944.21
1758861530017,0.0,0.0,3944.21
1758861530125,0.0,0.0,3944.21
1758861530228,0.0,0.0,3944.21
1758861530317,0.0,0.0,3944.21
1758861530418,0.0,0.0,3944.21
1758861530517,0.0,0.0,3944.21
1758861530617,0.0,0.0,3944.21
1758861530717,0.0,0.0,3944.21
1758861530817,0.0,0.0,3944.21
1758861530917,0.0,0.0,3944.61
1758861531018,0.0,0.0,3944.61
1758861531118,0.0,0.0,3944.61
1758861531218,0.0,0.0,3944.61
1758861531318,0.0,0.0,3944.61
1758861531418,0.0,0.0,3944.61
1758861531518,0.0,0.0,3944.61
1758861531618,0.0,0.0,3944.61
1758861531718,0.0,0.0,3944.61
1758861531818,0.0,0.0,3944.61
1758861531918,0.0,0.0,3944.61
1758861532017,0.0,0.0,3944.61
1758861532117,0.0,0.0,3944.61
1758861532218,0.0,0.0,3944.51
1758861532318,0.0,0.0,3944.41
1758861532418,0.0,0.0,3944.41
1758861532518,0.0,0.0,3944.41
1758861532618,0.0,0.0,3944.41
1758861532718,0.0,0.0,3944.41
1758861532818,0.0,0.0,3944.41
1758861532918,0.0,0.0,3944.41
1758861533018,0.0,0.0,3944.41
1758861533118,0.0,0.0,3944.41
1758861533218,0.0,0.0,3944.41
1758861533317,0.0,0.0,3944.41
1758861533418,0.0,0.0,3944.41
1758861533517,0.0,0.0,3944.41
1758861533617,0.0,0.0,3944.41
1758861533717,0.0,0.0,3944.41
1758861533817,0.0,0.0,3944.41
1758861533917,0.0,0.0,3944.41
1758861534018,0.0,0.0,3944.41
1758861534118,0.0,0.0,3944.41
1758861534218,0.0,0.0,3944.41
1758861534318,0.0,0.0,3944.22
1758861534418,0.0,0.0,3944.22
1758861534518,0.0,0.0,3944.22
1758861534618,0.0,0.0,3944.22
1758861534719,0.0,0.0,3944.22
1758861534818,0.0,0.0,3944.22
1758861534917,0.0,0.0,3944.22
1758861535018,0.0,0.0,3944.22
1758861535118,0.0,0.0,3944.22
1758861535222,0.0,0.0,3944.22
1758861535317,0.0,0.0,3944.22
1758861535417,0.0,0.0,3944.22
1758861535517,0.0,0.0,3944.22
1758861535617,0.0,0.0,3944.22
1758861535717,0.0,0.0,3944.22
1758861535817,0.0,0.0,3944.22
1758861535917,0.0,0.0,3944.22
1758861536018,0.0,0.0,3944.22
1758861536117,0.0,0.0,3944.22
1758861536217,0.0,0.0,3944.22
1758861536317,0.0,0.0,3944.22
1758861536418,0.0,0.0,3944.22
1758861536517,0.0,0.0,3944.22
1758861536617,0.0,0.0,3944.21
1758861536717,0.0,0.0,3944.21
1758861536818,0.0,0.0,3944.21
1758861536917,0.0,0.0,3944.21
1758861537017,0.0,0.0,3944.21
1758861537117,0.0,0.0,3944.21
1758861537217,0.0,0.0,3944.21
1758861537317,0.0,0.0,3944.21
1758861537417,0.0,0.0,3944.21
1758861537517,0.0,0.0,3944.21
1758861537617,0.0,0.0,3944.21
1758861537718,0.0,0.0,3944.21
1758861537818,0.0,0.0,3944.21
1758861537918,0.0,0.0,3944.21
1758861538018,0.0,0.0,3944.21
1758861538118,0.0,0.0,3944.21
1758861538217,0.0,0.0,3944.21
1758861538318,0.0,0.0,3944.21
1758861538419,0.0,0.0,3944.31
1758861538518,0.0,0.0,3944.41
1758861538618,0.0,0.0,3944.62
1758861538718,0.0,0.0,3944.62
1758861538818,0.0,0.0,3944.62
1758861538918,0.0,0.0,3944.62
1758861539018,0.0,0.0,3944.62
1758861539118,0.0,0.0,3944.62
1758861539217,0.0,0.0,3944.62
1758861539318,0.0,0.0,3944.62
1758861539418,0.0,0.0,3944.62
1758861539517,0.0,0.0,3944.62
1758861539617,0.0,0.0,3944.62
1758861539718,0.0,0.0,3944.92
1758861539817,0.0,0.0,3944.92
1758861539917,0.0,0.0,3944.92
1758861540017,0.0,0.0,3944.92
1758861540117,0.0,0.0,3944.92
1758861540218,0.0,0.0,3944.92
1758861540318,0.0,0.0,3944.92
1758861540423,0.0,0.0,3944.92
1758861540537,0.0,0.0,3944.02
1758861540618,0.0,0.0,3944.02
1758861540717,0.0,0.0,3944.02
1758861540817,0.0,0.0,3944.03
1758861540917,0.0,0.0,3944.03
1758861541017,0.0,0.0,3944.03
1758861541117,0.0,0.0,3944.02
1758861541219,0.0,0.0,3944.02
1758861541317,0.0,0.0,3944.02
1758861541417,0.0,0.0,3944.02
1758861541517,0.0,0.0,3944.02
1758861541618,0.0,0.0,3944.02
1758861541718,0.0,0.0,3944.02
1758861541818,0.0,0.0,3944.02
1758861541918,0.0,0.0,3944.02
1758861542018,0.0,0.0,3944.03
1758861542118,0.0,0.0,3944.03
1758861542218,0.0,0.0,3944.03
1758861542318,0.0,0.0,3944.03
1758861542418,0.0,0.0,3944.03
1758861542517,0.0,0.0,3944.03
1758861542618,0.0,0.0,3944.03
1758861542718,0.0,0.0,3944.03
1758861542817,0.0,0.0,3944.03
1758861542917,0.0,0.0,3944.03
1758861543017,0.0,0.0,3944.03
1758861543117,0.0,0.0,3944.03
1758861543217,0.0,0.0,3944.03
1758861543317,0.0,0.0,3944.03
1758861543417,0.0,0.0,3944.03
1758861543517,0.0,0.0,3944.03
1758861543617,0.0,0.0,3944.03
1758861543717,0.0,0.0,3944.03
1758861543818,0.0,0.0,3944.02
1758861543918,0.0,0.0,3944.02
1758861544018,0.0,0.0,3944.02
1758861544118,0.0,0.0,3944.02
1758861544218,0.0,0.0,3944.02
1758861544318,0.0,0.0,3944.02
1758861544418,0.0,0.0,3944.02
1758861544518,0.0,0.0,3944.02
1758861544618,0.0,0.0,3944.0
1758861544718,0.0,0.0,3944.0
1758861544818,0.0,0.0,3943.99
1758861544918,0.0,0.0,3943.99
1758861545018,0.0,0.0,3943.99
1758861545118,0.0,0.0,3943.99
1758861545218,0.0,0.0,3943.99
1758861545324,0.0,0.0,3943.97
1758861545433,0.0,0.0,3943.97
1758861545518,0.0,0.0,3943.97
1758861545618,0.0,0.0,3943.97
1758861545718,0.0,0.0,3943.97
1758861545817,0.0,0.0,3943.97
1758861545918,0.0,0.0,3943.97
1758861546017,0.0,0.0,3943.97
1758861546117,0.0,0.0,3943.97
1758861546217,0.0,0.0,3943.97
1758861546317,0.0,0.0,3943.97
1758861546417,0.0,0.0,3943.97
1758861546517,0.0,0.0,3943.97
1758861546617,0.0,0.0,3943.97
1758861546717,0.0,0.0,3943.97
1758861546817,0.0,0.0,3943.97
1758861546918,0.0,0.0,3943.97
1758861547018,0.0,0.0,3943.97
1758861547118,0.0,0.0,3943.97
1758861547218,0.0,0.0,3943.97
1758861547318,0.0,0.0,3943.97
1758861547418,0.0,0.0,3943.92
1758861547518,0.0,0.0,3943.92
1758861547618,0.0,0.0,3943.92
1758861547718,0.0,0.0,3943.92
1758861547817,0.0,0.0,3943.92
1758861547918,0.0,0.0,3943.82
1758861548018,0.0,0.0,3943.82
1758861548117,0.0,0.0,3943.82
1758861548218,0.0,0.0,3943.82
1758861548318,0.0,0.0,3943.82
1758861548418,0.0,0.0,3943.82
1758861548518,0.0,0.0,3943.82
1758861548618,0.0,0.0,3943.82
1758861548718,0.0,0.0,3943.82
1758861548818,0.0,0.0,3943.82
1758861548918,0.0,0.0,3943.82
1758861549018,0.0,0.0,3943.82
1758861549118,0.0,0.0,3943.82
1758861549217,0.0,0.0,3943.82
1758861549317,0.0,0.0,3943.82
1758861549417,0.0,0.0,3943.82
1758861549517,0.0,0.0,3943.82
1758861549617,0.0,0.0,3943.82
1758861549718,0.0,0.0,3943.82
1758861549817,0.0,0.0,3943.75
1758861549917,0.0,0.0,3943.75
1758861550017,0.0,0.0,3943.75
1758861550117,0.0,0.0,3943.75
1758861550217,0.0,0.0,3943.75
1758861550317,0.0,0.0,3943.75
1758861550429,0.0,0.0,3943.75
1758861550517,0.0,0.0,3943.75
1758861550617,0.0,0.0,3943.75
1758861550717,0.0,0.0,3943.75
1758861550818,0.0,0.0,3943.75
1758861550917,0.0,0.0,3943.75
1758861551018,0.0,0.0,3943.75
1758861551118,0.0,0.0,3943.75
1758861551218,0.0,0.0,3943.75
1758861551318,0.0,0.0,3943.75
1758861551417,0.0,0.0,3943.75
1758861551518,0.0,0.0,3943.75
1758861551618,0.0,0.0,3943.75
1758861551717,0.0,0.0,3943.75
1758861551817,0.0,0.0,3943.75
1758861551918,0.0,0.0,3943.75
1758861552018,0.0,0.0,3943.75
1758861552118,0.0,0.0,3943.75
1758861552217,0.0,0.0,3943.75
1758861552318,0.0,0.0,3943.75
1758861552417,0.0,0.0,3943.75
1758861552517,0.0,0.0,3943.75
1758861552617,0.0,0.0,3943.75
1758861552717,0.0,0.0,3943.75
1758861552817,0.0,0.0,3943.75
1758861552917,0.0,0.0,3943.75
1758861553017,0.0,0.0,3943.75
1758861553117,0.0,0.0,3943.75
1758861553217,0.0,0.0,3943.75
1758861553317,0.0,0.0,3943.75
1758861553418,0.0,0.0,3943.75
1758861553517,0.0,0.0,3943.75
1758861553617,0.0,0.0,3943.75
1758861553718,0.0,0.0,3943.75
1758861553818,0.0,0.0,3943.75
1758861553917,0.0,0.0,3943.75
1758861554017,0.0,0.0,3943.75
1758861554117,0.0,0.0,3943.75
1758861554217,0.0,0.0,3943.75
1758861554317,0.0,0.0,3943.75
1758861554418,0.0,0.0,3943.75
1758861554518,0.0,0.0,3943.75
1758861554617,0.0,0.0,3943.75
1758861554718,0.0,0.0,3943.75
1758861554817,0.0,0.0,3943.75
1758861554918,0.0,0.0,3943.53
1758861555018,0.0,0.0,3943.53
1758861555118,0.0,0.0,3943.53
1758861555217,0.0,0.0,3943.53
1758861555317,0.0,0.0,3943.53
1758861555417,0.0,0.0,3943.53
1758861555546,0.0,0.0,3943.43
1758861555621,0.0,0.0,3943.35
1758861555717,0.0,0.0,3943.35
1758861555817,0.0,0.0,3943.35
1758861555917,0.0,0.0,3943.35
1758861556017,0.0,0.0,3943.35
1758861556117,0.0,0.0,3943.35
1758861556217,0.0,0.0,3943.35
1758861556317,0.0,0.0,3943.35
1758861556417,0.0,0.0,3943.35
1758861556517,0.0,0.0,3943.35
1758861556618,0.0,0.0,3943.35
1758861556718,0.0,0.0,3943.35
1758861556818,0.0,0.0,3943.35
1758861556918,0.0,0.0,3943.35
1758861557018,0.0,0.0,3943.35
1758861557118,0.0,0.0,3943.35
1758861557218,0.0,0.0,3943.35
1758861557318,0.0,0.0,3943.13
1758861557418,0.0,0.0,3943.13
1758861557518,0.0,0.0,3943.13
1758861557620,0.0,0.0,3943.13
1758861557718,0.0,0.0,3943.13
1758861557818,0.0,0.0,3943.02
1758861557917,0.0,0.0,3943.02
1758861558018,0.0,0.0,3943.0
1758861558117,0.0,0.0,3943.0
1758861558217,0.0,0.0,3943.0
1758861558317,0.0,0.0,3943.0
1758861558417,0.0,0.0,3943.0
1758861558517,0.0,0.0,3943.0
1758861558617,0.0,0.0,3942.98
1758861558718,0.0,0.0,3942.98
1758861558818,0.0,0.0,3942.98
1758861558918,0.0,0.0,3942.98
1758861559018,0.0,0.0,3942.98
1758861559118,0.0,0.0,3942.98
1758861559218,0.0,0.0,3942.98
1758861559418,0.0,0.0,3942.98
1758861559518,0.0,0.0,3942.98
1758861559618,0.0,0.0,3942.98
1758861559719,0.0,0.0,3942.98
1758861559818,0.0,0.0,3942.98
1758861559917,0.0,0.0,3942.98
1758861560018,0.0,0.0,3942.98
1758861560117,0.0,0.0,3942.98
1758861560217,0.0,0.0,3942.97
1758861560317,0.0,0.0,3942.97
1758861560418,0.0,0.0,3942.97
1758861560517,0.0,0.0,3942.97
1758861560669,0.0,0.0,3942.97
1758861560719,0.0,0.0,3942.75
1758861560817,0.0,0.0,3942.74
1758861560917,0.0,0.0,3942.74
1758861561017,0.0,0.0,3942.72
1758861561117,0.0,0.0,3942.72
1758861561217,0.0,0.0,3942.72
1758861561317,0.0,0.0,3942.72
1758861561418,0.0,0.0,3942.72
1758861561518,0.0,0.0,3942.73
1758861561618,0.0,0.0,3942.73
1758861561718,0.0,0.0,3942.73
1758861561818,0.0,0.0,3942.73
1758861561918,0.0,0.0,3942.73
1758861562018,0.0,0.0,3942.73
1758861562118,0.0,0.0,3942.73
1758861562218,0.0,0.0,3942.73
1758861562318,0.0,0.0,3942.73
1758861562418,0.0,0.0,3942.73
1758861562518,0.0,0.0,3942.73
1758861562618,0.0,0.0,3942.73
1758861562718,0.0,0.0,3942.73
1758861562817,0.0,0.0,3942.73
1758861562918,0.0,0.0,3942.73
1758861563018,0.0,0.0,3942.73
1758861563118,0.0,0.0,3942.73
1758861563218,0.0,0.0,3942.73
1758861563318,0.0,0.0,3942.73
1758861563418,0.0,0.0,3942.73
1758861563518,0.0,0.0,3942.73
1758861563618,0.0,0.0,3942.73
1758861563718,0.0,0.0,3942.73
1758861563818,0.0,0.0,3942.73
1758861563917,0.0,0.0,3942.73
1758861564018,0.0,0.0,3942.73
1758861564118,0.0,0.0,3942.73
1758861564217,0.0,0.0,3942.73
1758861564317,0.0,0.0,3942.73
1758861564417,0.0,0.0,3942.73
1758861564517,0.0,0.0,3942.73
1758861564617,0.0,0.0,3942.73
1758861564718,0.0,0.0,3942.73
1758861564817,0.0,0.0,3942.73
1758861564917,0.0,0.0,3942.73
1758861565017,0.0,0.0,3942.81
1758861565117,0.0,0.0,3942.81
1758861565217,0.0,0.0,3942.81
1758861565317,0.0,0.0,3942.81
1758861565417,0.0,0.0,3942.81
1758861565517,0.0,0.0,3942.81
1758861565617,0.0,0.0,3942.81
1758861565720,0.0,0.0,3942.81
1758861565817,0.0,0.0,3942.81
1758861565917,0.0,0.0,3942.81
1758861566018,0.0,0.0,3942.81
1758861566118,0.0,0.0,3942.81
1758861566218,0.0,0.0,3942.81
1758861566318,0.0,0.0,3942.81
1758861566417,0.0,0.0,3942.81
1758861566518,0.0,0.0,3942.81
1758861566618,0.0,0.0,3942.81
1758861566718,0.0,0.0,3942.81
1758861566818,0.0,0.0,3942.81
1758861566918,0.0,0.0,3942.81
1758861567018,0.0,0.0,3942.81
1758861567118,0.0,0.0,3942.81
1758861567218,0.0,0.0,3942.81
1758861567318,0.0,0.0,3942.81
1758861567417,0.0,0.0,3942.81
1758861567518,0.0,0.0,3942.81
1758861567618,0.0,0.0,3942.81
1758861567718,0.0,0.0,3942.81
1758861567818,0.0,0.0,3942.81
1758861567918,0.0,0.0,3942.81
1758861568018,0.0,0.0,3942.82
1758861568118,0.0,0.0,3942.92
1758861568218,0.0,0.0,3942.92
1758861568318,0.0,0.0,3942.92
1758861568418,0.0,0.0,3942.92
1758861568518,0.0,0.0,3942.92
1758861568618,0.0,0.0,3942.92
1758861568718,0.0,0.0,3942.92
1758861568818,0.0,0.0,3942.92
1758861568918,0.0,0.0,3942.92
1758861569018,0.0,0.0,3942.92
1758861569118,0.0,0.0,3943.12
1758861569218,0.0,0.0,3943.12
1758861569317,0.0,0.0,3943.12
1758861569418,0.0,0.0,3943.12
1758861569517,0.0,0.0,3943.12
1758861569618,0.0,0.0,3943.2
1758861569718,0.0,0.0,3943.2
1758861569817,0.0,0.0,3943.2
1758861569918,0.0,0.0,3943.2
1758861570018,0.0,0.0,3943.2
1758861570117,0.0,0.0,3943.2
1758861570217,0.0,0.0,3943.2
1758861570318,0.0,0.0,3943.2
1758861570417,0.0,0.0,3943.2
1758861570517,0.0,0.0,3943.2
1758861570617,0.0,0.0,3943.2
1758861570717,0.0,0.0,3943.2
1758861570834,0.0,0.0,3943.2
1758861570917,0.0,0.0,3943.2
1758861571017,0.0,0.0,3943.2
1758861571117,0.0,0.0,3943.2
1758861571217,0.0,0.0,3943.2
1758861571318,0.0,0.0,3943.2
1758861571417,0.0,0.0,3943.2
1758861571517,0.0,0.0,3943.2
1758861571618,0.0,0.0,3943.2
1758861571718,0.0,0.0,3943.2
1758861571818,0.0,0.0,3943.2
1758861571918,0.0,0.0,3943.2
1758861572018,0.0,0.0,3943.2
1758861572118,0.0,0.0,3943.2
1758861572218,0.0,0.0,3943.2
1758861572318,0.0,0.0,3943.2
1758861572418,0.0,0.0,3943.2
1758861572517,0.0,0.0,3943.2
1758861572618,0.0,0.0,3943.2
1758861572718,0.0,0.0,3943.2
1758861572818,0.0,0.0,3943.2
1758861572917,0.0,0.0,3943.2
1758861573018,0.0,0.0,3943.2
1758861573118,0.0,0.0,3943.2
1758861573218,0.0,0.0,3943.2
1758861573318,0.0,0.0,3943.2
1758861573417,0.0,0.0,3943.2
1758861573518,0.0,0.0,3943.2
1758861573618,0.0,0.0,3943.2
1758861573718,0.0,0.0,3943.2
1758861573818,0.0,0.0,3943.2
1758861573917,0.0,0.0,3943.2
1758861574017,0.0,0.0,3943.2
1758861574118,0.0,0.0,3943.2
1758861574217,0.0,0.0,3943.2
1758861574318,0.0,0.0,3943.2
1758861574417,0.0,0.0,3943.2
1758861574517,0.0,0.0,3943.2
1758861574617,0.0,0.0,3943.2
1758861574718,0.0,0.0,3943.2
1758861574817,0.0,0.0,3943.2
1758861574917,0.0,0.0,3943.2
1758861575017,0.0,0.0,3943.2
1758861575118,0.0,0.0,3943.2
1758861575218,0.0,0.0,3943.2
1758861575319,0.0,0.0,3943.2
1758861575418,0.0,0.0,3943.2
1758861575518,0.0,0.0,3943.2
1758861575618,0.0,0.0,3943.2
1758861575718,0.0,0.0,3943.2
1758861575818,0.0,0.0,3943.2
1758861575920,0.0,0.0,3943.2
1758861576018,0.0,0.0,3943.2
1758861576118,0.0,0.0,3943.2
1758861576217,0.0,0.0,3943.2
1758861576318,0.0,0.0,3943.2
1758861576418,0.0,0.0,3943.2
1758861576518,0.0,0.0,3943.2
1758861576617,0.0,0.0,3943.2
1758861576718,0.0,0.0,3943.2
1758861576818,0.0,0.0,3943.2
1758861576917,0.0,0.0,3943.4
1758861577017,0.0,0.0,3943.4
1758861577118,0.0,0.0,3943.4
1758861577218,0.0,0.0,3943.4
1758861577318,0.0,0.0,3943.4
1758861577417,0.0,0.0,3943.4
1758861577517,0.0,0.0,3943.4
1758861577617,0.0,0.0,3943.4
1758861577718,0.0,0.0,3943.4
1758861577817,0.0,0.0,3943.4
1758861577917,0.0,0.0,3943.4
1758861578017,0.0,0.0,3943.4
1758861578117,0.0,0.0,3943.4
1758861578217,0.0,0.0,3943.4
1758861578317,0.0,0.0,3943.4
1758861578418,0.0,0.0,3943.51
1758861578518,0.0,0.0,3943.51
1758861578618,0.0,0.0,3943.51
1758861578718,0.0,0.0,3943.51
1758861578818,0.0,0.0,3943.51
1758861578918,0.0,0.0,3943.51
1758861579018,0.0,0.0,3943.51
1758861579117,0.0,0.0,3943.51
1758861579218,0.0,0.0,3943.51
1758861579318,0.0,0.0,3943.51
1758861579418,0.0,0.0,3943.51
1758861579518,0.0,0.0,3943.5
1758861579618,0.0,0.0,3943.5
1758861579718,0.0,0.0,3943.5
1758861579818,0.0,0.0,3943.5
1758861579918,0.0,0.0,3943.5
1758861580018,0.0,0.0,3943.5
1758861580118,0.0,0.0,3943.5
1758861580218,0.0,0.0,3943.5
1758861580318,0.0,0.0,3943.5
1758861580418,0.0,0.0,3943.5
1758861580517,0.0,0.0,3943.59
1758861580617,0.0,0.0,3943.59
1758861580717,0.0,0.0,3943.59
1758861580817,0.0,0.0,3943.59
1758861580917,0.0,0.0,3943.59
1758861581018,0.0,0.0,3943.59
1758861581118,0.0,0.0,3943.59
1758861581217,0.0,0.0,3944.17
1758861581318,0.0,0.0,3944.17
1758861581419,0.0,0.0,3944.17
1758861581518,0.0,0.0,3944.17
1758861581618,0.0,0.0,3944.17
1758861581718,0.0,0.0,3944.17
1758861581817,0.0,0.0,3944.17
1758861581918,0.0,0.0,3944.17
1758861582020,0.0,0.0,3944.17
1758861582118,0.0,0.0,3944.17
1758861582218,0.0,0.0,3944.17
1758861582318,0.0,0.0,3944.17
1758861582418,0.0,0.0,3944.17
1758861582518,0.0,0.0,3944.17
1758861582618,0.0,0.0,3944.19
1758861582718,0.0,0.0,3944.19
1758861582818,0.0,0.0,3944.19
1758861582918,0.0,0.0,3944.19
1758861583018,0.0,0.0,3944.19
1758861583118,0.0,0.0,3944.19
1758861583218,0.0,0.0,3944.19
1758861583318,0.0,0.0,3944.32
1758861583418,0.0,0.0,3944.32
1758861583517,0.0,0.0,3944.32
1758861583618,0.0,0.0,3944.32
1758861583718,0.0,0.0,3944.32
1758861583818,0.0,0.0,3944.32
1758861583917,0.0,0.0,3944.58
1758861584018,0.0,0.0,3944.79
1758861584117,0.0,0.0,3944.79
1758861584217,0.0,0.0,3944.79
1758861584317,0.0,0.0,3944.79
1758861584418,0.0,0.0,3944.79
1758861584518,0.0,0.0,3944.79
1758861584634,0.0,0.0,3943.84
1758861584718,0.0,0.0,3943.79
1758861584818,0.0,0.0,3943.56
1758861584918,0.0,0.0,3943.56
1758861585018,0.0,0.0,3943.56
1758861585118,0.0,0.0,3943.56
1758861585218,0.0,0.0,3943.53
1758861585318,0.0,0.0,3943.53
1758861585418,0.0,0.0,3943.53
1758861585518,0.0,0.0,3943.53
1758861585618,0.0,0.0,3943.53
1758861585718,0.0,0.0,3943.53
1758861585818,0.0,0.0,3943.53
1758861585918,0.0,0.0,3943.53
1758861586024,0.0,0.0,3943.53
1758861586120,0.0,0.0,3943.53
1758861586218,0.0,0.0,3943.53
1758861586318,0.0,0.0,3943.53
1758861586418,0.0,0.0,3943.53
1758861586518,0.0,0.0,3943.53
1758861586618,0.0,0.0,3943.53
1758861586718,0.0,0.0,3943.53
1758861586818,0.0,0.0,3943.53
1758861586917,0.0,0.0,3943.53
1758861587018,0.0,0.0,3943.53
1758861587117,0.0,0.0,3943.53
1758861587218,0.0,0.0,3943.53
1758861587318,0.0,0.0,3943.53
1758861587417,0.0,0.0,3943.53
1758861587517,0.0,0.0,3943.53
1758861587617,0.0,0.0,3943.53
1758861587717,0.0,0.0,3943.53
1758861587818,0.0,0.0,3943.53
1758861587917,0.0,0.0,3943.53
1758861588017,0.0,0.0,3943.53
1758861588117,0.0,0.0,3943.53
1758861588218,0.0,0.0,3943.53
1758861588319,0.0,0.0,3943.53
1758861588418,0.0,0.0,3943.53
1758861588518,0.0,0.0,3943.53
1758861588618,0.0,0.0,3943.53
1758861588718,0.0,0.0,3943.53
1758861588818,0.0,0.0,3943.53
1758861588918,0.0,0.0,3943.53
1758861589018,0.0,0.0,3943.53
1758861589118,0.0,0.0,3943.53
1758861589218,0.0,0.0,3943.53
1758861589318,0.0,0.0,3943.53
1758861589418,0.0,0.0,3943.53
1758861589518,0.0,0.0,3943.53
1758861589618,0.0,0.0,3943.53
1758861589718,0.0,0.0,3943.53
1758861589818,0.0,0.0,3943.53
1758861589918,0.0,0.0,3943.5
1758861590018,0.0,0.0,3943.5
1758861590118,0.0,0.0,3943.5
1758861590218,0.0,0.0,3943.5
1758861590318,0.0,0.0,3943.5
1758861590418,0.0,0.0,3943.5
1758861590518,0.0,0.0,3943.5
1758861590618,0.0,0.0,3943.5
1758861590718,0.0,0.0,3943.5
1758861590818,0.0,0.0,3943.5
1758861590917,0.0,0.0,3943.5
1758861591018,0.0,0.0,3943.5
1758861591138,0.0,0.0,3943.5
1758861591219,0.0,0.0,3943.5
1758861591318,0.0,0.0,3943.5
1758861591417,0.0,0.0,3943.5
1758861591518,0.0,0.0,3943.5
1758861591617,0.0,0.0,3943.5
1758861591718,0.0,0.0,3943.5
1758861591818,0.0,0.0,3943.5
1758861591918,0.0,0.0,3943.5
1758861592018,0.0,0.0,3943.5
1758861592118,0.0,0.0,3943.5
1758861592218,0.0,0.0,3943.5
1758861592318,0.0,0.0,3943.5
1758861592418,0.0,0.0,3943.5
1758861592518,0.0,0.0,3943.5
1758861592618,0.0,0.0,3943.5
1758861592718,0.0,0.0,3943.5
1758861592818,0.0,0.0,3943.5
1758861592918,0.0,0.0,3943.5
1758861593018,0.0,0.0,3943.5
1758861593117,0.0,0.0,3943.5
1758861593218,0.0,0.0,3943.5
1758861593318,0.0,0.0,3943.5
1758861593418,0.0,0.0,3943.5
1758861593518,0.0,0.0,3943.5
1758861593618,0.0,0.0,3943.5
1758861593717,0.0,0.0,3943.5
1758861593818,0.0,0.0,3943.5
1758861593918,0.0,0.0,3943.5
1758861594017,0.0,0.0,3943.5
1758861594117,0.0,0.0,3943.5
1758861594218,0.0,0.0,3943.5
1758861594317,0.0,0.0,3943.5
1758861594418,0.0,0.0,3943.5
1758861594518,0.0,0.0,3943.5
1758861594618,0.0,0.0,3943.5
1758861594718,0.0,0.0,3943.5
1758861594819,0.0,0.0,3943.5
1758861594918,0.0,0.0,3943.5
1758861595018,0.0,0.0,3943.5
1758861595119,0.0,0.0,3943.5
1758861595218,0.0,0.0,3943.5
1758861595318,0.0,0.0,3943.5
1758861595418,0.0,0.0,3943.5
1758861595518,0.0,0.0,3943.6
1758861595618,0.0,0.0,3943.6
1758861595718,0.0,0.0,3943.6
1758861595818,0.0,0.0,3943.6
1758861595918,0.0,0.0,3943.6
1758861596018,0.0,0.0,3943.6
1758861596119,0.0,0.0,3943.6
1758861596224,0.0,0.0,3943.6
1758861596318,0.0,0.0,3943.6
1758861596418,0.0,0.0,3943.6
1758861596518,0.0,0.0,3943.6
1758861596618,0.0,0.0,3943.6
1758861596718,0.0,0.0,3943.6
1758861596818,0.0,0.0,3943.6
1758861596918,0.0,0.0,3943.6
1758861597018,0.0,0.0,3943.6
1758861597117,0.0,0.0,3943.6
1758861597218,0.0,0.0,3943.6
1758861597317,0.0,0.0,3943.6
1758861597418,0.0,0.0,3943.6
1758861597517,0.0,0.0,3943.6
1758861597618,0.0,0.0,3943.6
1758861597718,0.0,0.0,3943.6
1758861597818,0.0,0.0,3943.6
1758861597918,0.0,0.0,3943.6
1758861598018,0.0,0.0,3943.6
1758861598118,0.0,0.0,3943.6
1758861598218,0.0,0.0,3943.6
1758861598318,0.0,0.0,3943.6
1758861598418,0.0,0.0,3943.6
1758861598518,0.0,0.0,3943.6
1758861598618,0.0,0.0,3943.6
1758861598718,0.0,0.0,3943.6
1758861598818,0.0,0.0,3943.6
1758861598918,0.0,0.0,3943.6
1758861599018,0.0,0.0,3943.6
1758861599118,0.0,0.0,3943.6
1758861599218,0.0,0.0,3943.6
1758861599318,0.0,0.0,3943.6
1758861599418,0.0,0.0,3943.6
1758861599518,0.0,0.0,3943.6
1758861599618,0.0,0.0,3943.6
1758861599717,0.0,0.0,3943.6
1758861599818,0.0,0.0,3943.6
1758861599918,0.0,0.0,3943.6
1758861600018,0.0,0.0,3943.6
1758861600118,0.0,0.0,3943.6
1758861600218,0.0,0.0,3943.6
1758861600318,0.0,0.0,3943.6
1758861600417,0.0,0.0,3943.6
1758861600517,0.0,0.0,3943.6
1758861600618,0.0,0.0,3943.6
1758861600718,0.0,0.0,3943.6
1758861600818,0.0,0.0,3943.6
1758861600918,0.0,0.0,3943.6
1758861601018,0.0,0.0,3943.6
1758861601117,0.0,0.0,3943.6
1758861601220,0.0,0.0,3943.6
1758861601317,0.0,0.0,3943.6
1758861601418,0.0,0.0,3943.6
1758861601518,0.0,0.0,3943.6
1758861601618,0.0,0.0,3943.6
1758861601718,0.0,0.0,3943.6
1758861601818,0.0,0.0,3943.6
1758861601918,0.0,0.0,3943.59
1758861602018,0.0,0.0,3943.93
1758861602118,0.0,0.0,3943.93
1758861602218,0.0,0.0,3943.93
1758861602318,0.0,0.0,3943.93
1758861602418,0.0,0.0,3943.93
1758861602518,0.0,0.0,3943.93
1758861602618,0.0,0.0,3943.93
1758861602718,0.0,0.0,3943.93
1758861602818,0.0,0.0,3943.93
1758861602918,0.0,0.0,3943.93
1758861603018,0.0,0.0,3944.17
1758861603118,0.0,0.0,3944.17
1758861603218,0.0,0.0,3944.17
1758861603318,0.0,0.0,3944.17
1758861603418,0.0,0.0,3944.17
1758861603517,0.0,0.0,3944.17
1758861603617,0.0,0.0,3944.17
1758861603718,0.0,0.0,3944.17
1758861603818,0.0,0.0,3944.19
1758861603918,0.0,0.0,3944.19
1758861604017,0.0,0.0,3944.38
1758861604118,0.0,0.0,3944.38
1758861604218,0.0,0.0,3944.38
1758861604317,0.0,0.0,3944.38
1758861604417,0.0,0.0,3944.38
1758861604517,0.0,0.0,3944.38
1758861604618,0.0,0.0,3944.38
1758861604718,0.0,0.0,3944.38
1758861604819,0.0,0.0,3944.38
1758861604918,0.0,0.0,3944.38
1758861605018,0.0,0.0,3944.38
1758861605118,0.0,0.0,3944.38
1758861605218,0.0,0.0,3944.38
1758861605318,0.0,0.0,3944.38
1758861605418,0.0,0.0,3944.38
1758861605519,0.0,0.0,3944.38
1758861605618,0.0,0.0,3944.38
1758861605718,0.0,0.0,3944.38
1758861605818,0.0,0.0,3944.38
1758861605918,0.0,0.0,3944.38
1758861606018,0.0,0.0,3944.37
1758861606118,0.0,0.0,3944.38
1758861606218,0.0,0.0,3944.38
1758861606330,0.0,0.0,3944.43
1758861606424,0.0,0.0,3944.43
1758861606518,0.0,0.0,3944.43
1758861606618,0.0,0.0,3944.73
1758861606718,0.0,0.0,3944.73
1758861606818,0.0,0.0,3944.73
1758861606918,0.0,0.0,3944.73
1758861607018,0.0,0.0,3944.73
1758861607118,0.0,0.0,3944.73
1758861607218,0.0,0.0,3944.73
1758861607318,0.0,0.0,3944.73
1758861607418,0.0,0.0,3944.73
1758861607518,0.0,0.0,3944.73
1758861607618,0.0,0.0,3944.73
1758861607718,0.0,0.0,3944.73
1758861607818,0.0,0.0,3944.73
1758861607917,0.0,0.0,3944.73
1758861608017,0.0,0.0,3944.73
1758861608120,0.0,0.0,3945.51
1758861608218,0.0,0.0,3945.51
1758861608317,0.0,0.0,3945.51
1758861608418,0.0,0.0,3945.51
1758861608518,0.0,0.0,3945.51
1758861608620,0.0,0.0,3945.51
1758861608718,0.0,0.0,3945.57
1758861608819,0.0,0.0,3945.57
1758861608918,0.0,0.0,3945.57
1758861609018,0.0,0.0,3945.57
1758861609118,0.0,0.0,3945.57
1758861609219,0.0,0.0,3945.57
1758861609318,0.0,0.0,3945.57
1758861609418,0.0,0.0,3945.57
1758861609518,0.0,0.0,3945.57
1758861609618,0.0,0.0,3945.57
1758861609718,0.0,0.0,3945.57
1758861609818,0.0,0.0,3945.57
1758861609918,0.0,0.0,3945.57
1758861610017,0.0,0.0,3945.78
1758861610118,0.0,0.0,3945.78
1758861610218,0.0,0.0,3945.78
1758861610318,0.0,0.0,3945.78
1758861610417,0.0,0.0,3945.78
1758861610518,0.0,0.0,3945.78
1758861610618,0.0,0.0,3945.78
1758861610718,0.0,0.0,3945.78
1758861610818,0.0,0.0,3945.78
1758861610918,0.0,0.0,3945.78
1758861611018,0.0,0.0,3945.78
1758861611118,0.0,0.0,3945.78
1758861611218,0.0,0.0,3945.78
1758861611318,0.0,0.0,3945.78
1758861611420,0.0,0.0,3945.78
1758861611518,0.0,0.0,3945.78
1758861611618,0.0,0.0,3945.78
1758861611718,0.0,0.0,3945.78
1758861611818,0.0,0.0,3945.78
1758861611917,0.0,0.0,3945.78
1758861612017,0.0,0.0,3945.78
1758861612118,0.0,0.0,3945.78
1758861612218,0.0,0.0,3945.78
1758861612317,0.0,0.0,3945.78
1758861612418,0.0,0.0,3946.3
1758861612518,0.0,0.0,3946.3
1758861612617,0.0,0.0,3946.3
1758861612717,0.0,0.0,3946.3
1758861612818,0.0,0.0,3946.3
1758861612919,0.0,0.0,3946.3
1758861613019,0.0,0.0,3946.3
1758861613118,0.0,0.0,3946.3
1758861613219,0.0,0.0,3946.39
1758861613318,0.0,0.0,3946.5
1758861613419,0.0,0.0,3946.5
1758861613518,0.0,0.0,3946.5
1758861613618,0.0,0.0,3946.5
1758861613718,0.0,0.0,3946.5
1758861613818,0.0,0.0,3946.5
1758861613918,0.0,0.0,3946.75
1758861614018,0.0,0.0,3946.74
1758861614118,0.0,0.0,3946.74
1758861614218,0.0,0.0,3946.74
1758861614318,0.0,0.0,3946.74
1758861614423,0.0,0.0,3945.91
1758861614518,0.0,0.0,3945.91
1758861614618,0.0,0.0,3945.9
1758861614718,0.0,0.0,3945.9
1758861614817,0.0,0.0,3945.9
1758861614918,0.0,0.0,3945.89
1758861615018,0.0,0.0,3945.5
1758861615118,0.0,0.0,3945.36
1758861615218,0.0,0.0,3945.36
1758861615318,0.0,0.0,3945.36
1758861615418,0.0,0.0,3945.36
1758861615518,0.0,0.0,3945.36
1758861615618,0.0,0.0,3945.36
1758861615719,0.0,0.0,3945.36
1758861615819,0.0,0.0,3945.36
1758861615919,0.0,0.0,3945.36
1758861616018,0.0,0.0,3945.36
1758861616118,0.0,0.0,3945.36
1758861616219,0.0,0.0,3945.36
1758861616318,0.0,0.0,3945.36
1758861616419,0.0,0.0,3945.36
1758861616537,0.0,0.0,3945.36
1758861616619,0.0,0.0,3945.36
1758861616718,0.0,0.0,3945.36
1758861616818,0.0,0.0,3945.36
1758861616918,0.0,0.0,3945.36
1758861617018,0.0,0.0,3945.36
1758861617118,0.0,0.0,3945.36
1758861617218,0.0,0.0,3945.36
1758861617318,0.0,0.0,3945.17
1758861617418,0.0,0.0,3945.17
1758861617518,0.0,0.0,3945.17
1758861617618,0.0,0.0,3945.54
1758861617718,0.0,0.0,3945.54
1758861617818,0.0,0.0,3945.54
1758861617918,0.0,0.0,3945.54
1758861618018,0.0,0.0,3945.54
1758861618118,0.0,0.0,3945.54
1758861618218,0.0,0.0,3945.11
1758861618320,0.0,0.0,3945.11
1758861618419,0.0,0.0,3944.81
1758861618518,0.0,0.0,3944.81
1758861618618,0.0,0.0,3944.81
1758861618718,0.0,0.0,3944.81
1758861618818,0.0,0.0,3944.81
1758861618919,0.0,0.0,3944.81
1758861619018,0.0,0.0,3944.81
1758861619118,0.0,0.0,3944.81
1758861619218,0.0,0.0,3944.81
1758861619318,0.0,0.0,3944.81
1758861619418,0.0,0.0,3944.81
1758861619518,0.0,0.0,3944.81
1758861619618,0.0,0.0,3944.81
1758861619718,0.0,0.0,3944.81
1758861619818,0.0,0.0,3944.81
1758861619918,0.0,0.0,3944.81
1758861620018,0.0,0.0,3944.81
1758861620118,0.0,0.0,3944.81
1758861620218,0.0,0.0,3944.81
1758861620318,0.0,0.0,3944.81
1758861620418,0.0,0.0,3944.81
1758861620518,0.0,0.0,3944.81
1758861620618,0.0,0.0,3944.81
1758861620718,0.0,0.0,3944.81
1758861620818,0.0,0.0,3944.81
1758861620917,0.0,0.0,3944.81
1758861621017,0.0,0.0,3944.81
1758861621117,0.0,0.0,3944.81
1758861621218,0.0,0.0,3944.82
1758861621319,0.0,0.0,3944.82
1758861621418,0.0,0.0,3944.82
1758861621518,0.0,0.0,3944.82
1758861621679,0.0,0.0,3944.82
1758861621733,0.0,0.0,3944.82
1758861621819,0.0,0.0,3944.82
1758861621923,0.0,0.0,3944.32
1758861622020,0.0,0.0,3944.32
1758861622118,0.0,0.0,3944.32
1758861622218,0.0,0.0,3944.32
1758861622318,0.0,0.0,3943.81
1758861622419,0.0,0.0,3943.81
1758861622518,0.0,0.0,3943.81
1758861622618,0.0,0.0,3943.81
1758861622718,0.0,0.0,3943.81
1758861622818,0.0,0.0,3943.81
1758861622918,0.0,0.0,3943.81
1758861623018,0.0,0.0,3943.81
1758861623118,0.0,0.0,3943.81
1758861623218,0.0,0.0,3943.81
1758861623318,0.0,0.0,3943.81
1758861623418,0.0,0.0,3943.81
1758861623518,0.0,0.0,3943.81
1758861623617,0.0,0.0,3943.81
1758861623718,0.0,0.0,3943.81
1758861623818,0.0,0.0,3943.81
1758861623917,0.0,0.0,3943.81
1758861624017,0.0,0.0,3943.81
1758861624118,0.0,0.0,3943.81
1758861624217,0.0,0.0,3943.81
1758861624318,0.0,0.0,3943.81
1758861624418,0.0,0.0,3943.81
1758861624519,0.0,0.0,3943.81
1758861624618,0.0,0.0,3943.81
1758861624719,0.0,0.0,3943.81
1758861624818,0.0,0.0,3943.81
1758861624919,0.0,0.0,3943.81
1758861625018,0.0,0.0,3943.81
1758861625118,0.0,0.0,3943.82
1758861625218,0.0,0.0,3943.82
1758861625418,0.0,0.0,3943.82
1758861625518,0.0,0.0,3943.82
1758861625618,0.0,0.0,3943.82
1758861625718,0.0,0.0,3943.82
1758861625818,0.0,0.0,3943.82
1758861625918,0.0,0.0,3943.82
1758861626018,0.0,0.0,3943.82
1758861626118,0.0,0.0,3943.82
1758861626218,0.0,0.0,3943.82
1758861626318,0.0,0.0,3943.82
1758861626419,0.0,0.0,3943.82
1758861626518,0.0,0.0,3943.82
1758861626618,0.0,0.0,3943.82
1758861626726,0.0,0.0,3943.82
1758861626819,0.0,0.0,3943.82
1758861626917,0.0,0.0,3943.82
1758861627018,0.0,0.0,3943.82
1758861627118,0.0,0.0,3943.82
1758861627217,0.0,0.0,3943.82
1758861627318,0.0,0.0,3943.82
1758861627418,0.0,0.0,3943.82
1758861627519,0.0,0.0,3943.82
1758861627618,0.0,0.0,3943.82
1758861627718,0.0,0.0,3943.82
1758861627819,0.0,0.0,3943.82
1758861627918,0.0,0.0,3943.82
1758861628018,0.0,0.0,3943.82
1758861628118,0.0,0.0,3943.82
1758861628218,0.0,0.0,3943.82
1758861628318,0.0,0.0,3943.7
1758861628418,0.0,0.0,3943.7
1758861628518,0.0,0.0,3943.62
1758861628618,0.0,0.0,3943.62
1758861628718,0.0,0.0,3943.62
1758861628818,0.0,0.0,3943.62
1758861628918,0.0,0.0,3943.62
1758861629018,0.0,0.0,3943.62
1758861629118,0.0,0.0,3943.62
1758861629218,0.0,0.0,3943.62
1758861629318,0.0,0.0,3943.62
1758861629418,0.0,0.0,3943.62
1758861629518,0.0,0.0,3943.62
1758861629618,0.0,0.0,3943.62
1758861629718,0.0,0.0,3943.62
1758861629818,0.0,0.0,3943.62
1758861629918,0.0,0.0,3943.62
1758861630018,0.0,0.0,3943.62
1758861630118,0.0,0.0,3943.62
1758861630218,0.0,0.0,3943.62
1758861630318,0.0,0.0,3943.62
1758861630418,0.0,0.0,3943.62
1758861630518,0.0,0.0,3943.62
1758861630618,0.0,0.0,3943.62
1758861630718,0.0,0.0,3943.62
1758861630818,0.0,0.0,3943.62
1758861630918,0.0,0.0,3943.62
1758861631018,0.0,0.0,3943.62
1758861631118,0.0,0.0,3943.62
1758861631218,0.0,0.0,3943.62
1758861631317,0.0,0.0,3943.62
1758861631418,0.0,0.0,3943.62
1758861631518,0.0,0.0,3943.62
1758861631617,0.0,0.0,3943.62
1758861631718,0.0,0.0,3943.62
1758861631844,0.0,0.0,3943.62
1758861631920,0.0,0.0,3943.62
1758861632019,0.0,0.0,3943.62
1758861632118,0.0,0.0,3943.62
1758861632219,0.0,0.0,3943.62
1758861632319,0.0,0.0,3943.62
1758861632419,0.0,0.0,3943.62
1758861632519,0.0,0.0,3943.62
1758861632618,0.0,0.0,3943.62
1758861632718,0.0,0.0,3943.62
1758861632818,0.0,0.0,3943.62
1758861632919,0.0,0.0,3943.63
1758861633018,0.0,0.0,3943.63
1758861633118,0.0,0.0,3943.63
1758861633219,0.0,0.0,3943.63
1758861633318,0.0,0.0,3943.63
1758861633418,0.0,0.0,3943.63
1758861633518,0.0,0.0,3943.63
1758861633618,0.0,0.0,3943.63
1758861633718,0.0,0.0,3943.63
1758861633818,0.0,0.0,3943.63
1758861633918,0.0,0.0,3943.63
1758861634018,0.0,0.0,3943.62
1758861634118,0.0,0.0,3943.62
1758861634218,0.0,0.0,3943.62
1758861634318,0.0,0.0,3943.62
1758861634418,0.0,0.0,3943.62
1758861634518,0.0,0.0,3943.62
1758861634618,0.0,0.0,3943.62
1758861634718,0.0,0.0,3943.62
1758861634818,0.0,0.0,3943.62
1758861634918,0.0,0.0,3943.62
1758861635018,0.0,0.0,3943.62
1758861635118,0.0,0.0,3943.62
1758861635218,0.0,0.0,3943.62
1758861635317,0.0,0.0,3943.62
1758861635418,0.0,0.0,3943.62
1758861635518,0.0,0.0,3943.62
1758861635618,0.0,0.0,3943.62
1758861635718,0.0,0.0,3943.62
1758861635818,0.0,0.0,3943.62
1758861635918,0.0,0.0,3943.62
1758861636018,0.0,0.0,3943.62
1758861636118,0.0,0.0,3943.62
1758861636218,0.0,0.0,3943.62
1758861636318,0.0,0.0,3943.62
1758861636418,0.0,0.0,3943.62
1758861636519,0.0,0.0,3943.62
1758861636619,0.0,0.0,3943.62
1758861636719,0.0,0.0,3943.62
1758861636819,0.0,0.0,3943.62
1758861636928,0.0,0.0,3943.62
1758861637025,0.0,0.0,3943.62
1758861637118,0.0,0.0,3943.62
1758861637218,0.0,0.0,3943.62
1758861637318,0.0,0.0,3943.62
1758861637418,0.0,0.0,3943.62
1758861637518,0.0,0.0,3943.62
1758861637618,0.0,0.0,3943.62
1758861637718,0.0,0.0,3943.62
1758861637818,0.0,0.0,3943.62
1758861637918,0.0,0.0,3943.62
1758861638018,0.0,0.0,3943.62
1758861638118,0.0,0.0,3943.62
1758861638218,0.0,0.0,3943.62
1758861638319,0.0,0.0,3943.62
1758861638417,0.0,0.0,3943.62
1758861638518,0.0,0.0,3943.62
1758861638618,0.0,0.0,3943.62
1758861638718,0.0,0.0,3943.62
1758861638818,0.0,0.0,3943.62
1758861638918,0.0,0.0,3943.62
1758861639019,0.0,0.0,3943.82
1758861639119,0.0,0.0,3943.91
1758861639218,0.0,0.0,3943.91
1758861639319,0.0,0.0,3943.91
1758861639418,0.0,0.0,3943.91
1758861639518,0.0,0.0,3943.91
1758861639618,0.0,0.0,3943.91
1758861639718,0.0,0.0,3943.91
1758861639818,0.0,0.0,3943.91
1758861639918,0.0,0.0,3943.91
1758861640018,0.0,0.0,3943.91
1758861640118,0.0,0.0,3943.91
1758861640218,0.0,0.0,3943.91
1758861640318,0.0,0.0,3943.91
1758861640418,0.0,0.0,3943.91
1758861640518,0.0,0.0,3943.91
1758861640617,0.0,0.0,3943.91
1758861640718,0.0,0.0,3943.91
1758861640818,0.0,0.0,3943.91
1758861640918,0.0,0.0,3943.91
1758861641018,0.0,0.0,3943.91
1758861641118,0.0,0.0,3944.03
1758861641218,0.0,0.0,3944.17
1758861641319,0.0,0.0,3944.17
1758861641418,0.0,0.0,3944.17
1758861641519,0.0,0.0,3944.17
1758861641619,0.0,0.0,3944.17
1758861641719,0.0,0.0,3944.16
1758861641819,0.0,0.0,3944.16
1758861641918,0.0,0.0,3944.16
1758861642025,0.0,0.0,3944.16
1758861642119,0.0,0.0,3944.17
1758861642218,0.0,0.0,3944.17
1758861642318,0.0,0.0,3944.32
1758861642418,0.0,0.0,3944.32
1758861642518,0.0,0.0,3944.32
1758861642618,0.0,0.0,3944.32
1758861642718,0.0,0.0,3944.32
1758861642818,0.0,0.0,3944.32
1758861642918,0.0,0.0,3944.32
1758861643018,0.0,0.0,3944.32
1758861643118,0.0,0.0,3944.32
1758861643218,0.0,0.0,3944.32
1758861643318,0.0,0.0,3944.32
1758861643418,0.0,0.0,3944.32
1758861643518,0.0,0.0,3944.54
1758861643618,0.0,0.0,3944.54
1758861643718,0.0,0.0,3944.54
1758861643818,0.0,0.0,3944.54
1758861643918,0.0,0.0,3944.54
1758861644018,0.0,0.0,3944.54
1758861644118,0.0,0.0,3944.54
1758861644218,0.0,0.0,3944.54
1758861644318,0.0,0.0,3944.54
1758861644418,0.0,0.0,3944.54
1758861644518,0.0,0.0,3944.54
1758861644619,0.0,0.0,3944.54
1758861644719,0.0,0.0,3944.54
1758861644819,0.0,0.0,3944.54
1758861644918,0.0,0.0,3944.54
1758861645018,0.0,0.0,3944.54
1758861645118,0.0,0.0,3944.54
1758861645219,0.0,0.0,3944.54
1758861645318,0.0,0.0,3944.54
1758861645419,0.0,0.0,3944.54
1758861645518,0.0,0.0,3944.54
1758861645618,0.0,0.0,3944.54
1758861645718,0.0,0.0,3944.54
1758861645818,0.0,0.0,3944.54
1758861645918,0.0,0.0,3944.54
1758861646018,0.0,0.0,3944.54
1758861646118,0.0,0.0,3944.54
1758861646218,0.0,0.0,3944.54
1758861646318,0.0,0.0,3944.54
1758861646418,0.0,0.0,3944.54
1758861646518,0.0,0.0,3944.54
1758861646618,0.0,0.0,3944.54
1758861646719,0.0,0.0,3944.54
1758861646818,0.0,0.0,3944.54
1758861646919,0.0,0.0,3944.54
1758861647019,0.0,0.0,3944.54
1758861647120,0.0,0.0,3944.54
1758861647218,0.0,0.0,3944.54
1758861647318,0.0,0.0,3944.54
1758861647418,0.0,0.0,3944.54
1758861647517,0.0,0.0,3944.54
1758861647618,0.0,0.0,3944.54
1758861647718,0.0,0.0,3944.54
1758861647818,0.0,0.0,3944.54
1758861647918,0.0,0.0,3944.54
1758861648018,0.0,0.0,3944.54
1758861648118,0.0,0.0,3944.54
1758861648218,0.0,0.0,3944.54
1758861648318,0.0,0.0,3944.54
1758861648418,0.0,0.0,3944.54
1758861648518,0.0,0.0,3944.54
1758861648618,0.0,0.0,3944.54
1758861648718,0.0,0.0,3944.53
1758861648818,0.0,0.0,3944.53
1758861648917,0.0,0.0,3944.53
1758861649018,0.0,0.0,3944.53
1758861649118,0.0,0.0,3944.53
1758861649217,0.0,0.0,3944.53
1758861649318,0.0,0.0,3944.53
1758861649417,0.0,0.0,3944.53
1758861649519,0.0,0.0,3944.53
1758861649619,0.0,0.0,3944.53
1758861649719,0.0,0.0,3944.53
1758861649819,0.0,0.0,3944.53
1758861649919,0.0,0.0,3944.53
1758861650019,0.0,0.0,3944.53
1758861650118,0.0,0.0,3944.53
1758861650219,0.0,0.0,3944.53
1758861650319,0.0,0.0,3944.53
1758861650419,0.0,0.0,3944.53
1758861650518,0.0,0.0,3944.53
1758861650618,0.0,0.0,3944.53
1758861650719,0.0,0.0,3944.53
1758861650818,0.0,0.0,3944.53
1758861650918,0.0,0.0,3944.53
1758861651018,0.0,0.0,3944.53
1758861651118,0.0,0.0,3944.53
1758861651218,0.0,0.0,3944.53
1758861651318,0.0,0.0,3944.53
1758861651418,0.0,0.0,3944.53
1758861651518,0.0,0.0,3944.53
1758861651618,0.0,0.0,3944.53
1758861651718,0.0,0.0,3944.53
1758861651818,0.0,0.0,3944.53
1758861651919,0.0,0.0,3944.53
1758861652019,0.0,0.0,3944.32
1758861652128,0.0,0.0,3944.32
1758861652219,0.0,0.0,3943.89
1758861652319,0.0,0.0,3943.53
1758861652419,0.0,0.0,3943.53
1758861652518,0.0,0.0,3943.53
1758861652618,0.0,0.0,3943.53
1758861652718,0.0,0.0,3943.53
1758861652819,0.0,0.0,3943.53
1758861652918,0.0,0.0,3943.47
1758861653018,0.0,0.0,3943.47
1758861653118,0.0,0.0,3943.47
1758861653218,0.0,0.0,3943.47
1758861653318,0.0,0.0,3943.47
1758861653418,0.0,0.0,3943.47
1758861653518,0.0,0.0,3943.47
1758861653618,0.0,0.0,3943.47
1758861653718,0.0,0.0,3943.47
1758861653818,0.0,0.0,3943.47
1758861653918,0.0,0.0,3943.47
1758861654018,0.0,0.0,3943.47
1758861654118,0.0,0.0,3943.47
1758861654218,0.0,0.0,3943.47
1758861654318,0.0,0.0,3943.47
1758861654418,0.0,0.0,3943.47
1758861654519,0.0,0.0,3943.47
1758861654619,0.0,0.0,3943.47
1758861654719,0.0,0.0,3943.47
1758861654819,0.0,0.0,3943.47
1758861654919,0.0,0.0,3943.47
1758861655019,0.0,0.0,3943.47
1758861655118,0.0,0.0,3943.47
1758861655219,0.0,0.0,3943.47
1758861655318,0.0,0.0,3943.47
1758861655418,0.0,0.0,3943.47
1758861655518,0.0,0.0,3943.47
1758861655619,0.0,0.0,3943.47
1758861655718,0.0,0.0,3943.47
1758861655819,0.0,0.0,3943.47
1758861655919,0.0,0.0,3943.47
1758861656018,0.0,0.0,3943.47
1758861656118,0.0,0.0,3943.47
1758861656218,0.0,0.0,3943.47
1758861656318,0.0,0.0,3943.46
1758861656419,0.0,0.0,3943.46
1758861656518,0.0,0.0,3943.46
1758861656617,0.0,0.0,3943.46
1758861656718,0.0,0.0,3943.46
1758861656818,0.0,0.0,3943.46
1758861656917,0.0,0.0,3943.47
1758861657018,0.0,0.0,3943.66
1758861657117,0.0,0.0,3943.66
1758861657226,0.0,0.0,3943.66
1758861657318,0.0,0.0,3943.66
1758861657418,0.0,0.0,3943.66
1758861657518,0.0,0.0,3943.66
1758861657618,0.0,0.0,3943.66
1758861657718,0.0,0.0,3943.66
1758861657818,0.0,0.0,3943.66
1758861657918,0.0,0.0,3943.66
1758861658019,0.0,0.0,3943.66
1758861658119,0.0,0.0,3943.66
1758861658219,0.0,0.0,3943.66
1758861658319,0.0,0.0,3943.66
1758861658418,0.0,0.0,3943.66
1758861658519,0.0,0.0,3943.66
1758861658618,0.0,0.0,3943.66
1758861658719,0.0,0.0,3943.66
1758861658818,0.0,0.0,3943.66
1758861658918,0.0,0.0,3943.66
1758861659018,0.0,0.0,3943.66
1758861659118,0.0,0.0,3943.66
1758861659218,0.0,0.0,3943.66
1758861659318,0.0,0.0,3943.66
1758861659418,0.0,0.0,3943.66
1758861659518,0.0,0.0,3944.12
1758861659618,0.0,0.0,3944.12
1758861659718,0.0,0.0,3944.12
1758861659818,0.0,0.0,3944.12
1758861659918,0.0,0.0,3944.12
1758861660018,0.0,0.0,3944.12
1758861660118,0.0,0.0,3944.12
1758861660218,0.0,0.0,3944.12
1758861660318,0.0,0.0,3944.12
1758861660418,0.0,0.0,3944.12
1758861660518,0.0,0.0,3944.12
1758861660618,0.0,0.0,3944.12
1758861660718,0.0,0.0,3944.12
1758861660818,0.0,0.0,3944.17
1758861660917,0.0,0.0,3944.17
1758861661018,0.0,0.0,3944.17
1758861661117,0.0,0.0,3944.17
1758861661218,0.0,0.0,3944.17
1758861661319,0.0,0.0,3944.17
1758861661419,0.0,0.0,3944.17
1758861661519,0.0,0.0,3944.16
1758861661618,0.0,0.0,3944.16
1758861661718,0.0,0.0,3944.16
1758861661817,0.0,0.0,3944.16
1758861661918,0.0,0.0,3944.16
1758861662018,0.0,0.0,3944.16
1758861662118,0.0,0.0,3944.17
1758861662218,0.0,0.0,3944.17
1758861662346,0.0,0.0,3944.17
1758861662420,0.0,0.0,3944.17
1758861662519,0.0,0.0,3944.17
1758861662619,0.0,0.0,3944.17
1758861662719,0.0,0.0,3944.17
1758861662818,0.0,0.0,3944.17
1758861662919,0.0,0.0,3944.17
1758861663018,0.0,0.0,3944.17
1758861663119,0.0,0.0,3944.17
1758861663218,0.0,0.0,3944.17
1758861663318,0.0,0.0,3944.17
1758861663418,0.0,0.0,3944.17
1758861663518,0.0,0.0,3944.17
1758861663618,0.0,0.0,3944.17
1758861663718,0.0,0.0,3944.17
1758861663818,0.0,0.0,3944.17
1758861663918,0.0,0.0,3944.17
1758861664018,0.0,0.0,3944.17
1758861664118,0.0,0.0,3944.17
1758861664218,0.0,0.0,3944.17
1758861664318,0.0,0.0,3944.17
1758861664418,0.0,0.0,3944.17
1758861664518,0.0,0.0,3944.17
1758861664618,0.0,0.0,3944.17
1758861664718,0.0,0.0,3944.36
1758861664818,0.0,0.0,3944.36
1758861664918,0.0,0.0,3944.36
1758861665017,0.0,0.0,3944.36
1758861665118,0.0,0.0,3944.36
1758861665218,0.0,0.0,3944.36
1758861665318,0.0,0.0,3944.36
1758861665418,0.0,0.0,3944.36
1758861665519,0.0,0.0,3944.36
1758861665618,0.0,0.0,3944.54
1758861665718,0.0,0.0,3944.54
1758861665819,0.0,0.0,3944.54
1758861665918,0.0,0.0,3944.54
1758861666019,0.0,0.0,3944.54
1758861666118,0.0,0.0,3944.54
1758861666218,0.0,0.0,3944.54
1758861666319,0.0,0.0,3944.95
1758861666419,0.0,0.0,3945.03
1758861666519,0.0,0.0,3945.03
1758861666619,0.0,0.0,3945.03
1758861666719,0.0,0.0,3945.03
1758861666819,0.0,0.0,3945.03
1758861666919,0.0,0.0,3945.03
1758861667018,0.0,0.0,3945.03
1758861667118,0.0,0.0,3945.03
1758861667218,0.0,0.0,3945.03
1758861667318,0.0,0.0,3945.03
1758861667436,0.0,0.0,3945.03
1758861667525,0.0,0.0,3945.03
1758861667619,0.0,0.0,3945.03
1758861667718,0.0,0.0,3945.03
1758861667818,0.0,0.0,3945.03
1758861667919,0.0,0.0,3945.71
1758861668018,0.0,0.0,3945.71
1758861668119,0.0,0.0,3945.71
1758861668218,0.0,0.0,3945.71
1758861668318,0.0,0.0,3945.71
1758861668419,0.0,0.0,3945.71
1758861668518,0.0,0.0,3945.71
1758861668618,0.0,0.0,3945.71
1758861668718,0.0,0.0,3945.71
1758861668818,0.0,0.0,3945.71
1758861668918,0.0,0.0,3945.71
1758861669018,0.0,0.0,3945.71
1758861669118,0.0,0.0,3945.71
1758861669219,0.0,0.0,3945.71
1758861669319,0.0,0.0,3945.71
1758861669418,0.0,0.0,3945.71
1758861669519,0.0,0.0,3945.71
1758861669619,0.0,0.0,3945.71
1758861669719,0.0,0.0,3945.71
1758861669818,0.0,0.0,3945.71
1758861669919,0.0,0.0,3945.71
1758861670018,0.0,0.0,3945.71
1758861670118,0.0,0.0,3945.71
1758861670219,0.0,0.0,3945.71
1758861670318,0.0,0.0,3945.71
1758861670419,0.0,0.0,3945.71
1758861670518,0.0,0.0,3945.71
1758861670618,0.0,0.0,3945.71
1758861670718,0.0,0.0,3945.71
1758861670818,0.0,0.0,3945.71
1758861670918,0.0,0.0,3945.71
1758861671018,0.0,0.0,3945.71
1758861671118,0.0,0.0,3945.71
1758861671218,0.0,0.0,3945.71
1758861671318,0.0,0.0,3945.71
1758861671418,0.0,0.0,3945.71
1758861671518,0.0,0.0,3945.71
1758861671618,0.0,0.0,3945.7
1758861671718,0.0,0.0,3945.7
1758861671818,0.0,0.0,3945.31
1758861671918,0.0,0.0,3945.31
1758861672018,0.0,0.0,3945.31
1758861672118,0.0,0.0,3945.31
1758861672218,0.0,0.0,3945.31
1758861672318,0.0,0.0,3945.31
1758861672418,0.0,0.0,3945.31
1758861672527,0.0,0.0,3945.31
1758861672619,0.0,0.0,3945.31
1758861672717,0.0,0.0,3945.13
1758861672819,0.0,0.0,3945.13
1758861672919,0.0,0.0,3945.13
1758861673018,0.0,0.0,3945.13
1758861673119,0.0,0.0,3945.13
1758861673219,0.0,0.0,3945.13
1758861673319,0.0,0.0,3945.13
1758861673419,0.0,0.0,3945.13
1758861673519,0.0,0.0,3945.13
1758861673619,0.0,0.0,3945.13
1758861673719,0.0,0.0,3945.13
1758861673819,0.0,0.0,3945.13
1758861673918,0.0,0.0,3945.13
1758861674019,0.0,0.0,3945.13
1758861674118,0.0,0.0,3945.13
1758861674218,0.0,0.0,3945.13
1758861674318,0.0,0.0,3945.13
1758861674418,0.0,0.0,3945.13
1758861674519,0.0,0.0,3945.13
1758861674618,0.0,0.0,3945.13
1758861674718,0.0,0.0,3945.13
1758861674818,0.0,0.0,3945.13
1758861674918,0.0,0.0,3945.13
1758861675018,0.0,0.0,3945.13
1758861675118,0.0,0.0,3945.13
1758861675218,0.0,0.0,3945.13
1758861675318,0.0,0.0,3945.13
1758861675418,0.0,0.0,3945.13
1758861675518,0.0,0.0,3945.13
1758861675618,0.0,0.0,3945.13
1758861675718,0.0,0.0,3945.13
1758861675819,0.0,0.0,3945.13
1758861675919,0.0,0.0,3945.13
1758861676018,0.0,0.0,3945.13
1758861676119,0.0,0.0,3945.13
1758861676219,0.0,0.0,3945.13
1758861676318,0.0,0.0,3945.13
1758861676418,0.0,0.0,3945.13
1758861676518,0.0,0.0,3945.13
1758861676618,0.0,0.0,3945.13
1758861676718,0.0,0.0,3945.13
1758861676819,0.0,0.0,3945.12
1758861676918,0.0,0.0,3945.12
1758861677018,0.0,0.0,3945.12
1758861677118,0.0,0.0,3945.12
1758861677218,0.0,0.0,3945.12
1758861677318,0.0,0.0,3945.12
1758861677418,0.0,0.0,3945.12
1758861677523,0.0,0.0,3945.12
1758861677665,0.0,0.0,3945.12
1758861677720,0.0,0.0,3945.12
1758861677818,0.0,0.0,3945.12
1758861677917,0.0,0.0,3945.12
1758861678017,0.0,0.0,3945.12
1758861678118,0.0,0.0,3945.12
1758861678239,0.0,0.0,3944.26
1758861678332,0.0,0.0,3944.26
1758861678420,0.0,0.0,3943.95
1758861678518,0.0,0.0,3943.95
1758861678619,0.0,0.0,3943.95
1758861678719,0.0,0.0,3943.95
1758861678819,0.0,0.0,3943.95
1758861678919,0.0,0.0,3943.95
1758861679018,0.0,0.0,3943.95
1758861679119,0.0,0.0,3943.95
1758861679218,0.0,0.0,3943.95
1758861679318,0.0,0.0,3943.95
1758861679418,0.0,0.0,3943.95
1758861679518,0.0,0.0,3943.95
1758861679619,0.0,0.0,3943.95
1758861679719,0.0,0.0,3943.95
1758861679819,0.0,0.0,3943.95
1758861679919,0.0,0.0,3943.95
1758861680018,0.0,0.0,3943.95
1758861680118,0.0,0.0,3943.95
1758861680218,0.0,0.0,3943.95
1758861680318,0.0,0.0,3943.95
1758861680419,0.0,0.0,3943.95
1758861680518,0.0,0.0,3943.95
1758861680618,0.0,0.0,3943.95
1758861680718,0.0,0.0,3943.95
1758861680818,0.0,0.0,3943.95
1758861680918,0.0,0.0,3943.95
1758861681018,0.0,0.0,3943.95
1758861681118,0.0,0.0,3943.95
1758861681218,0.0,0.0,3943.95
1758861681318,0.0,0.0,3943.95
1758861681419,0.0,0.0,3943.95
1758861681519,0.0,0.0,3943.95
1758861681619,0.0,0.0,3943.95
1758861681719,0.0,0.0,3943.95
1758861681819,0.0,0.0,3943.95
1758861681919,0.0,0.0,3943.95
1758861682019,0.0,0.0,3943.95
1758861682119,0.0,0.0,3943.95
1758861682218,0.0,0.0,3943.95
1758861682318,0.0,0.0,3943.95
1758861682419,0.0,0.0,3943.95
1758861682519,0.0,0.0,3943.95
1758861682638,0.0,0.0,3943.95
1758861682724,0.0,0.0,3943.95
1758861682818,0.0,0.0,3943.95
1758861682919,0.0,0.0,3943.95
1758861683018,0.0,0.0,3943.95
1758861683118,0.0,0.0,3943.95
1758861683218,0.0,0.0,3943.95
1758861683318,0.0,0.0,3943.95
1758861683418,0.0,0.0,3943.95
1758861683518,0.0,0.0,3943.95
1758861683619,0.0,0.0,3943.95
1758861683719,0.0,0.0,3943.95
1758861683818,0.0,0.0,3943.95
1758861683919,0.0,0.0,3943.95
1758861684019,0.0,0.0,3943.95
1758861684119,0.0,0.0,3943.95
1758861684219,0.0,0.0,3943.95
1758861684319,0.0,0.0,3943.95
1758861684418,0.0,0.0,3943.95
1758861684519,0.0,0.0,3943.95
1758861684618,0.0,0.0,3943.95
1758861684719,0.0,0.0,3943.95
1758861684819,0.0,0.0,3943.95
1758861684919,0.0,0.0,3943.95
1758861685018,0.0,0.0,3943.95
1758861685118,0.0,0.0,3943.95
1758861685218,0.0,0.0,3943.95
1758861685318,0.0,0.0,3943.95
1758861685418,0.0,0.0,3943.95
1758861685518,0.0,0.0,3943.95
1758861685619,0.0,0.0,3943.95
1758861685718,0.0,0.0,3943.95
1758861685818,0.0,0.0,3943.95
1758861685918,0.0,0.0,3943.95
1758861686018,0.0,0.0,3943.95
1758861686117,0.0,0.0,3943.95
1758861686219,0.0,0.0,3943.95
1758861686319,0.0,0.0,3943.95
1758861686419,0.0,0.0,3943.95
1758861686518,0.0,0.0,3943.95
1758861686619,0.0,0.0,3943.95
1758861686718,0.0,0.0,3943.95
1758861686818,0.0,0.0,3943.95
1758861686919,0.0,0.0,3943.95
1758861687019,0.0,0.0,3943.95
1758861687118,0.0,0.0,3943.95
1758861687218,0.0,0.0,3943.95
1758861687318,0.0,0.0,3943.95
1758861687418,0.0,0.0,3943.95
1758861687518,0.0,0.0,3943.95
1758861687618,0.0,0.0,3943.95
1758861687740,0.0,0.0,3943.95
1758861687818,0.0,0.0,3943.95
1758861687918,0.0,0.0,3943.95
1758861688018,0.0,0.0,3943.95
1758861688118,0.0,0.0,3943.95
1758861688218,0.0,0.0,3943.95
1758861688318,0.0,0.0,3943.96
1758861688418,0.0,0.0,3943.96
1758861688518,0.0,0.0,3943.96
1758861688618,0.0,0.0,3943.96
1758861688719,0.0,0.0,3943.96
1758861688819,0.0,0.0,3943.96
1758861688919,0.0,0.0,3943.96
1758861689019,0.0,0.0,3943.96
1758861689118,0.0,0.0,3943.96
1758861689219,0.0,0.0,3943.96
1758861689318,0.0,0.0,3944.17
1758861689418,0.0,0.0,3944.17
1758861689518,0.0,0.0,3944.17
1758861689618,0.0,0.0,3944.17
1758861689718,0.0,0.0,3944.17
1758861689818,0.0,0.0,3944.17
1758861689919,0.0,0.0,3944.17
1758861690019,0.0,0.0,3944.17
1758861690119,0.0,0.0,3944.17
1758861690219,0.0,0.0,3944.17
1758861690319,0.0,0.0,3944.17
1758861690419,0.0,0.0,3944.17
1758861690520,0.0,0.0,3944.17
1758861690619,0.0,0.0,3944.17
1758861690719,0.0,0.0,3944.17
1758861690819,0.0,0.0,3944.17
1758861690919,0.0,0.0,3944.17
1758861691019,0.0,0.0,3944.17
1758861691119,0.0,0.0,3944.17
1758861691218,0.0,0.0,3944.17
1758861691319,0.0,0.0,3944.17
1758861691418,0.0,0.0,3944.17
1758861691519,0.0,0.0,3944.17
1758861691619,0.0,0.0,3944.17
1758861691719,0.0,0.0,3944.17
1758861691818,0.0,0.0,3944.17
1758861691919,0.0,0.0,3944.17
1758861692018,0.0,0.0,3944.17
1758861692118,0.0,0.0,3944.17
1758861692218,0.0,0.0,3944.17
1758861692319,0.0,0.0,3944.17
1758861692418,0.0,0.0,3944.17
1758861692519,0.0,0.0,3944.17
1758861692618,0.0,0.0,3944.17
1758861692718,0.0,0.0,3944.17
1758861692833,0.0,0.0,3944.17
1758861692924,0.0,0.0,3944.17
1758861693018,0.0,0.0,3944.17
1758861693118,0.0,0.0,3944.17
1758861693219,0.0,0.0,3944.17
1758861693319,0.0,0.0,3944.17
1758861693419,0.0,0.0,3944.17
1758861693519,0.0,0.0,3944.17
1758861693619,0.0,0.0,3944.17
1758861693719,0.0,0.0,3944.17
1758861693819,0.0,0.0,3944.17
1758861693919,0.0,0.0,3944.17
1758861694019,0.0,0.0,3944.17
1758861694119,0.0,0.0,3944.17
1758861694219,0.0,0.0,3944.17
1758861694319,0.0,0.0,3944.17
1758861694419,0.0,0.0,3944.17
1758861694519,0.0,0.0,3944.17
1758861694619,0.0,0.0,3944.17
1758861694719,0.0,0.0,3944.17
1758861694819,0.0,0.0,3944.17
1758861694919,0.0,0.0,3944.17
1758861695018,0.0,0.0,3944.17
1758861695118,0.0,0.0,3944.17
1758861695218,0.0,0.0,3944.17
1758861695318,0.0,0.0,3944.17
1758861695418,0.0,0.0,3944.17
1758861695518,0.0,0.0,3944.17
1758861695618,0.0,0.0,3944.17
1758861695718,0.0,0.0,3944.17
1758861695818,0.0,0.0,3944.17
1758861695918,0.0,0.0,3944.17
1758861696018,0.0,0.0,3944.17
1758861696118,0.0,0.0,3944.17
1758861696218,0.0,0.0,3944.17
1758861696318,0.0,0.0,3944.17
1758861696418,0.0,0.0,3944.17
1758861696518,0.0,0.0,3944.17
1758861696618,0.0,0.0,3944.17
1758861696718,0.0,0.0,3944.17
1758861696819,0.0,0.0,3944.17
1758861696919,0.0,0.0,3944.17
1758861697019,0.0,0.0,3944.17
1758861697119,0.0,0.0,3944.17
1758861697219,0.0,0.0,3944.17
1758861697318,0.0,0.0,3944.17
1758861697419,0.0,0.0,3944.17
1758861697519,0.0,0.0,3944.17
1758861697619,0.0,0.0,3944.17
1758861697718,0.0,0.0,3944.17
1758861697818,0.0,0.0,3944.17
1758861697929,0.0,0.0,3944.17
1758861698019,0.0,0.0,3944.17
1758861698119,0.0,0.0,3944.17
1758861698218,0.0,0.0,3944.17
1758861698319,0.0,0.0,3944.17
1758861698418,0.0,0.0,3944.17
1758861698519,0.0,0.0,3944.16
1758861698618,0.0,0.0,3944.16
1758861698718,0.0,0.0,3944.16
1758861698819,0.0,0.0,3944.16
1758861698918,0.0,0.0,3944.16
1758861699018,0.0,0.0,3944.16
1758861699218,0.0,0.0,3944.16
1758861699318,0.0,0.0,3944.16
1758861699418,0.0,0.0,3944.16
1758861699518,0.0,0.0,3944.16
1758861699618,0.0,0.0,3944.16
1758861699718,0.0,0.0,3944.16
1758861699918,0.0,0.0,3944.16
1758861700018,0.0,0.0,3944.16
1758861700118,0.0,0.0,3944.16
1758861700218,0.0,0.0,3944.16
1758861700318,0.0,0.0,3944.16
1758861700421,0.0,0.0,3944.16
1758861700519,0.0,0.0,3944.16
1758861700619,0.0,0.0,3944.16
1758861700719,0.0,0.0,3944.16
1758861700819,0.0,0.0,3944.16
1758861700919,0.0,0.0,3944.16
1758861701019,0.0,0.0,3944.16
1758861701119,0.0,0.0,3944.16
1758861701219,0.0,0.0,3944.16
1758861701419,0.0,0.0,3944.16
1758861701518,0.0,0.0,3944.16
1758861701619,0.0,0.0,3944.16
1758861701719,0.0,0.0,3944.07
1758861701819,0.0,0.0,3943.97
1758861701918,0.0,0.0,3943.97
1758861702019,0.0,0.0,3943.97
1758861702119,0.0,0.0,3943.97
1758861702219,0.0,0.0,3943.97
1758861702318,0.0,0.0,3943.97
1758861702419,0.0,0.0,3943.97
1758861702519,0.0,0.0,3943.97
1758861702618,0.0,0.0,3943.97
1758861702719,0.0,0.0,3943.97
1758861702819,0.0,0.0,3943.97
1758861702921,0.0,0.0,3943.97
1758861703052,0.0,0.0,3943.93
1758861703120,0.0,0.0,3943.93
1758861703219,0.0,0.0,3943.93
1758861703319,0.0,0.0,3943.93
1758861703418,0.0,0.0,3943.93
1758861703519,0.0,0.0,3943.93
1758861703618,0.0,0.0,3943.93
1758861703719,0.0,0.0,3943.93
1758861703819,0.0,0.0,3943.93
1758861703918,0.0,0.0,3943.76
1758861704018,0.0,0.0,3943.53
1758861704119,0.0,0.0,3943.53
1758861704219,0.0,0.0,3943.53
1758861704318,0.0,0.0,3943.53
1758861704418,0.0,0.0,3943.53
1758861704518,0.0,0.0,3943.53
1758861704618,0.0,0.0,3943.53
1758861704718,0.0,0.0,3943.53
1758861704818,0.0,0.0,3943.53
1758861704918,0.0,0.0,3943.53
1758861705018,0.0,0.0,3943.53
1758861705118,0.0,0.0,3943.53
1758861705218,0.0,0.0,3943.53
1758861705319,0.0,0.0,3943.53
1758861705419,0.0,0.0,3943.53
1758861705519,0.0,0.0,3943.53
1758861705619,0.0,0.0,3943.53
1758861705718,0.0,0.0,3943.53
1758861705819,0.0,0.0,3943.53
1758861705918,0.0,0.0,3943.53
1758861706019,0.0,0.0,3943.53
1758861706119,0.0,0.0,3943.53
1758861706219,0.0,0.0,3943.53
1758861706319,0.0,0.0,3943.54
1758861706423,0.0,0.0,3943.34
1758861706519,0.0,0.0,3943.34
1758861706619,0.0,0.0,3943.34
1758861706719,0.0,0.0,3943.17
1758861706819,0.0,0.0,3943.17
1758861706919,0.0,0.0,3943.17
1758861707018,0.0,0.0,3943.17
1758861707119,0.0,0.0,3943.17
1758861707218,0.0,0.0,3943.17
1758861707318,0.0,0.0,3943.17
1758861707418,0.0,0.0,3943.17
1758861707518,0.0,0.0,3943.17
1758861707618,0.0,0.0,3943.17
1758861707718,0.0,0.0,3943.17
1758861707818,0.0,0.0,3943.17
1758861707918,0.0,0.0,3943.17
1758861708019,0.0,0.0,3943.17
1758861708146,0.0,0.0,3943.17
1758861708233,0.0,0.0,3943.17
1758861708318,0.0,0.0,3943.17
1758861708418,0.0,0.0,3943.17
1758861708518,0.0,0.0,3943.17
1758861708618,0.0,0.0,3943.17
1758861708719,0.0,0.0,3943.17
1758861708819,0.0,0.0,3943.17
1758861708919,0.0,0.0,3943.14
1758861709019,0.0,0.0,3943.14
1758861709119,0.0,0.0,3943.14
1758861709219,0.0,0.0,3943.14
1758861709319,0.0,0.0,3943.14
1758861709419,0.0,0.0,3943.14
1758861709519,0.0,0.0,3943.14
1758861709619,0.0,0.0,3943.14
1758861709719,0.0,0.0,3943.14
1758861709819,0.0,0.0,3943.14
1758861709919,0.0,0.0,3942.75
1758861710019,0.0,0.0,3942.75
1758861710118,0.0,0.0,3942.75
1758861710218,0.0,0.0,3942.74
1758861710318,0.0,0.0,3942.74
1758861710418,0.0,0.0,3942.74
1758861710522,0.0,0.0,3942.74
1758861710619,0.0,0.0,3942.74
1758861710719,0.0,0.0,3942.74
1758861710819,0.0,0.0,3942.74
1758861710918,0.0,0.0,3942.74
1758861711018,0.0,0.0,3942.74
1758861711119,0.0,0.0,3942.74
1758861711219,0.0,0.0,3942.74
1758861711319,0.0,0.0,3942.74
1758861711419,0.0,0.0,3942.74
1758861711519,0.0,0.0,3942.74
1758861711619,0.0,0.0,3942.74
1758861711719,0.0,0.0,3942.74
1758861711819,0.0,0.0,3942.74
1758861711919,0.0,0.0,3942.74
1758861712019,0.0,0.0,3942.74
1758861712118,0.0,0.0,3942.74
1758861712218,0.0,0.0,3942.74
1758861712318,0.0,0.0,3942.74
1758861712418,0.0,0.0,3942.74
1758861712519,0.0,0.0,3942.74
1758861712618,0.0,0.0,3942.74
1758861712718,0.0,0.0,3942.74
1758861712918,0.0,0.0,3942.74
1758861713018,0.0,0.0,3942.74
1758861713118,0.0,0.0,3942.74
1758861713222,0.0,0.0,3942.74
1758861713319,0.0,0.0,3942.74
1758861713419,0.0,0.0,3942.74
1758861713519,0.0,0.0,3942.74
1758861713619,0.0,0.0,3942.74
1758861713719,0.0,0.0,3942.74
1758861713819,0.0,0.0,3942.74
1758861713919,0.0,0.0,3942.74
1758861714019,0.0,0.0,3942.74
1758861714119,0.0,0.0,3942.74
1758861714219,0.0,0.0,3942.74
1758861714319,0.0,0.0,3942.74
1758861714419,0.0,0.0,3942.74
1758861714519,0.0,0.0,3942.74
1758861714619,0.0,0.0,3942.74
1758861714719,0.0,0.0,3942.74
1758861714818,0.0,0.0,3942.74
1758861714918,0.0,0.0,3942.74
1758861715019,0.0,0.0,3942.74
1758861715119,0.0,0.0,3942.74
1758861715218,0.0,0.0,3942.74
1758861715319,0.0,0.0,3942.74
1758861715419,0.0,0.0,3942.74
1758861715518,0.0,0.0,3942.74
1758861715618,0.0,0.0,3942.74
1758861715718,0.0,0.0,3942.75
1758861715818,0.0,0.0,3942.75
1758861715918,0.0,0.0,3942.75
1758861716018,0.0,0.0,3942.75
1758861716119,0.0,0.0,3942.75
1758861716218,0.0,0.0,3942.75
1758861716318,0.0,0.0,3942.75
1758861716418,0.0,0.0,3942.75
1758861716518,0.0,0.0,3942.75
1758861716618,0.0,0.0,3942.75
1758861716718,0.0,0.0,3942.75
1758861716818,0.0,0.0,3942.75
1758861716918,0.0,0.0,3942.75
1758861717018,0.0,0.0,3942.75
1758861717118,0.0,0.0,3942.75
1758861717218,0.0,0.0,3942.75
1758861717318,0.0,0.0,3942.74
1758861717418,0.0,0.0,3942.74
1758861717519,0.0,0.0,3942.74
1758861717619,0.0,0.0,3942.74
1758861717719,0.0,0.0,3942.74
1758861717819,0.0,0.0,3942.74
1758861717919,0.0,0.0,3942.74
1758861718018,0.0,0.0,3942.74
1758861718118,0.0,0.0,3942.74
1758861718218,0.0,0.0,3942.74
1758861718321,0.0,0.0,3942.74
1758861718422,0.0,0.0,3942.74
1758861718518,0.0,0.0,3942.74
1758861718618,0.0,0.0,3942.74
1758861718718,0.0,0.0,3942.75
1758861718819,0.0,0.0,3942.75
1758861718919,0.0,0.0,3942.75
1758861719019,0.0,0.0,3942.75
1758861719119,0.0,0.0,3942.75
1758861719219,0.0,0.0,3942.75
1758861719319,0.0,0.0,3942.75
1758861719419,0.0,0.0,3942.75
1758861719518,0.0,0.0,3942.75
1758861719619,0.0,0.0,3942.75
1758861719719,0.0,0.0,3942.75
1758861719819,0.0,0.0,3942.75
1758861719918,0.0,0.0,3942.75
1758861720019,0.0,0.0,3942.75
1758861720119,0.0,0.0,3942.75
1758861720219,0.0,0.0,3942.75
1758861720318,0.0,0.0,3942.75
1758861720419,0.0,0.0,3942.75
1758861720518,0.0,0.0,3942.75
1758861720618,0.0,0.0,3942.75
1758861720718,0.0,0.0,3942.75
1758861720818,0.0,0.0,3942.75
1758861720918,0.0,0.0,3942.75
1758861721018,0.0,0.0,3942.75
1758861721119,0.0,0.0,3942.75
1758861721219,0.0,0.0,3942.75
1758861721319,0.0,0.0,3942.75
1758861721420,0.0,0.0,3942.75
1758861721519,0.0,0.0,3942.75
1758861721619,0.0,0.0,3942.75
1758861721719,0.0,0.0,3942.75
1758861721819,0.0,0.0,3942.75
1758861721919,0.0,0.0,3942.75
1758861722019,0.0,0.0,3942.75
1758861722119,0.0,0.0,3942.75
1758861722219,0.0,0.0,3942.75
1758861722319,0.0,0.0,3942.75
1758861722418,0.0,0.0,3942.75
1758861722518,0.0,0.0,3942.75
1758861722618,0.0,0.0,3942.75
1758861722718,0.0,0.0,3942.75
1758861722819,0.0,0.0,3942.75
1758861722918,0.0,0.0,3942.75
1758861723018,0.0,0.0,3942.75
1758861723118,0.0,0.0,3942.75
1758861723218,0.0,0.0,3942.75
1758861723334,0.0,0.0,3942.75
1758861723420,0.0,0.0,3942.75
1758861723518,0.0,0.0,3942.75
1758861723619,0.0,0.0,3942.75
1758861723719,0.0,0.0,3942.75
1758861723819,0.0,0.0,3942.75
1758861723919,0.0,0.0,3942.75
1758861724019,0.0,0.0,3942.75
1758861724119,0.0,0.0,3942.75
1758861724219,0.0,0.0,3942.75
1758861724319,0.0,0.0,3942.94
1758861724419,0.0,0.0,3943.0
1758861724520,0.0,0.0,3943.0
1758861724619,0.0,0.0,3943.0
1758861724719,0.0,0.0,3943.0
1758861724819,0.0,0.0,3943.0
1758861724931,0.0,0.0,3943.53
1758861725019,0.0,0.0,3943.53
1758861725119,0.0,0.0,3943.97
1758861725219,0.0,0.0,3943.97
1758861725319,0.0,0.0,3943.97
1758861725419,0.0,0.0,3943.97
1758861725518,0.0,0.0,3943.97
1758861725618,0.0,0.0,3943.97
1758861725719,0.0,0.0,3943.97
1758861725819,0.0,0.0,3943.97
1758861725919,0.0,0.0,3943.97
1758861726019,0.0,0.0,3943.97
1758861726119,0.0,0.0,3943.97
1758861726219,0.0,0.0,3943.97
1758861726319,0.0,0.0,3943.97
1758861726419,0.0,0.0,3943.97
1758861726518,0.0,0.0,3943.97
1758861726618,0.0,0.0,3943.97
1758861726718,0.0,0.0,3943.97
1758861726819,0.0,0.0,3943.97
1758861726918,0.0,0.0,3943.97
1758861727018,0.0,0.0,3943.97
1758861727119,0.0,0.0,3943.97
1758861727219,0.0,0.0,3943.97
1758861727319,0.0,0.0,3943.97
1758861727419,0.0,0.0,3943.97
1758861727519,0.0,0.0,3943.97
1758861727618,0.0,0.0,3943.97
1758861727719,0.0,0.0,3943.97
1758861727818,0.0,0.0,3943.97
1758861727919,0.0,0.0,3943.97
1758861728018,0.0,0.0,3943.97
1758861728119,0.0,0.0,3943.97
1758861728218,0.0,0.0,3943.97
1758861728318,0.0,0.0,3943.97
1758861728429,0.0,0.0,3943.97
1758861728524,0.0,0.0,3943.42
1758861728619,0.0,0.0,3942.86
1758861728719,0.0,0.0,3942.86
1758861728819,0.0,0.0,3942.86
1758861728919,0.0,0.0,3942.86
1758861729018,0.0,0.0,3942.86
1758861729118,0.0,0.0,3942.86
1758861729219,0.0,0.0,3942.86
1758861729319,0.0,0.0,3942.86
1758861729419,0.0,0.0,3942.86
1758861729519,0.0,0.0,3942.86
1758861729619,0.0,0.0,3942.86
1758861729719,0.0,0.0,3942.86
1758861729819,0.0,0.0,3942.86
1758861729919,0.0,0.0,3942.86
1758861730019,0.0,0.0,3942.86
1758861730119,0.0,0.0,3942.86
1758861730219,0.0,0.0,3942.86
1758861730319,0.0,0.0,3942.86
1758861730419,0.0,0.0,3942.86
1758861730519,0.0,0.0,3942.86
1758861730619,0.0,0.0,3942.86
1758861730719,0.0,0.0,3942.86
1758861730819,0.0,0.0,3942.86
1758861730918,0.0,0.0,3942.86
1758861731018,0.0,0.0,3942.86
1758861731119,0.0,0.0,3942.86
1758861731219,0.0,0.0,3942.86
1758861731319,0.0,0.0,3942.86
1758861731419,0.0,0.0,3942.86
1758861731519,0.0,0.0,3942.86
1758861731618,0.0,0.0,3942.86
1758861731719,0.0,0.0,3942.86
1758861731819,0.0,0.0,3942.86
1758861731919,0.0,0.0,3942.86
1758861732019,0.0,0.0,3942.86
1758861732119,0.0,0.0,3942.86
1758861732219,0.0,0.0,3942.86
1758861732320,0.0,0.0,3942.86
1758861732419,0.0,0.0,3942.86
1758861732519,0.0,0.0,3942.86
1758861732619,0.0,0.0,3942.86
1758861732719,0.0,0.0,3942.86
1758861732819,0.0,0.0,3942.86
1758861732919,0.0,0.0,3942.86
1758861733019,0.0,0.0,3942.86
1758861733119,0.0,0.0,3942.86
1758861733219,0.0,0.0,3942.86
1758861733319,0.0,0.0,3942.86
1758861733419,0.0,0.0,3942.86
1758861733521,0.0,0.0,3942.86
1758861733623,0.0,0.0,3942.86
1758861733719,0.0,0.0,3942.86
1758861733819,0.0,0.0,3942.86
1758861733919,0.0,0.0,3942.87
1758861734019,0.0,0.0,3942.87
1758861734119,0.0,0.0,3942.87
1758861734219,0.0,0.0,3942.87
1758861734319,0.0,0.0,3942.87
1758861734419,0.0,0.0,3942.87
1758861734519,0.0,0.0,3942.87
1758861734618,0.0,0.0,3942.87
1758861734719,0.0,0.0,3942.87
1758861734819,0.0,0.0,3942.87
1758861734919,0.0,0.0,3942.87
1758861735019,0.0,0.0,3942.87
1758861735119,0.0,0.0,3942.87
1758861735219,0.0,0.0,3942.87
1758861735319,0.0,0.0,3942.87
1758861735418,0.0,0.0,3942.87
1758861735518,0.0,0.0,3942.87
1758861735618,0.0,0.0,3942.87
1758861735719,0.0,0.0,3942.87
1758861735818,0.0,0.0,3942.87
1758861735918,0.0,0.0,3942.87
1758861736019,0.0,0.0,3942.87
1758861736119,0.0,0.0,3942.87
1758861736219,0.0,0.0,3942.87
1758861736319,0.0,0.0,3942.86
1758861736419,0.0,0.0,3942.86
1758861736519,0.0,0.0,3942.86
1758861736619,0.0,0.0,3942.86
1758861736719,0.0,0.0,3942.86
1758861736819,0.0,0.0,3942.86
1758861736919,0.0,0.0,3942.86
1758861737019,0.0,0.0,3942.86
1758861737119,0.0,0.0,3942.86
1758861737219,0.0,0.0,3942.86
1758861737319,0.0,0.0,3942.86
1758861737419,0.0,0.0,3942.86
1758861737518,0.0,0.0,3942.86
1758861737619,0.0,0.0,3942.86
1758861737719,0.0,0.0,3942.86
1758861737819,0.0,0.0,3942.86
1758861737919,0.0,0.0,3942.86
1758861738019,0.0,0.0,3942.86
1758861738118,0.0,0.0,3942.86
1758861738418,0.0,0.0,3942.86
1758861738518,0.0,0.0,3942.86
1758861738639,0.0,0.0,3942.86
1758861738734,0.0,0.0,3942.86
1758861738818,0.0,0.0,3942.86
1758861738918,0.0,0.0,3942.86
1758861739019,0.0,0.0,3942.86
1758861739119,0.0,0.0,3942.86
1758861739219,0.0,0.0,3942.86
1758861739319,0.0,0.0,3942.86
1758861739419,0.0,0.0,3942.86
1758861739519,0.0,0.0,3942.86
1758861739619,0.0,0.0,3942.86
1758861739719,0.0,0.0,3942.86
1758861739819,0.0,0.0,3942.86
1758861739919,0.0,0.0,3942.86
1758861740019,0.0,0.0,3942.86
1758861740119,0.0,0.0,3942.86
1758861740219,0.0,0.0,3942.86
1758861740319,0.0,0.0,3942.86
1758861740419,0.0,0.0,3942.86
1758861740519,0.0,0.0,3942.86
1758861740619,0.0,0.0,3942.86
1758861740719,0.0,0.0,3942.86
1758861740819,0.0,0.0,3942.86
1758861740918,0.0,0.0,3942.86
1758861741018,0.0,0.0,3942.86
1758861741218,0.0,0.0,3942.86
1758861741318,0.0,0.0,3942.86
1758861741418,0.0,0.0,3942.86
1758861741518,0.0,0.0,3942.86
1758861741618,0.0,0.0,3942.86
1758861741718,0.0,0.0,3942.87
1758861741819,0.0,0.0,3942.87
1758861741918,0.0,0.0,3942.86
1758861742019,0.0,0.0,3942.86
1758861742119,0.0,0.0,3942.86
1758861742219,0.0,0.0,3942.86
1758861742319,0.0,0.0,3942.86
1758861742419,0.0,0.0,3942.86
1758861742519,0.0,0.0,3942.86
1758861742619,0.0,0.0,3942.86
1758861742719,0.0,0.0,3942.86
1758861742819,0.0,0.0,3942.86
1758861742919,0.0,0.0,3942.86
1758861743019,0.0,0.0,3942.86
1758861743119,0.0,0.0,3942.86
1758861743219,0.0,0.0,3942.86
1758861743319,0.0,0.0,3942.86
1758861743419,0.0,0.0,3942.86
1758861743519,0.0,0.0,3942.86
1758861743619,0.0,0.0,3942.86
1758861743721,0.0,0.0,3942.86
1758861743822,0.0,0.0,3942.86
1758861743920,0.0,0.0,3942.86
1758861744020,0.0,0.0,3942.86
1758861744119,0.0,0.0,3942.86
1758861744219,0.0,0.0,3942.86
1758861744319,0.0,0.0,3942.86
1758861744419,0.0,0.0,3942.86
1758861744519,0.0,0.0,3942.86
1758861744619,0.0,0.0,3942.86
1758861744719,0.0,0.0,3942.86
1758861744819,0.0,0.0,3942.86
1758861744919,0.0,0.0,3942.86
1758861745018,0.0,0.0,3942.86
1758861745119,0.0,0.0,3942.86
1758861745219,0.0,0.0,3942.86
1758861745319,0.0,0.0,3942.86
1758861745419,0.0,0.0,3942.86
1758861745518,0.0,0.0,3942.86
1758861745619,0.0,0.0,3942.86
1758861745719,0.0,0.0,3942.86
1758861745818,0.0,0.0,3942.86
1758861745919,0.0,0.0,3942.86
1758861746019,0.0,0.0,3942.86
1758861746119,0.0,0.0,3942.86
1758861746218,0.0,0.0,3942.86
1758861746319,0.0,0.0,3942.86
1758861746419,0.0,0.0,3942.87
1758861746518,0.0,0.0,3942.87
1758861746618,0.0,0.0,3942.87
1758861746719,0.0,0.0,3942.87
1758861746819,0.0,0.0,3942.87
1758861746919,0.0,0.0,3942.87
1758861747019,0.0,0.0,3942.87
1758861747119,0.0,0.0,3942.87
1758861747219,0.0,0.0,3942.87
1758861747319,0.0,0.0,3942.87
1758861747419,0.0,0.0,3942.87
1758861747519,0.0,0.0,3942.87
1758861747619,0.0,0.0,3942.87
1758861747719,0.0,0.0,3942.87
1758861747819,0.0,0.0,3942.87
1758861747939,0.0,0.0,3943.47
1758861748019,0.0,0.0,3943.47
1758861748119,0.0,0.0,3943.47
1758861748219,0.0,0.0,3943.47
1758861748319,0.0,0.0,3943.47
1758861748419,0.0,0.0,3943.47
1758861748519,0.0,0.0,3943.47
1758861748619,0.0,0.0,3943.53
1758861748719,0.0,0.0,3943.53
1758861748819,0.0,0.0,3943.53
1758861748919,0.0,0.0,3943.53
1758861749019,0.0,0.0,3943.53
1758861749119,0.0,0.0,3943.53
1758861749219,0.0,0.0,3943.53
1758861749319,0.0,0.0,3943.52
1758861749419,0.0,0.0,3943.53
1758861749519,0.0,0.0,3943.53
1758861749619,0.0,0.0,3943.53
1758861749719,0.0,0.0,3943.53
1758861749819,0.0,0.0,3943.53
1758861749919,0.0,0.0,3943.53
1758861750018,0.0,0.0,3943.53
1758861750118,0.0,0.0,3943.53
1758861750219,0.0,0.0,3943.53
1758861750319,0.0,0.0,3943.53
1758861750419,0.0,0.0,3943.54
1758861750520,0.0,0.0,3943.54
1758861750619,0.0,0.0,3943.54
1758861750719,0.0,0.0,3943.64
1758861750819,0.0,0.0,3943.64
1758861750919,0.0,0.0,3943.64
1758861751019,0.0,0.0,3943.64
1758861751119,0.0,0.0,3943.64
1758861751219,0.0,0.0,3943.64
1758861751318,0.0,0.0,3943.64
1758861751419,0.0,0.0,3943.64
1758861751519,0.0,0.0,3943.64
1758861751618,0.0,0.0,3943.64
1758861751719,0.0,0.0,3943.64
1758861751819,0.0,0.0,3943.64
1758861751918,0.0,0.0,3943.64
1758861752019,0.0,0.0,3943.64
1758861752118,0.0,0.0,3943.64
1758861752219,0.0,0.0,3943.64
1758861752318,0.0,0.0,3943.64
1758861752418,0.0,0.0,3943.64
1758861752519,0.0,0.0,3943.64
1758861752618,0.0,0.0,3943.64
1758861752719,0.0,0.0,3943.64
1758861752819,0.0,0.0,3943.64
1758861752918,0.0,0.0,3943.64
1758861753019,0.0,0.0,3943.64
1758861753119,0.0,0.0,3943.64
1758861753219,0.0,0.0,3943.64
1758861753319,0.0,0.0,3943.64
1758861753419,0.0,0.0,3943.64
1758861753519,0.0,0.0,3943.64
1758861753618,0.0,0.0,3943.64
1758861753718,0.0,0.0,3943.64
1758861753835,0.0,0.0,3943.64
1758861753919,0.0,0.0,3943.64
1758861754022,0.0,0.0,3943.64
1758861754119,0.0,0.0,3943.64
1758861754219,0.0,0.0,3943.64
1758861754320,0.0,0.0,3943.64
1758861754419,0.0,0.0,3943.64
1758861754519,0.0,0.0,3943.64
1758861754619,0.0,0.0,3943.64
1758861754719,0.0,0.0,3943.64
1758861754819,0.0,0.0,3943.64
1758861754919,0.0,0.0,3943.64
1758861755019,0.0,0.0,3943.64
1758861755119,0.0,0.0,3943.64
1758861755219,0.0,0.0,3943.64
1758861755318,0.0,0.0,3943.64
1758861755419,0.0,0.0,3943.64
1758861755519,0.0,0.0,3943.64
1758861755619,0.0,0.0,3943.64
1758861755719,0.0,0.0,3943.64
1758861755819,0.0,0.0,3943.64
1758861755919,0.0,0.0,3943.64
1758861756019,0.0,0.0,3943.64
1758861756119,0.0,0.0,3943.64
1758861756219,0.0,0.0,3943.64
1758861756319,0.0,0.0,3943.64
1758861756419,0.0,0.0,3943.64
1758861756519,0.0,0.0,3943.64
1758861756619,0.0,0.0,3943.64
1758861756718,0.0,0.0,3943.64
1758861756819,0.0,0.0,3943.64
1758861756918,0.0,0.0,3943.64
1758861757018,0.0,0.0,3943.65
1758861757118,0.0,0.0,3943.65
1758861757220,0.0,0.0,3943.65
1758861757320,0.0,0.0,3943.65
1758861757420,0.0,0.0,3943.65
1758861757519,0.0,0.0,3943.7
1758861757619,0.0,0.0,3943.7
1758861757719,0.0,0.0,3943.7
1758861757819,0.0,0.0,3943.7
1758861757919,0.0,0.0,3943.7
1758861758019,0.0,0.0,3943.7
1758861758119,0.0,0.0,3943.7
1758861758219,0.0,0.0,3943.71
1758861758319,0.0,0.0,3943.71
1758861758419,0.0,0.0,3943.71
1758861758519,0.0,0.0,3943.71
1758861758618,0.0,0.0,3943.71
1758861758719,0.0,0.0,3943.71
1758861758819,0.0,0.0,3943.71
1758861758920,0.0,0.0,3943.71
1758861759019,0.0,0.0,3943.71
1758861759126,0.0,0.0,3943.71
1758861759219,0.0,0.0,3943.71
1758861759319,0.0,0.0,3943.71
1758861759419,0.0,0.0,3943.71
1758861759519,0.0,0.0,3943.71
1758861759619,0.0,0.0,3943.71
1758861759719,0.0,0.0,3943.71
1758861759819,0.0,0.0,3943.71
1758861759919,0.0,0.0,3943.71
1758861760018,0.0,0.0,3943.71
1758861760118,0.0,0.0,3943.71
1758861760224,0.0,0.0,3943.7
1758861760337,0.0,0.0,3943.14
1758861760419,0.0,0.0,3943.0
1758861760519,0.0,0.0,3942.99
1758861760620,0.0,0.0,3942.99
1758861760719,0.0,0.0,3943.0
1758861760819,0.0,0.0,3943.0
1758861760919,0.0,0.0,3943.0
1758861761020,0.0,0.0,3943.0
1758861761119,0.0,0.0,3943.0
1758861761219,0.0,0.0,3943.0
1758861761319,0.0,0.0,3943.0
1758861761419,0.0,0.0,3943.0
1758861761519,0.0,0.0,3943.0
1758861761618,0.0,0.0,3943.0
1758861761719,0.0,0.0,3942.77
1758861761819,0.0,0.0,3942.77
1758861761919,0.0,0.0,3942.77
1758861762020,0.0,0.0,3942.77
1758861762119,0.0,0.0,3942.77
1758861762219,0.0,0.0,3942.77
1758861762319,0.0,0.0,3942.77
1758861762419,0.0,0.0,3942.77
1758861762519,0.0,0.0,3942.77
1758861762619,0.0,0.0,3942.77
1758861762719,0.0,0.0,3942.77
1758861762819,0.0,0.0,3942.77
1758861762919,0.0,0.0,3942.77
1758861763019,0.0,0.0,3942.77
1758861763120,0.0,0.0,3942.77
1758861763219,0.0,0.0,3942.77
1758861763319,0.0,0.0,3942.77
1758861763419,0.0,0.0,3942.77
1758861763519,0.0,0.0,3942.77
1758861763619,0.0,0.0,3942.77
1758861763719,0.0,0.0,3942.77
1758861763820,0.0,0.0,3942.77
1758861763919,0.0,0.0,3942.77
1758861764023,0.0,0.0,3942.77
1758861764119,0.0,0.0,3942.77
1758861764219,0.0,0.0,3942.77
1758861764318,0.0,0.0,3942.77
1758861764419,0.0,0.0,3942.77
1758861764519,0.0,0.0,3942.77
1758861764619,0.0,0.0,3942.77
1758861764719,0.0,0.0,3942.77
1758861764819,0.0,0.0,3942.77
1758861764919,0.0,0.0,3942.77
1758861765019,0.0,0.0,3942.77
1758861765118,0.0,0.0,3942.77
1758861765219,0.0,0.0,3942.77
1758861765319,0.0,0.0,3942.77
1758861765419,0.0,0.0,3942.77
1758861765519,0.0,0.0,3942.77
1758861765619,0.0,0.0,3942.75
1758861765719,0.0,0.0,3942.75
1758861765819,0.0,0.0,3942.75
1758861765919,0.0,0.0,3942.75
1758861766019,0.0,0.0,3942.75
1758861766119,0.0,0.0,3942.75
1758861766219,0.0,0.0,3942.75
1758861766319,0.0,0.0,3942.75
1758861766419,0.0,0.0,3942.75
1758861766519,0.0,0.0,3942.75
1758861766619,0.0,0.0,3942.75
1758861766719,0.0,0.0,3942.75
1758861766818,0.0,0.0,3942.75
1758861766919,0.0,0.0,3942.75
1758861767019,0.0,0.0,3942.75
1758861767119,0.0,0.0,3942.75
1758861767219,0.0,0.0,3942.75
1758861767318,0.0,0.0,3942.75
1758861767419,0.0,0.0,3942.75
1758861767519,0.0,0.0,3942.75
1758861767622,0.0,0.0,3942.35
1758861767719,0.0,0.0,3942.35
1758861767819,0.0,0.0,3942.27
1758861767918,0.0,0.0,3942.27
1758861768018,0.0,0.0,3942.27
1758861768118,0.0,0.0,3942.27
1758861768219,0.0,0.0,3942.27
1758861768320,0.0,0.0,3942.27
1758861768419,0.0,0.0,3942.27
1758861768519,0.0,0.0,3942.27
1758861768619,0.0,0.0,3942.27
1758861768719,0.0,0.0,3942.27
1758861768820,0.0,0.0,3942.27
1758861768919,0.0,0.0,3942.27
1758861769019,0.0,0.0,3942.27
1758861769144,0.0,0.0,3942.27
1758861769228,0.0,0.0,3942.27
1758861769319,0.0,0.0,3942.27
1758861769419,0.0,0.0,3942.27
1758861769519,0.0,0.0,3942.27
1758861769619,0.0,0.0,3942.27
1758861769719,0.0,0.0,3942.27
1758861769819,0.0,0.0,3942.27
1758861769919,0.0,0.0,3942.27
1758861770019,0.0,0.0,3942.27
1758861770119,0.0,0.0,3942.27
1758861770219,0.0,0.0,3942.16
1758861770319,0.0,0.0,3942.16
1758861770419,0.0,0.0,3942.16
1758861770518,0.0,0.0,3942.16
1758861770619,0.0,0.0,3942.16
1758861770718,0.0,0.0,3942.16
1758861770819,0.0,0.0,3942.16
1758861770919,0.0,0.0,3942.16
1758861771019,0.0,0.0,3942.16
1758861771120,0.0,0.0,3942.16
1758861771219,0.0,0.0,3942.16
1758861771319,0.0,0.0,3942.16
1758861771420,0.0,0.0,3942.16
1758861771519,0.0,0.0,3942.16
1758861771619,0.0,0.0,3942.16
1758861771719,0.0,0.0,3942.16
1758861771819,0.0,0.0,3942.16
1758861771919,0.0,0.0,3942.16
1758861772019,0.0,0.0,3942.16
1758861772119,0.0,0.0,3942.16
1758861772219,0.0,0.0,3942.16
1758861772319,0.0,0.0,3942.16
1758861772419,0.0,0.0,3942.16
1758861772519,0.0,0.0,3942.16
1758861772619,0.0,0.0,3942.16
1758861772719,0.0,0.0,3942.16
1758861772819,0.0,0.0,3942.16
1758861772919,0.0,0.0,3942.16
1758861773019,0.0,0.0,3942.16
1758861773119,0.0,0.0,3942.16
1758861773219,0.0,0.0,3942.16
1758861773318,0.0,0.0,3942.16
1758861773419,0.0,0.0,3942.16
1758861773519,0.0,0.0,3942.16
1758861773619,0.0,0.0,3942.16
1758861773719,0.0,0.0,3942.16
1758861773820,0.0,0.0,3942.16
1758861773920,0.0,0.0,3942.16
1758861774019,0.0,0.0,3942.16
1758861774119,0.0,0.0,3942.16
1758861774225,0.0,0.0,3942.16
1758861774321,0.0,0.0,3942.16
1758861774419,0.0,0.0,3942.15
1758861774519,0.0,0.0,3942.15
1758861774619,0.0,0.0,3942.15
1758861774718,0.0,0.0,3942.15
1758861774820,0.0,0.0,3942.15
1758861774919,0.0,0.0,3942.15
1758861775020,0.0,0.0,3942.15
1758861775120,0.0,0.0,3942.15
1758861775232,0.0,0.0,3941.76
1758861775347,0.0,0.0,3941.13
1758861775420,0.0,0.0,3941.13
1758861775520,0.0,0.0,3941.12
1758861775619,0.0,0.0,3941.12
1758861775720,0.0,0.0,3941.12
1758861775819,0.0,0.0,3941.12
1758861775919,0.0,0.0,3941.12
1758861776019,0.0,0.0,3941.12
1758861776119,0.0,0.0,3941.12
1758861776219,0.0,0.0,3941.12
1758861776319,0.0,0.0,3941.12
1758861776420,0.0,0.0,3941.12
1758861776519,0.0,0.0,3941.12
1758861776619,0.0,0.0,3941.11
1758861776719,0.0,0.0,3941.11
1758861776819,0.0,0.0,3941.11
1758861776919,0.0,0.0,3941.11
1758861777019,0.0,0.0,3941.11
1758861777119,0.0,0.0,3941.11
1758861777220,0.0,0.0,3941.11
1758861777319,0.0,0.0,3941.0
1758861777419,0.0,0.0,3941.0
1758861777519,0.0,0.0,3940.98
1758861777619,0.0,0.0,3940.98
1758861777719,0.0,0.0,3940.98
1758861777819,0.0,0.0,3940.98
1758861777919,0.0,0.0,3940.68
1758861778019,0.0,0.0,3940.68
1758861778119,0.0,0.0,3940.68
1758861778219,0.0,0.0,3940.68
1758861778319,0.0,0.0,3940.68
1758861778419,0.0,0.0,3940.68
1758861778519,0.0,0.0,3940.68
1758861778619,0.0,0.0,3940.68
1758861778720,0.0,0.0,3940.68
1758861778819,0.0,0.0,3940.68
1758861778919,0.0,0.0,3940.68
1758861779020,0.0,0.0,3940.68
1758861779120,0.0,0.0,3940.68
1758861779219,0.0,0.0,3940.68
1758861779323,0.0,0.0,3940.68
1758861779419,0.0,0.0,3940.68
1758861779519,0.0,0.0,3940.68
1758861779619,0.0,0.0,3940.68
1758861779719,0.0,0.0,3940.68
1758861779819,0.0,0.0,3940.68
1758861779919,0.0,0.0,3940.68
1758861780019,0.0,0.0,3940.68
1758861780119,0.0,0.0,3940.68
1758861780219,0.0,0.0,3940.68
1758861780319,0.0,0.0,3940.68
1758861780419,0.0,0.0,3940.68
1758861780519,0.0,0.0,3940.68
1758861780618,0.0,0.0,3940.68
1758861780719,0.0,0.0,3940.68
1758861780820,0.0,0.0,3940.68
1758861780919,0.0,0.0,3940.69
1758861781019,0.0,0.0,3940.69
1758861781119,0.0,0.0,3940.69
1758861781219,0.0,0.0,3940.69
1758861781319,0.0,0.0,3940.69
1758861781419,0.0,0.0,3940.69
1758861781519,0.0,0.0,3940.69
1758861781618,0.0,0.0,3940.69
1758861781718,0.0,0.0,3940.69
1758861781819,0.0,0.0,3940.69
1758861781919,0.0,0.0,3940.69
1758861782019,0.0,0.0,3940.69
1758861782119,0.0,0.0,3940.69
1758861782219,0.0,0.0,3940.69
1758861782319,0.0,0.0,3940.69
1758861782419,0.0,0.0,3940.69
1758861782519,0.0,0.0,3940.69
1758861782619,0.0,0.0,3940.69
1758861782719,0.0,0.0,3940.69
1758861782819,0.0,0.0,3940.69
1758861782919,0.0,0.0,3940.69
1758861783019,0.0,0.0,3940.69
1758861783119,0.0,0.0,3940.69
1758861783219,0.0,0.0,3940.69
1758861783319,0.0,0.0,3940.69
1758861783419,0.0,0.0,3940.69
1758861783519,0.0,0.0,3940.68
1758861783619,0.0,0.0,3940.68
1758861783719,0.0,0.0,3940.68
1758861783820,0.0,0.0,3940.68
1758861783919,0.0,0.0,3940.68
1758861784020,0.0,0.0,3940.68
1758861784120,0.0,0.0,3940.68
1758861784220,0.0,0.0,3940.68
1758861784335,0.0,0.0,3940.68
1758861784424,0.0,0.0,3940.68
1758861784519,0.0,0.0,3940.68
1758861784619,0.0,0.0,3940.68
1758861784719,0.0,0.0,3940.67
1758861784819,0.0,0.0,3940.67
1758861784919,0.0,0.0,3940.67
1758861785019,0.0,0.0,3940.67
1758861785119,0.0,0.0,3940.67
1758861785219,0.0,0.0,3940.67
1758861785319,0.0,0.0,3940.67
1758861785420,0.0,0.0,3940.67
1758861785520,0.0,0.0,3940.67
1758861785619,0.0,0.0,3940.67
1758861785819,0.0,0.0,3940.67
1758861785919,0.0,0.0,3940.67
1758861786019,0.0,0.0,3940.67
1758861786120,0.0,0.0,3940.67
1758861786219,0.0,0.0,3940.67
1758861786319,0.0,0.0,3940.67
1758861786419,0.0,0.0,3940.67
1758861786519,0.0,0.0,3940.67
1758861786619,0.0,0.0,3940.67
1758861786719,0.0,0.0,3940.67
1758861786819,0.0,0.0,3940.67
1758861786920,0.0,0.0,3940.67
1758861787020,0.0,0.0,3940.67
1758861787120,0.0,0.0,3940.67
1758861787219,0.0,0.0,3940.67
1758861787320,0.0,0.0,3940.67
1758861787419,0.0,0.0,3940.67
1758861787519,0.0,0.0,3940.67
1758861787619,0.0,0.0,3940.67
1758861787719,0.0,0.0,3940.67
1758861787819,0.0,0.0,3940.67
1758861787919,0.0,0.0,3940.67
1758861788020,0.0,0.0,3940.67
1758861788119,0.0,0.0,3940.67
1758861788219,0.0,0.0,3940.67
1758861788320,0.0,0.0,3940.67
1758861788420,0.0,0.0,3940.67
1758861788519,0.0,0.0,3940.67
1758861788619,0.0,0.0,3940.67
1758861788719,0.0,0.0,3940.67
1758861788819,0.0,0.0,3940.67
1758861788919,0.0,0.0,3940.67
1758861789019,0.0,0.0,3940.67
1758861789119,0.0,0.0,3940.67
1758861789218,0.0,0.0,3940.67
1758861789319,0.0,0.0,3940.66
1758861789428,0.0,0.0,3940.66
1758861789527,0.0,0.0,3940.66
1758861789619,0.0,0.0,3940.66
1758861789719,0.0,0.0,3940.66
1758861789920,0.0,0.0,3940.66
1758861790019,0.0,0.0,3940.66
1758861790119,0.0,0.0,3940.66
1758861790219,0.0,0.0,3940.66
1758861790419,0.0,0.0,3940.66
1758861790519,0.0,0.0,3940.66
1758861790619,0.0,0.0,3940.66
1758861790720,0.0,0.0,3940.66
1758861790819,0.0,0.0,3940.66
1758861790919,0.0,0.0,3940.66
1758861791018,0.0,0.0,3940.67
1758861791119,0.0,0.0,3940.66
1758861791219,0.0,0.0,3940.66
1758861791319,0.0,0.0,3940.66
1758861791420,0.0,0.0,3940.66
1758861791519,0.0,0.0,3940.67
1758861791620,0.0,0.0,3940.66
1758861791720,0.0,0.0,3940.66
1758861791819,0.0,0.0,3940.66
1758861791919,0.0,0.0,3940.66
1758861792020,0.0,0.0,3940.66
1758861792119,0.0,0.0,3940.66
1758861792220,0.0,0.0,3940.66
1758861792320,0.0,0.0,3940.66
1758861792419,0.0,0.0,3940.66
1758861792519,0.0,0.0,3940.66
1758861792620,0.0,0.0,3940.66
1758861792720,0.0,0.0,3940.66
1758861792820,0.0,0.0,3940.66
1758861792919,0.0,0.0,3940.66
1758861793019,0.0,0.0,3940.66
1758861793119,0.0,0.0,3940.66
1758861793219,0.0,0.0,3940.66
1758861793319,0.0,0.0,3940.66
1758861793419,0.0,0.0,3940.66
1758861793519,0.0,0.0,3940.66
1758861793619,0.0,0.0,3940.66
1758861793719,0.0,0.0,3940.66
1758861793819,0.0,0.0,3940.66
1758861793919,0.0,0.0,3940.66
1758861794019,0.0,0.0,3940.66
1758861794119,0.0,0.0,3940.66
1758861794219,0.0,0.0,3940.66
1758861794319,0.0,0.0,3940.68
1758861794419,0.0,0.0,3940.67
1758861794524,0.0,0.0,3940.67
1758861794630,0.0,0.0,3940.67
1758861794721,0.0,0.0,3940.67
1758861794819,0.0,0.0,3940.67
1758861794919,0.0,0.0,3940.67
1758861795020,0.0,0.0,3940.67
1758861795119,0.0,0.0,3940.67
1758861795219,0.0,0.0,3940.67
1758861795319,0.0,0.0,3940.67
1758861795419,0.0,0.0,3940.67
1758861795519,0.0,0.0,3940.67
1758861795619,0.0,0.0,3940.67
1758861795719,0.0,0.0,3940.67
1758861795819,0.0,0.0,3940.68
1758861795919,0.0,0.0,3940.68
1758861796019,0.0,0.0,3940.68
1758861796119,0.0,0.0,3940.68
1758861796219,0.0,0.0,3940.68
1758861796319,0.0,0.0,3940.68
1758861796419,0.0,0.0,3940.68
1758861796519,0.0,0.0,3940.68
1758861796619,0.0,0.0,3940.68
1758861796719,0.0,0.0,3940.68
1758861796819,0.0,0.0,3940.67
1758861796919,0.0,0.0,3940.67
1758861797019,0.0,0.0,3940.67
1758861797119,0.0,0.0,3940.67
1758861797219,0.0,0.0,3940.67
1758861797318,0.0,0.0,3940.67
1758861797419,0.0,0.0,3940.67
1758861797520,0.0,0.0,3940.67
1758861797620,0.0,0.0,3940.67
1758861797720,0.0,0.0,3940.67
1758861797820,0.0,0.0,3940.67
1758861797920,0.0,0.0,3940.67
1758861798020,0.0,0.0,3940.67
1758861798119,0.0,0.0,3940.67
1758861798219,0.0,0.0,3940.67
1758861798319,0.0,0.0,3940.67
1758861798419,0.0,0.0,3940.67
1758861798519,0.0,0.0,3940.67
1758861798618,0.0,0.0,3940.67
1758861798719,0.0,0.0,3940.67
1758861798819,0.0,0.0,3940.67
1758861798919,0.0,0.0,3940.67
1758861799019,0.0,0.0,3940.67
1758861799119,0.0,0.0,3940.67
1758861799219,0.0,0.0,3940.67
1758861799319,0.0,0.0,3940.67
1758861799419,0.0,0.0,3940.67
1758861799519,0.0,0.0,3940.67
1758861799624,0.0,0.0,3940.67
1758861799720,0.0,0.0,3940.67
1758861799820,0.0,0.0,3940.67
1758861799920,0.0,0.0,3940.67
1758861800020,0.0,0.0,3940.67
1758861800119,0.0,0.0,3940.67
1758861800220,0.0,0.0,3940.67
1758861800319,0.0,0.0,3940.67
1758861800419,0.0,0.0,3940.67
1758861800519,0.0,0.0,3940.67
1758861800619,0.0,0.0,3940.67
1758861800719,0.0,0.0,3940.67
1758861800819,0.0,0.0,3940.67
1758861800919,0.0,0.0,3940.67
1758861801019,0.0,0.0,3940.67
1758861801119,0.0,0.0,3940.67
1758861801219,0.0,0.0,3940.67
1758861801319,0.0,0.0,3940.67
1758861801419,0.0,0.0,3940.67
1758861801519,0.0,0.0,3940.67
1758861801619,0.0,0.0,3940.67
1758861801719,0.0,0.0,3940.67
1758861801819,0.0,0.0,3940.67
1758861801919,0.0,0.0,3940.67
1758861802019,0.0,0.0,3940.67
1758861802219,0.0,0.0,3940.67
1758861802319,0.0,0.0,3940.67
1758861802419,0.0,0.0,3940.67
1758861802619,0.0,0.0,3940.67
1758861802719,0.0,0.0,3940.67
1758861802919,0.0,0.0,3940.67
1758861803019,0.0,0.0,3940.67
1758861803119,0.0,0.0,3940.67
1758861803219,0.0,0.0,3940.67
1758861803319,0.0,0.0,3940.67
1758861803419,0.0,0.0,3940.67
1758861803519,0.0,0.0,3940.67
1758861803619,0.0,0.0,3940.67
1758861803719,0.0,0.0,3940.67
1758861803820,0.0,0.0,3940.67
1758861803920,0.0,0.0,3940.67
1758861804019,0.0,0.0,3940.67
1758861804119,0.0,0.0,3940.67
1758861804219,0.0,0.0,3940.67
1758861804319,0.0,0.0,3940.67
1758861804419,0.0,0.0,3940.67
1758861804519,0.0,0.0,3940.67
1758861804619,0.0,0.0,3940.67
1758861804728,0.0,0.0,3940.67
1758861804824,0.0,0.0,3940.67
1758861804919,0.0,0.0,3940.67
1758861805020,0.0,0.0,3940.67
1758861805119,0.0,0.0,3940.67
1758861805219,0.0,0.0,3940.67
1758861805319,0.0,0.0,3940.67
1758861805419,0.0,0.0,3940.67
1758861805520,0.0,0.0,3940.67
1758861805619,0.0,0.0,3940.67
1758861805719,0.0,0.0,3940.67
1758861805820,0.0,0.0,3940.67
1758861805919,0.0,0.0,3940.67
1758861806019,0.0,0.0,3940.67
1758861806119,0.0,0.0,3940.67
1758861806219,0.0,0.0,3940.67
1758861806319,0.0,0.0,3940.67
1758861806419,0.0,0.0,3940.67
1758861806619,0.0,0.0,3940.67
1758861806719,0.0,0.0,3940.67
1758861806819,0.0,0.0,3940.67
1758861806919,0.0,0.0,3940.67
1758861807019,0.0,0.0,3940.67
1758861807119,0.0,0.0,3940.67
1758861807219,0.0,0.0,3940.68
1758861807319,0.0,0.0,3940.68
1758861807419,0.0,0.0,3940.68
1758861807519,0.0,0.0,3940.68
1758861807619,0.0,0.0,3940.68
1758861807719,0.0,0.0,3940.68
1758861807819,0.0,0.0,3940.68
1758861807919,0.0,0.0,3940.68
1758861808019,0.0,0.0,3940.68
1758861808119,0.0,0.0,3940.68
1758861808219,0.0,0.0,3940.68
1758861808320,0.0,0.0,3940.68
1758861808419,0.0,0.0,3940.68
1758861808520,0.0,0.0,3940.68
1758861808620,0.0,0.0,3940.68
1758861808719,0.0,0.0,3940.68
1758861808820,0.0,0.0,3940.68
1758861808919,0.0,0.0,3940.68
1758861809020,0.0,0.0,3940.68
1758861809120,0.0,0.0,3940.68
1758861809220,0.0,0.0,3940.68
1758861809320,0.0,0.0,3940.68
1758861809420,0.0,0.0,3940.68
1758861809520,0.0,0.0,3940.68
1758861809620,0.0,0.0,3940.68
1758861809720,0.0,0.0,3940.68
1758861809827,0.0,0.0,3940.68
1758861809920,0.0,0.0,3940.68
1758861810019,0.0,0.0,3940.68
1758861810119,0.0,0.0,3940.68
1758861810219,0.0,0.0,3940.68
1758861810320,0.0,0.0,3940.68
1758861810420,0.0,0.0,3940.68
1758861810521,0.0,0.0,3940.68
1758861810619,0.0,0.0,3940.68
1758861810719,0.0,0.0,3940.68
1758861810819,0.0,0.0,3940.68
1758861810919,0.0,0.0,3940.68
1758861811019,0.0,0.0,3940.68
1758861811119,0.0,0.0,3940.68
1758861811219,0.0,0.0,3940.68
1758861811319,0.0,0.0,3940.68
1758861811419,0.0,0.0,3940.68
1758861811519,0.0,0.0,3940.68
1758861811619,0.0,0.0,3940.67
1758861811719,0.0,0.0,3940.67
1758861811819,0.0,0.0,3940.67
1758861811920,0.0,0.0,3940.67
1758861812020,0.0,0.0,3940.67
1758861812120,0.0,0.0,3940.67
1758861812219,0.0,0.0,3940.67
1758861812320,0.0,0.0,3940.67
1758861812420,0.0,0.0,3940.67
1758861812520,0.0,0.0,3940.67
1758861812620,0.0,0.0,3940.67
1758861812719,0.0,0.0,3940.67
1758861812819,0.0,0.0,3940.67
1758861812919,0.0,0.0,3940.67
1758861813019,0.0,0.0,3940.67
1758861813119,0.0,0.0,3940.67
1758861813219,0.0,0.0,3940.67
1758861813319,0.0,0.0,3940.67
1758861813419,0.0,0.0,3940.67
1758861813519,0.0,0.0,3940.67
1758861813619,0.0,0.0,3940.67
1758861813719,0.0,0.0,3940.67
1758861813819,0.0,0.0,3940.67
1758861813919,0.0,0.0,3940.67
1758861814019,0.0,0.0,3940.67
1758861814120,0.0,0.0,3940.67
1758861814219,0.0,0.0,3940.67
1758861814419,0.0,0.0,3940.67
1758861814519,0.0,0.0,3940.67
1758861814620,0.0,0.0,3940.67
1758861814719,0.0,0.0,3940.67
1758861814819,0.0,0.0,3940.67
1758861814944,0.0,0.0,3940.67
1758861815020,0.0,0.0,3940.67
1758861815119,0.0,0.0,3940.67
1758861815219,0.0,0.0,3940.67
1758861815319,0.0,0.0,3940.67
1758861815419,0.0,0.0,3940.67
1758861815519,0.0,0.0,3940.67
1758861815619,0.0,0.0,3940.67
1758861815719,0.0,0.0,3940.67
1758861815819,0.0,0.0,3940.67
1758861815919,0.0,0.0,3940.67
1758861816019,0.0,0.0,3940.67
1758861816119,0.0,0.0,3940.67
1758861816219,0.0,0.0,3940.67
1758861816319,0.0,0.0,3940.67
1758861816419,0.0,0.0,3940.67
1758861816519,0.0,0.0,3940.67
1758861816619,0.0,0.0,3940.67
1758861816719,0.0,0.0,3940.67
1758861816819,0.0,0.0,3940.68
1758861816923,0.0,0.0,3940.0
1758861817020,0.0,0.0,3939.19
1758861817120,0.0,0.0,3939.17
1758861817219,0.0,0.0,3939.18
1758861817319,0.0,0.0,3939.17
1758861817420,0.0,0.0,3939.17
1758861817520,0.0,0.0,3939.17
1758861817619,0.0,0.0,3939.29
1758861817719,0.0,0.0,3939.29
1758861817820,0.0,0.0,3939.29
1758861817920,0.0,0.0,3939.94
1758861818020,0.0,0.0,3939.94
1758861818120,0.0,0.0,3939.94
1758861818220,0.0,0.0,3939.94
1758861818319,0.0,0.0,3939.94
1758861818420,0.0,0.0,3939.94
1758861818520,0.0,0.0,3939.94
1758861818619,0.0,0.0,3939.94
1758861818719,0.0,0.0,3939.94
1758861818819,0.0,0.0,3939.94
1758861818919,0.0,0.0,3939.94
1758861819019,0.0,0.0,3939.94
1758861819119,0.0,0.0,3939.94
1758861819219,0.0,0.0,3939.94
1758861819319,0.0,0.0,3939.94
1758861819419,0.0,0.0,3939.94
1758861819519,0.0,0.0,3939.94
1758861819620,0.0,0.0,3939.94
1758861819720,0.0,0.0,3939.94
1758861819820,0.0,0.0,3939.94
1758861819920,0.0,0.0,3939.94
1758861820030,0.0,0.0,3939.94
1758861820123,0.0,0.0,3939.94
1758861820220,0.0,0.0,3939.94
1758861820320,0.0,0.0,3939.94
1758861820420,0.0,0.0,3939.94
1758861820519,0.0,0.0,3939.94
1758861820619,0.0,0.0,3939.94
1758861820719,0.0,0.0,3939.94
1758861820820,0.0,0.0,3939.94
1758861820919,0.0,0.0,3939.94
1758861821019,0.0,0.0,3939.68
1758861821120,0.0,0.0,3939.68
1758861821219,0.0,0.0,3939.68
1758861821319,0.0,0.0,3939.68
1758861821420,0.0,0.0,3939.68
1758861821519,0.0,0.0,3939.68
1758861821619,0.0,0.0,3939.68
1758861821720,0.0,0.0,3939.68
1758861821820,0.0,0.0,3939.68
1758861821920,0.0,0.0,3939.68
1758861822020,0.0,0.0,3939.68
1758861822120,0.0,0.0,3939.68
1758861822219,0.0,0.0,3939.68
1758861822320,0.0,0.0,3939.68
1758861822419,0.0,0.0,3939.68
1758861822519,0.0,0.0,3939.68
1758861822619,0.0,0.0,3939.68
1758861822719,0.0,0.0,3939.68
1758861822820,0.0,0.0,3939.68
1758861822919,0.0,0.0,3939.68
1758861823019,0.0,0.0,3939.68
1758861823119,0.0,0.0,3939.68
1758861823219,0.0,0.0,3939.68
1758861823319,0.0,0.0,3939.68
1758861823419,0.0,0.0,3939.68
1758861823519,0.0,0.0,3939.68
1758861823619,0.0,0.0,3939.68
1758861823719,0.0,0.0,3939.68
1758861823820,0.0,0.0,3939.69
1758861823919,0.0,0.0,3939.88
1758861824019,0.0,0.0,3939.88
1758861824119,0.0,0.0,3939.88
1758861824219,0.0,0.0,3939.88
1758861824319,0.0,0.0,3939.88
1758861824420,0.0,0.0,3939.88
1758861824519,0.0,0.0,3939.88
1758861824619,0.0,0.0,3939.88
1758861824719,0.0,0.0,3939.88
1758861824819,0.0,0.0,3940.0
1758861824919,0.0,0.0,3940.01
1758861825019,0.0,0.0,3940.01
1758861825128,0.0,0.0,3940.01
1758861825222,0.0,0.0,3940.01
1758861825320,0.0,0.0,3940.01
1758861825420,0.0,0.0,3940.01
1758861825520,0.0,0.0,3940.01
1758861825619,0.0,0.0,3940.01
1758861825720,0.0,0.0,3940.01
1758861825820,0.0,0.0,3940.01
1758861825920,0.0,0.0,3940.01
1758861826020,0.0,0.0,3940.01
1758861826120,0.0,0.0,3940.01
1758861826220,0.0,0.0,3940.01
1758861826320,0.0,0.0,3940.01
1758861826420,0.0,0.0,3940.01
1758861826520,0.0,0.0,3940.01
1758861826619,0.0,0.0,3940.01
1758861826719,0.0,0.0,3940.01
1758861826820,0.0,0.0,3940.01
1758861826919,0.0,0.0,3940.0
1758861827020,0.0,0.0,3940.0
1758861827119,0.0,0.0,3940.0
1758861827219,0.0,0.0,3940.01
1758861827319,0.0,0.0,3940.01
1758861827420,0.0,0.0,3940.01
1758861827519,0.0,0.0,3940.01
1758861827619,0.0,0.0,3940.01
1758861827719,0.0,0.0,3940.01
1758861827819,0.0,0.0,3940.01
1758861827919,0.0,0.0,3940.01
1758861828019,0.0,0.0,3940.01
1758861828119,0.0,0.0,3940.01
1758861828219,0.0,0.0,3940.08
1758861828320,0.0,0.0,3940.08
1758861828419,0.0,0.0,3940.08
1758861828519,0.0,0.0,3940.08
1758861828619,0.0,0.0,3940.08
1758861828719,0.0,0.0,3940.08
1758861828819,0.0,0.0,3940.08
1758861828927,0.0,0.0,3940.08
1758861829019,0.0,0.0,3940.08
1758861829119,0.0,0.0,3940.08
1758861829219,0.0,0.0,3940.08
1758861829319,0.0,0.0,3940.08
1758861829419,0.0,0.0,3940.08
1758861829520,0.0,0.0,3940.08
1758861829620,0.0,0.0,3940.08
1758861829720,0.0,0.0,3940.08
1758861829820,0.0,0.0,3940.08
1758861829920,0.0,0.0,3940.08
1758861830020,0.0,0.0,3940.08
1758861830120,0.0,0.0,3940.08
1758861830220,0.0,0.0,3940.08
1758861830320,0.0,0.0,3940.08
1758861830420,0.0,0.0,3940.08
1758861830519,0.0,0.0,3940.08
1758861830620,0.0,0.0,3940.08
1758861830719,0.0,0.0,3940.08
1758861830819,0.0,0.0,3940.08
1758861830919,0.0,0.0,3940.08
1758861831019,0.0,0.0,3940.08
1758861831119,0.0,0.0,3940.08
1758861831219,0.0,0.0,3940.08
1758861831319,0.0,0.0,3940.08
1758861831419,0.0,0.0,3940.08
1758861831519,0.0,0.0,3940.08
1758861831619,0.0,0.0,3940.08
1758861831719,0.0,0.0,3940.2
1758861831819,0.0,0.0,3940.2
1758861831919,0.0,0.0,3940.2
1758861832019,0.0,0.0,3940.2
1758861832119,0.0,0.0,3940.2
1758861832219,0.0,0.0,3940.2
1758861832319,0.0,0.0,3940.2
1758861832419,0.0,0.0,3940.41
1758861832519,0.0,0.0,3940.41
1758861832620,0.0,0.0,3940.41
1758861832719,0.0,0.0,3940.68
1758861832819,0.0,0.0,3940.68
1758861832919,0.0,0.0,3940.68
1758861833019,0.0,0.0,3940.68
1758861833119,0.0,0.0,3940.68
1758861833219,0.0,0.0,3940.68
1758861833320,0.0,0.0,3940.68
1758861833420,0.0,0.0,3940.68
1758861833520,0.0,0.0,3940.68
1758861833619,0.0,0.0,3940.68
1758861833720,0.0,0.0,3940.68
1758861833820,0.0,0.0,3940.68
1758861833920,0.0,0.0,3940.68
1758861834020,0.0,0.0,3940.77
1758861834120,0.0,0.0,3940.77
1758861834220,0.0,0.0,3940.77
1758861834320,0.0,0.0,3940.77
1758861834420,0.0,0.0,3940.77
1758861834519,0.0,0.0,3940.77
1758861834620,0.0,0.0,3940.77
1758861834720,0.0,0.0,3940.77
1758861834819,0.0,0.0,3940.77
1758861834919,0.0,0.0,3940.77
1758861835020,0.0,0.0,3940.77
1758861835120,0.0,0.0,3940.77
1758861835241,0.0,0.0,3940.77
1758861835321,0.0,0.0,3940.77
1758861835420,0.0,0.0,3941.13
1758861835519,0.0,0.0,3941.13
1758861835620,0.0,0.0,3941.13
1758861835719,0.0,0.0,3941.13
1758861835820,0.0,0.0,3941.13
1758861835919,0.0,0.0,3941.13
1758861836019,0.0,0.0,3941.13
1758861836119,0.0,0.0,3941.13
1758861836219,0.0,0.0,3941.13
1758861836319,0.0,0.0,3941.13
1758861836419,0.0,0.0,3941.13
1758861836519,0.0,0.0,3941.13
1758861836619,0.0,0.0,3941.13
1758861836719,0.0,0.0,3941.13
1758861836819,0.0,0.0,3941.13
1758861836919,0.0,0.0,3941.13
1758861837019,0.0,0.0,3941.36
1758861837119,0.0,0.0,3941.36
1758861837219,0.0,0.0,3941.36
1758861837320,0.0,0.0,3941.36
1758861837420,0.0,0.0,3941.36
1758861837520,0.0,0.0,3941.36
1758861837620,0.0,0.0,3941.36
1758861837720,0.0,0.0,3941.36
1758861837820,0.0,0.0,3941.36
1758861837920,0.0,0.0,3941.36
1758861838020,0.0,0.0,3941.36
1758861838120,0.0,0.0,3941.36
1758861838219,0.0,0.0,3941.36
1758861838319,0.0,0.0,3941.36
1758861838420,0.0,0.0,3941.36
1758861838520,0.0,0.0,3941.36
1758861838619,0.0,0.0,3941.36
1758861838719,0.0,0.0,3941.36
1758861838819,0.0,0.0,3941.36
1758861838919,0.0,0.0,3941.36
1758861839020,0.0,0.0,3941.36
1758861839120,0.0,0.0,3941.36
1758861839219,0.0,0.0,3941.36
1758861839319,0.0,0.0,3941.36
1758861839419,0.0,0.0,3941.36
1758861839519,0.0,0.0,3941.36
1758861839619,0.0,0.0,3941.36
1758861839719,0.0,0.0,3941.44
1758861839819,0.0,0.0,3941.44
1758861839919,0.0,0.0,3941.44
1758861840019,0.0,0.0,3941.44
1758861840119,0.0,0.0,3941.44
1758861840219,0.0,0.0,3941.44
1758861840327,0.0,0.0,3941.44
1758861840468,0.0,0.0,3941.44
1758861840521,0.0,0.0,3941.44
1758861840619,0.0,0.0,3941.44
1758861840719,0.0,0.0,3941.56
1758861840819,0.0,0.0,3941.56
1758861840919,0.0,0.0,3941.74
1758861841020,0.0,0.0,3941.74
1758861841120,0.0,0.0,3941.74
1758861841220,0.0,0.0,3941.74
1758861841320,0.0,0.0,3941.74
1758861841420,0.0,0.0,3941.74
1758861841520,0.0,0.0,3941.74
1758861841620,0.0,0.0,3941.74
1758861841720,0.0,0.0,3941.75
1758861841820,0.0,0.0,3942.14
1758861841920,0.0,0.0,3942.14
1758861842020,0.0,0.0,3942.16
1758861842119,0.0,0.0,3942.16
1758861842220,0.0,0.0,3942.16
1758861842320,0.0,0.0,3942.16
1758861842421,0.0,0.0,3942.16
1758861842520,0.0,0.0,3942.16
1758861842620,0.0,0.0,3942.16
1758861842719,0.0,0.0,3942.16
1758861842820,0.0,0.0,3942.16
1758861842920,0.0,0.0,3942.16
1758861843019,0.0,0.0,3942.16
1758861843120,0.0,0.0,3942.16
1758861843219,0.0,0.0,3942.16
1758861843320,0.0,0.0,3942.15
1758861843419,0.0,0.0,3942.15
1758861843519,0.0,0.0,3942.15
1758861843619,0.0,0.0,3942.15
1758861843719,0.0,0.0,3942.15
1758861843819,0.0,0.0,3942.15
1758861843924,0.0,0.0,3942.15
1758861844019,0.0,0.0,3942.15
1758861844119,0.0,0.0,3942.16
1758861844219,0.0,0.0,3942.16
1758861844319,0.0,0.0,3942.16
1758861844419,0.0,0.0,3942.5
1758861844519,0.0,0.0,3942.5
1758861844619,0.0,0.0,3942.5
1758861844719,0.0,0.0,3942.5
1758861844819,0.0,0.0,3942.5
1758861844919,0.0,0.0,3942.5
1758861845019,0.0,0.0,3942.5
1758861845119,0.0,0.0,3942.5
1758861845219,0.0,0.0,3942.5
1758861845319,0.0,0.0,3942.5
1758861845421,0.0,0.0,3942.5
1758861845518,0.0,0.0,3942.5
1758861845620,0.0,0.0,3942.5
1758861845720,0.0,0.0,3942.5
1758861845820,0.0,0.0,3942.5
1758861845920,0.0,0.0,3942.5
1758861846020,0.0,0.0,3942.5
1758861846120,0.0,0.0,3942.5
1758861846220,0.0,0.0,3942.49
1758861846320,0.0,0.0,3942.49
1758861846420,0.0,0.0,3942.49
1758861846520,0.0,0.0,3942.49
1758861846620,0.0,0.0,3942.49
1758861846720,0.0,0.0,3942.49
1758861846820,0.0,0.0,3942.49
1758861846920,0.0,0.0,3942.49
1758861847020,0.0,0.0,3942.49
1758861847120,0.0,0.0,3942.49
1758861847220,0.0,0.0,3942.49
1758861847320,0.0,0.0,3942.49
1758861847419,0.0,0.0,3942.49
1758861847520,0.0,0.0,3942.49
1758861847620,0.0,0.0,3942.49
1758861847720,0.0,0.0,3942.49
1758861847820,0.0,0.0,3942.49
1758861847919,0.0,0.0,3942.49
1758861848020,0.0,0.0,3942.49
1758861848119,0.0,0.0,3942.49
1758861848219,0.0,0.0,3942.49
1758861848319,0.0,0.0,3942.49
1758861848419,0.0,0.0,3942.49
1758861848520,0.0,0.0,3942.49
1758861848619,0.0,0.0,3942.49
1758861848719,0.0,0.0,3942.49
1758861848819,0.0,0.0,3942.49
1758861848919,0.0,0.0,3942.49
1758861849019,0.0,0.0,3942.49
1758861849119,0.0,0.0,3942.49
1758861849219,0.0,0.0,3942.49
1758861849319,0.0,0.0,3942.49
1758861849419,0.0,0.0,3942.49
1758861849519,0.0,0.0,3942.49
1758861849620,0.0,0.0,3942.49
1758861849720,0.0,0.0,3942.49
1758861849820,0.0,0.0,3942.49
1758861849920,0.0,0.0,3942.49
1758861850020,0.0,0.0,3942.49
1758861850120,0.0,0.0,3942.49
1758861850220,0.0,0.0,3942.49
1758861850320,0.0,0.0,3942.49
1758861850419,0.0,0.0,3942.49
1758861850535,0.0,0.0,3942.49
1758861850630,0.0,0.0,3942.49
1758861850720,0.0,0.0,3942.49
1758861850820,0.0,0.0,3942.49
1758861850920,0.0,0.0,3942.49
1758861851020,0.0,0.0,3942.49
1758861851120,0.0,0.0,3942.49
1758861851220,0.0,0.0,3942.49
1758861851320,0.0,0.0,3942.49
1758861851420,0.0,0.0,3942.49
1758861851520,0.0,0.0,3942.49
1758861851619,0.0,0.0,3942.49
1758861851719,0.0,0.0,3942.49
1758861851819,0.0,0.0,3942.49
1758861851919,0.0,0.0,3942.49
1758861852020,0.0,0.0,3942.5
1758861852119,0.0,0.0,3942.5
1758861852219,0.0,0.0,3942.5
1758861852319,0.0,0.0,3942.5
1758861852419,0.0,0.0,3942.5
1758861852519,0.0,0.0,3942.5
1758861852619,0.0,0.0,3942.5
1758861852719,0.0,0.0,3942.5
1758861852819,0.0,0.0,3942.49
1758861852920,0.0,0.0,3942.49
1758861853020,0.0,0.0,3942.53
1758861853119,0.0,0.0,3942.69
1758861853219,0.0,0.0,3942.74
1758861853318,0.0,0.0,3942.74
1758861853420,0.0,0.0,3942.74
1758861853520,0.0,0.0,3942.74
1758861853620,0.0,0.0,3942.74
1758861853720,0.0,0.0,3942.74
1758861853820,0.0,0.0,3942.74
1758861853920,0.0,0.0,3942.74
1758861854020,0.0,0.0,3942.74
1758861854120,0.0,0.0,3942.74
1758861854220,0.0,0.0,3942.75
1758861854320,0.0,0.0,3942.89
1758861854420,0.0,0.0,3942.89
1758861854520,0.0,0.0,3942.89
1758861854620,0.0,0.0,3942.89
1758861854720,0.0,0.0,3942.89
1758861854820,0.0,0.0,3942.89
1758861854920,0.0,0.0,3943.0
1758861855020,0.0,0.0,3943.28
1758861855120,0.0,0.0,3943.28
1758861855220,0.0,0.0,3943.28
1758861855320,0.0,0.0,3943.28
1758861855420,0.0,0.0,3943.28
1758861855520,0.0,0.0,3943.28
1758861855630,0.0,0.0,3943.32
1758861855720,0.0,0.0,3943.31
1758861855819,0.0,0.0,3943.31
1758861855920,0.0,0.0,3943.31
1758861856020,0.0,0.0,3943.31
1758861856119,0.0,0.0,3943.31
1758861856219,0.0,0.0,3943.31
1758861856319,0.0,0.0,3943.31
1758861856419,0.0,0.0,3943.31
1758861856520,0.0,0.0,3943.31
1758861856622,0.0,0.0,3943.31
1758861856719,0.0,0.0,3943.31
1758861856819,0.0,0.0,3943.31
1758861856919,0.0,0.0,3943.31
1758861857019,0.0,0.0,3943.32
1758861857119,0.0,0.0,3943.32
1758861857219,0.0,0.0,3943.31
1758861857319,0.0,0.0,3943.31
1758861857419,0.0,0.0,3943.31
1758861857519,0.0,0.0,3943.31
1758861857620,0.0,0.0,3943.31
1758861857720,0.0,0.0,3943.31
1758861857820,0.0,0.0,3943.31
1758861857920,0.0,0.0,3943.31
1758861858020,0.0,0.0,3943.31
1758861858120,0.0,0.0,3943.31
1758861858220,0.0,0.0,3943.31
1758861858319,0.0,0.0,3943.31
1758861858419,0.0,0.0,3943.31
1758861858519,0.0,0.0,3943.31
1758861858619,0.0,0.0,3943.31
1758861858719,0.0,0.0,3943.31
1758861858819,0.0,0.0,3943.31
1758861858920,0.0,0.0,3943.31
1758861859019,0.0,0.0,3943.31
1758861859119,0.0,0.0,3943.31
1758861859219,0.0,0.0,3943.31
1758861859319,0.0,0.0,3943.31
1758861859419,0.0,0.0,3943.31
1758861859519,0.0,0.0,3943.31
1758861859619,0.0,0.0,3943.31
1758861859719,0.0,0.0,3943.31
1758861859819,0.0,0.0,3943.31
1758861859919,0.0,0.0,3943.31
1758861860020,0.0,0.0,3943.32
1758861860120,0.0,0.0,3943.32
1758861860220,0.0,0.0,3943.32
1758861860320,0.0,0.0,3943.32
1758861860420,0.0,0.0,3943.32
1758861860520,0.0,0.0,3943.32
1758861860626,0.0,0.0,3943.32
1758861860722,0.0,0.0,3943.32
1758861860823,0.0,0.0,3943.32
1758861860920,0.0,0.0,3943.32
1758861861020,0.0,0.0,3943.32
1758861861120,0.0,0.0,3943.32
1758861861220,0.0,0.0,3943.32
1758861861320,0.0,0.0,3943.32
1758861861420,0.0,0.0,3943.32
1758861861520,0.0,0.0,3943.32
1758861861620,0.0,0.0,3943.32
1758861861719,0.0,0.0,3943.32
1758861861820,0.0,0.0,3943.32
1758861861919,0.0,0.0,3943.32
1758861862019,0.0,0.0,3943.32
1758861862119,0.0,0.0,3943.32
1758861862219,0.0,0.0,3943.32
1758861862320,0.0,0.0,3943.32
1758861862420,0.0,0.0,3943.32
1758861862520,0.0,0.0,3943.32
1758861862620,0.0,0.0,3943.32
1758861862720,0.0,0.0,3943.32
1758861862820,0.0,0.0,3943.32
1758861862920,0.0,0.0,3943.32
1758861863020,0.0,0.0,3943.32
1758861863120,0.0,0.0,3943.32
1758861863220,0.0,0.0,3943.32
1758861863320,0.0,0.0,3943.32
1758861863420,0.0,0.0,3943.5
1758861863520,0.0,0.0,3943.5
1758861863620,0.0,0.0,3943.5
1758861863719,0.0,0.0,3943.5
1758861863820,0.0,0.0,3943.5
1758861863920,0.0,0.0,3943.5
1758861864020,0.0,0.0,3943.5
1758861864119,0.0,0.0,3943.5
1758861864219,0.0,0.0,3943.5
1758861864319,0.0,0.0,3943.5
1758861864419,0.0,0.0,3943.5
1758861864519,0.0,0.0,3943.5
1758861864619,0.0,0.0,3943.5
1758861864719,0.0,0.0,3943.5
1758861864820,0.0,0.0,3943.5
1758861864919,0.0,0.0,3943.5
1758861865019,0.0,0.0,3943.5
1758861865119,0.0,0.0,3943.5
1758861865219,0.0,0.0,3943.5
1758861865319,0.0,0.0,3943.5
1758861865419,0.0,0.0,3943.5
1758861865520,0.0,0.0,3943.5
1758861865620,0.0,0.0,3943.5
1758861865739,0.0,0.0,3943.5
1758861865821,0.0,0.0,3943.5
1758861865920,0.0,0.0,3943.5
1758861866020,0.0,0.0,3943.5
1758861866120,0.0,0.0,3943.5
1758861866220,0.0,0.0,3943.5
1758861866320,0.0,0.0,3943.5
1758861866420,0.0,0.0,3943.5
1758861866519,0.0,0.0,3943.5
1758861866619,0.0,0.0,3943.5
1758861866719,0.0,0.0,3943.5
1758861866820,0.0,0.0,3943.5
1758861866919,0.0,0.0,3943.5
1758861867019,0.0,0.0,3943.94
1758861867120,0.0,0.0,3943.94
1758861867219,0.0,0.0,3943.94
1758861867319,0.0,0.0,3943.94
1758861867420,0.0,0.0,3943.94
1758861867519,0.0,0.0,3943.94
1758861867619,0.0,0.0,3943.94
1758861867719,0.0,0.0,3943.94
1758861867820,0.0,0.0,3943.94
1758861867920,0.0,0.0,3943.94
1758861868020,0.0,0.0,3943.94
1758861868120,0.0,0.0,3943.94
1758861868220,0.0,0.0,3943.94
1758861868319,0.0,0.0,3943.94
1758861868420,0.0,0.0,3943.94
1758861868520,0.0,0.0,3943.94
1758861868619,0.0,0.0,3943.94
1758861868719,0.0,0.0,3943.94
1758861868819,0.0,0.0,3943.94
1758861868919,0.0,0.0,3943.94
1758861869019,0.0,0.0,3943.94
1758861869119,0.0,0.0,3943.94
1758861869220,0.0,0.0,3943.94
1758861869319,0.0,0.0,3943.94
1758861869420,0.0,0.0,3943.93
1758861869520,0.0,0.0,3943.93
1758861869619,0.0,0.0,3943.93
1758861869719,0.0,0.0,3943.93
1758861869820,0.0,0.0,3943.93
1758861869920,0.0,0.0,3943.93
1758861870020,0.0,0.0,3943.93
1758861870120,0.0,0.0,3943.93
1758861870220,0.0,0.0,3943.93
1758861870320,0.0,0.0,3943.93
1758861870420,0.0,0.0,3943.93
1758861870520,0.0,0.0,3943.93
1758861870620,0.0,0.0,3943.93
1758861870720,0.0,0.0,3943.93
1758861870824,0.0,0.0,3943.93
1758861870920,0.0,0.0,3943.93
1758861871020,0.0,0.0,3943.93
1758861871120,0.0,0.0,3943.93
1758861871220,0.0,0.0,3943.93
1758861871320,0.0,0.0,3943.93
1758861871420,0.0,0.0,3943.93
1758861871519,0.0,0.0,3943.93
1758861871619,0.0,0.0,3943.94
1758861871719,0.0,0.0,3943.94
1758861871820,0.0,0.0,3943.94
1758861871919,0.0,0.0,3943.94
1758861872019,0.0,0.0,3943.94
1758861872119,0.0,0.0,3943.94
1758861872219,0.0,0.0,3943.94
1758861872319,0.0,0.0,3943.94
1758861872420,0.0,0.0,3943.94
1758861872519,0.0,0.0,3943.94
1758861872619,0.0,0.0,3943.94
1758861872719,0.0,0.0,3943.94
1758861872820,0.0,0.0,3943.94
1758861872919,0.0,0.0,3943.94
1758861873019,0.0,0.0,3943.94
1758861873119,0.0,0.0,3943.94
1758861873219,0.0,0.0,3943.94
1758861873320,0.0,0.0,3943.94
1758861873421,0.0,0.0,3943.94
1758861873520,0.0,0.0,3943.94
1758861873620,0.0,0.0,3943.94
1758861873720,0.0,0.0,3943.94
1758861873820,0.0,0.0,3943.94
1758861873920,0.0,0.0,3943.94
1758861874020,0.0,0.0,3943.94
1758861874119,0.0,0.0,3943.94
1758861874219,0.0,0.0,3943.94
1758861874320,0.0,0.0,3943.94
1758861874420,0.0,0.0,3943.94
1758861874519,0.0,0.0,3943.94
1758861874620,0.0,0.0,3943.94
1758861874719,0.0,0.0,3943.94
1758861874820,0.0,0.0,3943.94
1758861874920,0.0,0.0,3943.94
1758861875020,0.0,0.0,3943.94
1758861875119,0.0,0.0,3943.94
1758861875220,0.0,0.0,3943.94
1758861875321,0.0,0.0,3943.94
1758861875420,0.0,0.0,3943.94
1758861875520,0.0,0.0,3943.94
1758861875619,0.0,0.0,3943.94
1758861875720,0.0,0.0,3943.94
1758861875820,0.0,0.0,3943.94
1758861875944,0.0,0.0,3943.94
1758861876026,0.0,0.0,3943.94
1758861876120,0.0,0.0,3943.94
1758861876219,0.0,0.0,3943.93
1758861876319,0.0,0.0,3943.94
1758861876419,0.0,0.0,3943.94
1758861876519,0.0,0.0,3943.94
1758861876619,0.0,0.0,3943.94
1758861876719,0.0,0.0,3943.94
1758861876819,0.0,0.0,3943.93
1758861876919,0.0,0.0,3943.93
1758861877020,0.0,0.0,3943.93
1758861877120,0.0,0.0,3943.93
1758861877220,0.0,0.0,3943.93
1758861877320,0.0,0.0,3943.93
1758861877420,0.0,0.0,3943.93
1758861877520,0.0,0.0,3943.93
1758861877620,0.0,0.0,3943.93
1758861877720,0.0,0.0,3943.93
1758861877820,0.0,0.0,3943.94
1758861877920,0.0,0.0,3943.52
1758861878020,0.0,0.0,3943.5
1758861878120,0.0,0.0,3943.5
1758861878220,0.0,0.0,3943.5
1758861878320,0.0,0.0,3943.5
1758861878420,0.0,0.0,3943.5
1758861878520,0.0,0.0,3943.5
1758861878620,0.0,0.0,3943.48
1758861878720,0.0,0.0,3943.48
1758861878820,0.0,0.0,3943.48
1758861878920,0.0,0.0,3943.48
1758861879020,0.0,0.0,3943.48
1758861879120,0.0,0.0,3943.48
1758861879220,0.0,0.0,3943.48
1758861879320,0.0,0.0,3943.48
1758861879420,0.0,0.0,3942.71
1758861879520,0.0,0.0,3942.71
1758861879620,0.0,0.0,3942.71
1758861879719,0.0,0.0,3942.71
1758861879820,0.0,0.0,3942.71
1758861879919,0.0,0.0,3942.71
1758861880019,0.0,0.0,3942.71
1758861880119,0.0,0.0,3942.71
1758861880219,0.0,0.0,3942.71
1758861880320,0.0,0.0,3942.71
1758861880420,0.0,0.0,3942.71
1758861880520,0.0,0.0,3942.71
1758861880620,0.0,0.0,3942.71
1758861880720,0.0,0.0,3942.71
1758861880820,0.0,0.0,3942.71
1758861880920,0.0,0.0,3942.71
1758861881024,0.0,0.0,3942.72
1758861881123,0.0,0.0,3942.72
1758861881220,0.0,0.0,3942.72
1758861881319,0.0,0.0,3942.72
1758861881420,0.0,0.0,3942.72
1758861881520,0.0,0.0,3942.72
1758861881620,0.0,0.0,3942.72
1758861881719,0.0,0.0,3942.72
1758861881820,0.0,0.0,3942.72
1758861881920,0.0,0.0,3942.72
1758861882020,0.0,0.0,3943.12
1758861882120,0.0,0.0,3943.12
1758861882220,0.0,0.0,3943.12
1758861882320,0.0,0.0,3943.12
1758861882419,0.0,0.0,3943.12
1758861882519,0.0,0.0,3943.12
1758861882619,0.0,0.0,3943.12
1758861882719,0.0,0.0,3943.12
1758861882819,0.0,0.0,3943.12
1758861882919,0.0,0.0,3943.12
1758861883019,0.0,0.0,3943.12
1758861883119,0.0,0.0,3943.12
1758861883220,0.0,0.0,3943.12
1758861883320,0.0,0.0,3943.12
1758861883420,0.0,0.0,3943.12
1758861883520,0.0,0.0,3943.12
1758861883620,0.0,0.0,3943.12
1758861883720,0.0,0.0,3943.12
1758861883920,0.0,0.0,3943.12
1758861884019,0.0,0.0,3943.12
1758861884120,0.0,0.0,3943.12
1758861884220,0.0,0.0,3943.12
1758861884320,0.0,0.0,3943.12
1758861884420,0.0,0.0,3943.12
1758861884520,0.0,0.0,3943.12
1758861884621,0.0,0.0,3943.12
1758861884719,0.0,0.0,3943.12
1758861884819,0.0,0.0,3943.12
1758861884919,0.0,0.0,3943.12
1758861885020,0.0,0.0,3943.12
1758861885120,0.0,0.0,3943.12
1758861885219,0.0,0.0,3943.12
1758861885320,0.0,0.0,3943.12
1758861885420,0.0,0.0,3943.12
1758861885519,0.0,0.0,3943.12
1758861885619,0.0,0.0,3943.12
1758861885719,0.0,0.0,3943.12
1758861885819,0.0,0.0,3943.12
1758861885919,0.0,0.0,3943.12
1758861886020,0.0,0.0,3943.12
1758861886120,0.0,0.0,3943.12
1758861886220,0.0,0.0,3943.12
1758861886320,0.0,0.0,3943.12
1758861886420,0.0,0.0,3943.12
1758861886520,0.0,0.0,3943.12
1758861886620,0.0,0.0,3943.12
1758861886720,0.0,0.0,3943.12
1758861886819,0.0,0.0,3943.12
1758861886920,0.0,0.0,3943.12
1758861887020,0.0,0.0,3943.36
1758861887120,0.0,0.0,3943.36
1758861887220,0.0,0.0,3943.36
1758861887320,0.0,0.0,3943.36
1758861887420,0.0,0.0,3943.36
1758861887520,0.0,0.0,3943.36
1758861887620,0.0,0.0,3943.36
1758861887720,0.0,0.0,3943.36
1758861887820,0.0,0.0,3943.36
1758861887920,0.0,0.0,3943.36
1758861888020,0.0,0.0,3943.36
1758861888120,0.0,0.0,3943.36
1758861888220,0.0,0.0,3943.36
1758861888320,0.0,0.0,3943.36
1758861888420,0.0,0.0,3943.36
1758861888520,0.0,0.0,3943.36
1758861888619,0.0,0.0,3943.36
1758861888720,0.0,0.0,3943.36
1758861888820,0.0,0.0,3943.36
1758861888920,0.0,0.0,3943.36
1758861889020,0.0,0.0,3943.51
1758861889119,0.0,0.0,3943.51
1758861889219,0.0,0.0,3943.51
1758861889319,0.0,0.0,3943.51
1758861889420,0.0,0.0,3943.51
1758861889520,0.0,0.0,3943.51
1758861889619,0.0,0.0,3943.51
1758861889720,0.0,0.0,3943.51
1758861889819,0.0,0.0,3943.51
1758861889919,0.0,0.0,3943.51
1758861890019,0.0,0.0,3943.51
1758861890120,0.0,0.0,3943.51
1758861890220,0.0,0.0,3943.51
1758861890319,0.0,0.0,3943.51
1758861890420,0.0,0.0,3943.51
1758861890520,0.0,0.0,3943.51
1758861890620,0.0,0.0,3943.51
1758861890720,0.0,0.0,3943.51
1758861890820,0.0,0.0,3943.51
1758861890920,0.0,0.0,3943.51
1758861891020,0.0,0.0,3943.51
1758861891136,0.0,0.0,3943.51
1758861891220,0.0,0.0,3943.51
1758861891320,0.0,0.0,3943.51
1758861891420,0.0,0.0,3943.51
1758861891520,0.0,0.0,3943.51
1758861891620,0.0,0.0,3943.54
1758861891720,0.0,0.0,3943.54
1758861891819,0.0,0.0,3943.54
1758861891919,0.0,0.0,3943.54
1758861892020,0.0,0.0,3943.54
1758861892120,0.0,0.0,3943.54
1758861892220,0.0,0.0,3943.54
1758861892320,0.0,0.0,3943.54
1758861892420,0.0,0.0,3943.54
1758861892520,0.0,0.0,3943.54
1758861892620,0.0,0.0,3943.54
1758861892720,0.0,0.0,3943.54
1758861892819,0.0,0.0,3943.54
1758861892920,0.0,0.0,3943.54
1758861893019,0.0,0.0,3943.54
1758861893120,0.0,0.0,3943.54
1758861893220,0.0,0.0,3943.54
1758861893319,0.0,0.0,3943.54
1758861893420,0.0,0.0,3943.54
1758861893520,0.0,0.0,3943.54
1758861893620,0.0,0.0,3943.54
1758861893720,0.0,0.0,3943.54
1758861893820,0.0,0.0,3943.54
1758861893920,0.0,0.0,3943.54
1758861894020,0.0,0.0,3943.54
1758861894120,0.0,0.0,3943.54
1758861894220,0.0,0.0,3943.54
1758861894320,0.0,0.0,3943.54
1758861894420,0.0,0.0,3943.54
1758861894520,0.0,0.0,3943.54
1758861894620,0.0,0.0,3943.54
1758861894720,0.0,0.0,3943.54
1758861894820,0.0,0.0,3943.54
1758861894920,0.0,0.0,3943.54
1758861895020,0.0,0.0,3943.54
1758861895120,0.0,0.0,3943.54
1758861895220,0.0,0.0,3943.54
1758861895320,0.0,0.0,3943.54
1758861895420,0.0,0.0,3943.54
1758861895520,0.0,0.0,3943.54
1758861895620,0.0,0.0,3943.54
1758861895720,0.0,0.0,3943.54
1758861895819,0.0,0.0,3943.54
1758861895920,0.0,0.0,3943.54
1758861896020,0.0,0.0,3943.54
1758861896120,0.0,0.0,3943.54
1758861896234,0.0,0.0,3943.54
1758861896420,0.0,0.0,3943.54
1758861896519,0.0,0.0,3943.54
1758861896619,0.0,0.0,3943.54
1758861896719,0.0,0.0,3943.54
1758861896820,0.0,0.0,3943.54
1758861896919,0.0,0.0,3943.54
1758861897020,0.0,0.0,3943.87
1758861897119,0.0,0.0,3943.87
1758861897220,0.0,0.0,3943.87
1758861897320,0.0,0.0,3943.87
1758861897420,0.0,0.0,3943.87
1758861897520,0.0,0.0,3943.87
1758861897620,0.0,0.0,3943.87
1758861897720,0.0,0.0,3943.87
1758861897820,0.0,0.0,3943.87
1758861897919,0.0,0.0,3943.87
1758861898020,0.0,0.0,3943.87
1758861898120,0.0,0.0,3943.87
1758861898220,0.0,0.0,3943.87
1758861898319,0.0,0.0,3943.87
1758861898420,0.0,0.0,3943.87
1758861898520,0.0,0.0,3943.87
1758861898620,0.0,0.0,3943.87
1758861898820,0.0,0.0,3943.87
1758861898920,0.0,0.0,3943.87
1758861899019,0.0,0.0,3943.87
1758861899120,0.0,0.0,3943.87
1758861899220,0.0,0.0,3943.87
1758861899420,0.0,0.0,3943.87
1758861899519,0.0,0.0,3943.87
1758861899619,0.0,0.0,3943.87
1758861899720,0.0,0.0,3943.87
1758861899819,0.0,0.0,3943.87
1758861899920,0.0,0.0,3943.87
1758861900020,0.0,0.0,3943.87
1758861900119,0.0,0.0,3943.87
1758861900220,0.0,0.0,3943.87
1758861900320,0.0,0.0,3943.87
1758861900422,0.0,0.0,3943.87
1758861900521,0.0,0.0,3943.87
1758861900621,0.0,0.0,3943.87
1758861900720,0.0,0.0,3943.87
1758861900820,0.0,0.0,3943.87
1758861900920,0.0,0.0,3943.87
1758861901020,0.0,0.0,3943.96
1758861901120,0.0,0.0,3944.06
1758861901220,0.0,0.0,3944.06
1758861901320,0.0,0.0,3944.06
1758861901441,0.0,0.0,3944.06
1758861901521,0.0,0.0,3944.06
1758861901620,0.0,0.0,3944.06
1758861901720,0.0,0.0,3944.06
1758861901820,0.0,0.0,3944.06
1758861901920,0.0,0.0,3944.06
1758861902020,0.0,0.0,3944.06
1758861902120,0.0,0.0,3944.06
1758861902220,0.0,0.0,3944.06
1758861902320,0.0,0.0,3944.06
1758861902420,0.0,0.0,3944.17
1758861902520,0.0,0.0,3944.17
1758861902620,0.0,0.0,3944.17
1758861902720,0.0,0.0,3944.17
1758861902820,0.0,0.0,3944.17
1758861902920,0.0,0.0,3944.17
1758861903020,0.0,0.0,3944.17
1758861903120,0.0,0.0,3944.17
1758861903220,0.0,0.0,3944.17
1758861903320,0.0,0.0,3944.17
1758861903420,0.0,0.0,3944.17
1758861903519,0.0,0.0,3944.17
1758861903619,0.0,0.0,3944.17
1758861903820,0.0,0.0,3944.17
1758861903931,0.0,0.0,3944.17
1758861904019,0.0,0.0,3944.17
1758861904121,0.0,0.0,3944.17
1758861904221,0.0,0.0,3944.17
1758861904320,0.0,0.0,3944.17
1758861904420,0.0,0.0,3944.17
1758861904520,0.0,0.0,3944.17
1758861904620,0.0,0.0,3944.17
1758861904720,0.0,0.0,3944.17
1758861904821,0.0,0.0,3944.26
1758861904920,0.0,0.0,3944.36
1758861905020,0.0,0.0,3944.36
1758861905120,0.0,0.0,3944.36
1758861905220,0.0,0.0,3944.36
1758861905320,0.0,0.0,3944.5
1758861905420,0.0,0.0,3944.5
1758861905520,0.0,0.0,3944.5
1758861905620,0.0,0.0,3944.5
1758861905720,0.0,0.0,3944.5
1758861905820,0.0,0.0,3944.5
1758861905920,0.0,0.0,3944.5
1758861906020,0.0,0.0,3944.5
1758861906120,0.0,0.0,3944.5
1758861906220,0.0,0.0,3944.5
1758861906320,0.0,0.0,3944.5
1758861906420,0.0,0.0,3944.5
1758861906528,0.0,0.0,3944.5
1758861906622,0.0,0.0,3944.5
1758861906720,0.0,0.0,3944.5
1758861906819,0.0,0.0,3944.5
1758861906920,0.0,0.0,3944.5
1758861907020,0.0,0.0,3944.5
1758861907119,0.0,0.0,3944.72
1758861907220,0.0,0.0,3945.03
1758861907320,0.0,0.0,3945.03
1758861907420,0.0,0.0,3945.03
1758861907519,0.0,0.0,3945.03
1758861907620,0.0,0.0,3945.03
1758861907720,0.0,0.0,3945.51
1758861907820,0.0,0.0,3945.51
1758861907920,0.0,0.0,3945.51
1758861908021,0.0,0.0,3945.51
1758861908120,0.0,0.0,3945.51
1758861908221,0.0,0.0,3945.51
1758861908320,0.0,0.0,3945.51
1758861908421,0.0,0.0,3945.51
1758861908520,0.0,0.0,3945.6
1758861908620,0.0,0.0,3945.6
1758861908720,0.0,0.0,3945.99
1758861908820,0.0,0.0,3945.99
1758861908919,0.0,0.0,3945.99
1758861909019,0.0,0.0,3945.99
1758861909120,0.0,0.0,3946.13
1758861909220,0.0,0.0,3946.13
1758861909319,0.0,0.0,3946.13
1758861909420,0.0,0.0,3946.13
1758861909521,0.0,0.0,3946.13
1758861909621,0.0,0.0,3946.13
1758861909720,0.0,0.0,3946.13
1758861909820,0.0,0.0,3946.13
1758861909920,0.0,0.0,3946.14
1758861910020,0.0,0.0,3946.39
1758861910120,0.0,0.0,3946.39
1758861910221,0.0,0.0,3946.39
1758861910320,0.0,0.0,3946.39
1758861910421,0.0,0.0,3946.38
1758861910520,0.0,0.0,3946.38
1758861910620,0.0,0.0,3946.38
1758861910720,0.0,0.0,3946.38
1758861910821,0.0,0.0,3946.38
1758861910920,0.0,0.0,3946.38
1758861911020,0.0,0.0,3946.38
1758861911120,0.0,0.0,3946.38
1758861911220,0.0,0.0,3946.38
1758861911320,0.0,0.0,3946.38
1758861911420,0.0,0.0,3946.38
1758861911519,0.0,0.0,3946.38
1758861911621,0.0,0.0,3946.38
1758861911721,0.0,0.0,3946.38
1758861911820,0.0,0.0,3946.38
1758861911920,0.0,0.0,3946.38
1758861912019,0.0,0.0,3946.39
1758861912120,0.0,0.0,3946.39
1758861912220,0.0,0.0,3946.39
1758861912320,0.0,0.0,3946.39
1758861912420,0.0,0.0,3946.39
1758861912520,0.0,0.0,3946.38
1758861912620,0.0,0.0,3946.38
1758861912720,0.0,0.0,3946.38
1758861912820,0.0,0.0,3946.38
1758861912920,0.0,0.0,3946.38
1758861913019,0.0,0.0,3946.38
1758861913120,0.0,0.0,3946.38
1758861913220,0.0,0.0,3946.38
1758861913319,0.0,0.0,3946.38
1758861913420,0.0,0.0,3946.38
1758861913520,0.0,0.0,3946.38
1758861913620,0.0,0.0,3946.38
1758861913721,0.0,0.0,3946.38
1758861913820,0.0,0.0,3946.38
1758861913920,0.0,0.0,3946.38
1758861914020,0.0,0.0,3946.38
1758861914120,0.0,0.0,3946.38
1758861914220,0.0,0.0,3946.38
1758861914319,0.0,0.0,3946.38
1758861914420,0.0,0.0,3946.38
1758861914520,0.0,0.0,3946.38
1758861914619,0.0,0.0,3946.38
1758861914720,0.0,0.0,3946.38
1758861914820,0.0,0.0,3946.38
1758861914920,0.0,0.0,3946.38
1758861915020,0.0,0.0,3946.38
1758861915120,0.0,0.0,3946.38
1758861915220,0.0,0.0,3946.38
1758861915320,0.0,0.0,3946.39
1758861915420,0.0,0.0,3946.39
1758861915520,0.0,0.0,3946.39
1758861915620,0.0,0.0,3946.39
1758861915720,0.0,0.0,3946.39
1758861915820,0.0,0.0,3946.39
1758861915920,0.0,0.0,3946.38
1758861916020,0.0,0.0,3946.38
1758861916120,0.0,0.0,3946.38
1758861916220,0.0,0.0,3946.38
1758861916321,0.0,0.0,3946.38
1758861916420,0.0,0.0,3946.38
1758861916520,0.0,0.0,3946.38
1758861916620,0.0,0.0,3946.39
1758861916720,0.0,0.0,3946.39
1758861916821,0.0,0.0,3946.39
1758861916920,0.0,0.0,3946.39
1758861917020,0.0,0.0,3946.78
1758861917120,0.0,0.0,3946.78
1758861917220,0.0,0.0,3946.78
1758861917320,0.0,0.0,3946.78
1758861917420,0.0,0.0,3946.78
1758861917520,0.0,0.0,3946.78
1758861917619,0.0,0.0,3946.78
1758861917720,0.0,0.0,3946.8
1758861917820,0.0,0.0,3946.8
1758861917920,0.0,0.0,3946.8
1758861918020,0.0,0.0,3946.8
1758861918119,0.0,0.0,3946.8
1758861918220,0.0,0.0,3946.8
1758861918321,0.0,0.0,3946.8
1758861918420,0.0,0.0,3946.8
1758861918520,0.0,0.0,3946.8
1758861918621,0.0,0.0,3946.8
1758861918721,0.0,0.0,3946.8
1758861918821,0.0,0.0,3946.8
1758861918920,0.0,0.0,3946.8
1758861919020,0.0,0.0,3946.8
1758861919120,0.0,0.0,3946.8
1758861919221,0.0,0.0,3946.8
1758861919320,0.0,0.0,3946.8
1758861919420,0.0,0.0,3946.8
1758861919520,0.0,0.0,3946.8
1758861919620,0.0,0.0,3946.8
1758861919720,0.0,0.0,3946.8
1758861919820,0.0,0.0,3946.8
1758861919920,0.0,0.0,3946.8
1758861920020,0.0,0.0,3946.8
1758861920120,0.0,0.0,3946.8
1758861920225,0.0,0.0,3946.79
1758861920320,0.0,0.0,3946.13
1758861920420,0.0,0.0,3946.13
1758861920519,0.0,0.0,3946.01
1758861920620,0.0,0.0,3946.01
1758861920720,0.0,0.0,3946.01
1758861920820,0.0,0.0,3946.01
1758861920920,0.0,0.0,3946.01
1758861921019,0.0,0.0,3946.01
1758861921120,0.0,0.0,3945.99
1758861921220,0.0,0.0,3945.99
1758861921320,0.0,0.0,3945.99
1758861921420,0.0,0.0,3945.99
1758861921520,0.0,0.0,3945.99
1758861921619,0.0,0.0,3945.99
1758861921734,0.0,0.0,3945.75
1758861921822,0.0,0.0,3945.6
1758861921919,0.0,0.0,3945.6
1758861922019,0.0,0.0,3945.6
1758861922119,0.0,0.0,3945.5
1758861922221,0.0,0.0,3945.5
1758861922321,0.0,0.0,3945.4
1758861922421,0.0,0.0,3945.4
1758861922521,0.0,0.0,3945.4
1758861922621,0.0,0.0,3945.4
1758861922720,0.0,0.0,3945.4
1758861922821,0.0,0.0,3945.4
1758861922921,0.0,0.0,3945.4
1758861923023,0.0,0.0,3945.11
1758861923121,0.0,0.0,3945.11
1758861923221,0.0,0.0,3945.11
1758861923320,0.0,0.0,3944.94
1758861923421,0.0,0.0,3944.94
1758861923521,0.0,0.0,3944.94
1758861923620,0.0,0.0,3944.94
1758861923719,0.0,0.0,3944.94
1758861923820,0.0,0.0,3944.94
1758861923920,0.0,0.0,3944.94
1758861924021,0.0,0.0,3944.94
1758861924120,0.0,0.0,3944.94
1758861924220,0.0,0.0,3944.94
1758861924320,0.0,0.0,3944.94
1758861924420,0.0,0.0,3944.94
1758861924520,0.0,0.0,3944.94
1758861924620,0.0,0.0,3944.94
1758861924735,0.0,0.0,3943.82
1758861924820,0.0,0.0,3943.82
1758861924920,0.0,0.0,3943.82
1758861925020,0.0,0.0,3943.82
1758861925120,0.0,0.0,3943.82
1758861925220,0.0,0.0,3943.82
1758861925320,0.0,0.0,3943.82
1758861925420,0.0,0.0,3943.82
1758861925520,0.0,0.0,3943.82
1758861925620,0.0,0.0,3943.82
1758861925720,0.0,0.0,3943.82
1758861925820,0.0,0.0,3943.82
1758861925919,0.0,0.0,3943.82
1758861926020,0.0,0.0,3943.82
1758861926120,0.0,0.0,3943.82
1758861926219,0.0,0.0,3943.82
1758861926320,0.0,0.0,3943.82
1758861926421,0.0,0.0,3943.82
1758861926520,0.0,0.0,3943.82
1758861926621,0.0,0.0,3943.82
1758861926720,0.0,0.0,3943.82
1758861926823,0.0,0.0,3943.82
1758861926930,0.0,0.0,3943.82
1758861927020,0.0,0.0,3943.83
1758861927120,0.0,0.0,3943.83
1758861927220,0.0,0.0,3943.83
1758861927320,0.0,0.0,3943.83
1758861927421,0.0,0.0,3943.83
1758861927520,0.0,0.0,3943.83
1758861927620,0.0,0.0,3943.83
1758861927720,0.0,0.0,3943.83
1758861927820,0.0,0.0,3943.83
1758861927920,0.0,0.0,3943.83
1758861928020,0.0,0.0,3943.83
1758861928120,0.0,0.0,3943.83
1758861928220,0.0,0.0,3943.83
1758861928320,0.0,0.0,3943.83
1758861928420,0.0,0.0,3943.83
1758861928520,0.0,0.0,3943.83
1758861928620,0.0,0.0,3943.83
1758861928720,0.0,0.0,3943.83
1758861928820,0.0,0.0,3943.83
1758861928920,0.0,0.0,3943.83
1758861929020,0.0,0.0,3943.83
1758861929119,0.0,0.0,3943.83
1758861929219,0.0,0.0,3943.83
1758861929320,0.0,0.0,3943.83
1758861929420,0.0,0.0,3943.83
1758861929523,0.0,0.0,3943.73
1758861929620,0.0,0.0,3943.63
1758861929720,0.0,0.0,3943.43
1758861929821,0.0,0.0,3943.43
1758861929921,0.0,0.0,3943.43
1758861930020,0.0,0.0,3943.43
1758861930120,0.0,0.0,3943.43
1758861930220,0.0,0.0,3943.43
1758861930321,0.0,0.0,3943.43
1758861930421,0.0,0.0,3943.43
1758861930521,0.0,0.0,3943.43
1758861930620,0.0,0.0,3943.43
1758861930720,0.0,0.0,3943.43
1758861930857,0.0,0.0,3942.15
1758861930928,0.0,0.0,3942.15
1758861931021,0.0,0.0,3942.15
1758861931120,0.0,0.0,3942.15
1758861931220,0.0,0.0,3942.15
1758861931320,0.0,0.0,3942.15
1758861931421,0.0,0.0,3942.15
1758861931520,0.0,0.0,3942.15
1758861931620,0.0,0.0,3942.16
1758861931720,0.0,0.0,3942.16
1758861931820,0.0,0.0,3942.16
1758861931936,0.0,0.0,3942.16
1758861932021,0.0,0.0,3942.16
1758861932120,0.0,0.0,3942.15
1758861932220,0.0,0.0,3942.15
1758861932320,0.0,0.0,3942.15
1758861932420,0.0,0.0,3942.15
1758861932520,0.0,0.0,3942.15
1758861932620,0.0,0.0,3942.15
1758861932720,0.0,0.0,3942.15
1758861932820,0.0,0.0,3942.15
1758861932920,0.0,0.0,3942.15
1758861933020,0.0,0.0,3942.15
1758861933120,0.0,0.0,3942.15
1758861933220,0.0,0.0,3942.15
1758861933320,0.0,0.0,3942.15
1758861933420,0.0,0.0,3942.15
1758861933520,0.0,0.0,3942.15
1758861933620,0.0,0.0,3942.15
1758861933720,0.0,0.0,3942.16
1758861933820,0.0,0.0,3942.16
1758861933920,0.0,0.0,3942.16
1758861934020,0.0,0.0,3942.16
1758861934121,0.0,0.0,3942.16
1758861934220,0.0,0.0,3942.16
1758861934320,0.0,0.0,3942.16
1758861934420,0.0,0.0,3942.16
1758861934520,0.0,0.0,3942.16
1758861934620,0.0,0.0,3942.16
1758861934720,0.0,0.0,3942.16
1758861934820,0.0,0.0,3942.16
1758861934920,0.0,0.0,3942.16
1758861935020,0.0,0.0,3942.16
1758861935120,0.0,0.0,3942.16
1758861935220,0.0,0.0,3942.16
1758861935320,0.0,0.0,3942.16
1758861935420,0.0,0.0,3942.16
1758861935520,0.0,0.0,3942.16
1758861935620,0.0,0.0,3942.16
1758861935720,0.0,0.0,3942.16
1758861935820,0.0,0.0,3942.16
1758861935920,0.0,0.0,3942.16
1758861936020,0.0,0.0,3942.16
1758861936120,0.0,0.0,3942.16
1758861936219,0.0,0.0,3942.16
1758861936320,0.0,0.0,3942.16
1758861936421,0.0,0.0,3942.16
1758861936521,0.0,0.0,3942.16
1758861936620,0.0,0.0,3942.16
1758861936720,0.0,0.0,3942.16
1758861936820,0.0,0.0,3942.16
1758861936920,0.0,0.0,3942.16
1758861937037,0.0,0.0,3942.16
1758861937121,0.0,0.0,3942.16
1758861937220,0.0,0.0,3942.16
1758861937320,0.0,0.0,3942.16
1758861937420,0.0,0.0,3942.15
1758861937520,0.0,0.0,3942.15
1758861937620,0.0,0.0,3942.15
1758861937720,0.0,0.0,3942.15
1758861937819,0.0,0.0,3942.15
1758861937920,0.0,0.0,3942.15
1758861938020,0.0,0.0,3942.15
1758861938120,0.0,0.0,3942.15
1758861938220,0.0,0.0,3942.15
1758861938319,0.0,0.0,3942.15
1758861938420,0.0,0.0,3942.15
1758861938521,0.0,0.0,3942.15
1758861938621,0.0,0.0,3942.15
1758861938721,0.0,0.0,3942.15
1758861938820,0.0,0.0,3942.15
1758861938921,0.0,0.0,3942.15
1758861939020,0.0,0.0,3942.15
1758861939121,0.0,0.0,3942.15
1758861939220,0.0,0.0,3942.15
1758861939321,0.0,0.0,3942.15
1758861939420,0.0,0.0,3942.15
1758861939520,0.0,0.0,3942.15
1758861939620,0.0,0.0,3942.15
1758861939720,0.0,0.0,3942.15
1758861939821,0.0,0.0,3942.15
1758861939920,0.0,0.0,3942.15
1758861940021,0.0,0.0,3942.15
1758861940120,0.0,0.0,3942.15
1758861940220,0.0,0.0,3942.15
1758861940321,0.0,0.0,3942.15
1758861940420,0.0,0.0,3942.15
1758861940522,0.0,0.0,3942.15
1758861940620,0.0,0.0,3942.15
1758861940720,0.0,0.0,3942.15
1758861940820,0.0,0.0,3942.15
1758861940920,0.0,0.0,3942.15
1758861941020,0.0,0.0,3942.15
1758861941120,0.0,0.0,3942.15
1758861941220,0.0,0.0,3942.15
1758861941320,0.0,0.0,3942.15
1758861941420,0.0,0.0,3942.15
1758861941520,0.0,0.0,3942.15
1758861941620,0.0,0.0,3942.15
1758861941720,0.0,0.0,3942.15
1758861941820,0.0,0.0,3942.15
1758861941920,0.0,0.0,3942.15
1758861942020,0.0,0.0,3942.15
1758861942129,0.0,0.0,3942.15
1758861942230,0.0,0.0,3942.15
1758861942321,0.0,0.0,3942.15
1758861942420,0.0,0.0,3942.15
1758861942520,0.0,0.0,3942.15
1758861942620,0.0,0.0,3942.15
1758861942720,0.0,0.0,3942.15
1758861942819,0.0,0.0,3942.15
1758861942919,0.0,0.0,3942.15
1758861943021,0.0,0.0,3942.15
1758861943121,0.0,0.0,3942.15
1758861943221,0.0,0.0,3942.15
1758861943320,0.0,0.0,3942.15
1758861943421,0.0,0.0,3942.15
1758861943520,0.0,0.0,3942.15
1758861943620,0.0,0.0,3942.15
1758861943720,0.0,0.0,3942.15
1758861943821,0.0,0.0,3942.15
1758861943921,0.0,0.0,3942.15
1758861944021,0.0,0.0,3942.15
1758861944120,0.0,0.0,3942.15
1758861944220,0.0,0.0,3942.15
1758861944320,0.0,0.0,3942.15
1758861944421,0.0,0.0,3942.15
1758861944521,0.0,0.0,3942.15
1758861944620,0.0,0.0,3942.15
1758861944720,0.0,0.0,3942.15
1758861944820,0.0,0.0,3942.15
1758861944921,0.0,0.0,3942.15
1758861945021,0.0,0.0,3942.15
1758861945120,0.0,0.0,3942.15
1758861945220,0.0,0.0,3942.15
1758861945321,0.0,0.0,3942.15
1758861945421,0.0,0.0,3942.15
1758861945520,0.0,0.0,3942.15
1758861945620,0.0,0.0,3942.15
1758861945720,0.0,0.0,3942.15
1758861945820,0.0,0.0,3942.15
1758861945920,0.0,0.0,3942.15
1758861946020,0.0,0.0,3942.15
1758861946120,0.0,0.0,3942.15
1758861946220,0.0,0.0,3942.15
1758861946320,0.0,0.0,3942.15
1758861946420,0.0,0.0,3942.14
1758861946520,0.0,0.0,3942.06
1758861946620,0.0,0.0,3942.06
1758861946720,0.0,0.0,3942.06
1758861946820,0.0,0.0,3942.06
1758861946920,0.0,0.0,3942.06
1758861947020,0.0,0.0,3942.06
1758861947121,0.0,0.0,3942.06
1758861947222,0.0,0.0,3942.06
1758861947346,0.0,0.0,3942.06
1758861947421,0.0,0.0,3942.06
1758861947521,0.0,0.0,3942.06
1758861947621,0.0,0.0,3942.06
1758861947721,0.0,0.0,3941.95
1758861947821,0.0,0.0,3941.76
1758861947921,0.0,0.0,3941.76
1758861948021,0.0,0.0,3941.76
1758861948121,0.0,0.0,3941.76
1758861948221,0.0,0.0,3941.76
1758861948321,0.0,0.0,3941.76
1758861948420,0.0,0.0,3941.76
1758861948520,0.0,0.0,3941.76
1758861948620,0.0,0.0,3941.76
1758861948720,0.0,0.0,3941.76
1758861948821,0.0,0.0,3941.76
1758861948920,0.0,0.0,3941.76
1758861949020,0.0,0.0,3941.76
1758861949120,0.0,0.0,3941.76
1758861949220,0.0,0.0,3941.76
1758861949320,0.0,0.0,3941.76
1758861949420,0.0,0.0,3941.76
1758861949520,0.0,0.0,3941.76
1758861949620,0.0,0.0,3941.76
1758861949721,0.0,0.0,3941.76
1758861949820,0.0,0.0,3941.76
1758861949920,0.0,0.0,3941.61
1758861950020,0.0,0.0,3941.61
1758861950120,0.0,0.0,3941.61
1758861950219,0.0,0.0,3941.61
1758861950319,0.0,0.0,3941.61
1758861950420,0.0,0.0,3941.61
1758861950524,0.0,0.0,3941.61
1758861950620,0.0,0.0,3941.61
1758861950720,0.0,0.0,3941.61
1758861950820,0.0,0.0,3941.61
1758861950920,0.0,0.0,3941.61
1758861951020,0.0,0.0,3941.61
1758861951120,0.0,0.0,3941.61
1758861951220,0.0,0.0,3941.61
1758861951321,0.0,0.0,3941.61
1758861951421,0.0,0.0,3941.61
1758861951521,0.0,0.0,3941.61
1758861951621,0.0,0.0,3941.61
1758861951721,0.0,0.0,3941.61
1758861951820,0.0,0.0,3941.61
1758861951920,0.0,0.0,3941.61
1758861952020,0.0,0.0,3941.61
1758861952120,0.0,0.0,3941.61
1758861952220,0.0,0.0,3941.61
1758861952320,0.0,0.0,3941.61
1758861952430,0.0,0.0,3941.61
1758861952523,0.0,0.0,3941.61
1758861952620,0.0,0.0,3941.61
1758861952720,0.0,0.0,3941.61
1758861952820,0.0,0.0,3941.61
1758861952920,0.0,0.0,3941.61
1758861953020,0.0,0.0,3941.61
1758861953120,0.0,0.0,3941.61
1758861953220,0.0,0.0,3941.61
1758861953320,0.0,0.0,3941.61
1758861953420,0.0,0.0,3941.61
1758861953520,0.0,0.0,3941.61
1758861953620,0.0,0.0,3941.61
1758861953720,0.0,0.0,3941.61
1758861953820,0.0,0.0,3941.61
1758861953920,0.0,0.0,3941.61
1758861954020,0.0,0.0,3941.61
1758861954220,0.0,0.0,3941.61
1758861954320,0.0,0.0,3941.61
1758861954419,0.0,0.0,3941.61
1758861954519,0.0,0.0,3941.61
1758861954620,0.0,0.0,3941.61
1758861954720,0.0,0.0,3941.61
1758861954819,0.0,0.0,3941.61
1758861954920,0.0,0.0,3941.61
1758861955021,0.0,0.0,3941.61
1758861955121,0.0,0.0,3941.61
1758861955220,0.0,0.0,3941.61
1758861955321,0.0,0.0,3941.61
1758861955421,0.0,0.0,3941.61
1758861955521,0.0,0.0,3941.61
1758861955621,0.0,0.0,3941.61
1758861955720,0.0,0.0,3941.61
1758861955820,0.0,0.0,3941.61
1758861955921,0.0,0.0,3941.61
1758861956020,0.0,0.0,3941.61
1758861956120,0.0,0.0,3941.61
1758861956220,0.0,0.0,3941.61
1758861956320,0.0,0.0,3941.61
1758861956421,0.0,0.0,3941.57
1758861956520,0.0,0.0,3941.57
1758861956620,0.0,0.0,3941.66
1758861956720,0.0,0.0,3941.76
1758861956820,0.0,0.0,3941.76
1758861956920,0.0,0.0,3941.76
1758861957020,0.0,0.0,3942.02
1758861957120,0.0,0.0,3942.02
1758861957220,0.0,0.0,3942.02
1758861957320,0.0,0.0,3942.02
1758861957420,0.0,0.0,3942.02
1758861957528,0.0,0.0,3942.02
1758861957621,0.0,0.0,3942.02
1758861957720,0.0,0.0,3942.02
1758861957820,0.0,0.0,3942.02
1758861957920,0.0,0.0,3942.02
1758861958020,0.0,0.0,3942.02
1758861958120,0.0,0.0,3942.02
1758861958220,0.0,0.0,3942.02
1758861958320,0.0,0.0,3942.02
1758861958420,0.0,0.0,3942.02
1758861958520,0.0,0.0,3942.02
1758861958620,0.0,0.0,3942.02
1758861958720,0.0,0.0,3942.02
1758861958820,0.0,0.0,3942.02
1758861958920,0.0,0.0,3942.02
1758861959020,0.0,0.0,3942.02
1758861959121,0.0,0.0,3942.56
1758861959221,0.0,0.0,3942.56
1758861959321,0.0,0.0,3942.56
1758861959421,0.0,0.0,3942.56
1758861959521,0.0,0.0,3942.56
1758861959621,0.0,0.0,3942.56
1758861959721,0.0,0.0,3942.56
1758861959821,0.0,0.0,3942.56
1758861959921,0.0,0.0,3942.56
1758861960021,0.0,0.0,3942.56
1758861960120,0.0,0.0,3942.56
1758861960220,0.0,0.0,3942.56
1758861960320,0.0,0.0,3942.56
1758861960421,0.0,0.0,3942.56
1758861960520,0.0,0.0,3942.77
1758861960620,0.0,0.0,3942.77
1758861960720,0.0,0.0,3942.77
1758861960821,0.0,0.0,3942.77
1758861960920,0.0,0.0,3942.77
1758861961020,0.0,0.0,3942.77
1758861961120,0.0,0.0,3942.8
1758861961220,0.0,0.0,3943.14
1758861961320,0.0,0.0,3943.14
1758861961421,0.0,0.0,3943.14
1758861961520,0.0,0.0,3943.14
1758861961620,0.0,0.0,3943.14
1758861961721,0.0,0.0,3943.14
1758861961820,0.0,0.0,3943.14
1758861961920,0.0,0.0,3943.14
1758861962020,0.0,0.0,3943.84
1758861962120,0.0,0.0,3943.84
1758861962220,0.0,0.0,3943.84
1758861962320,0.0,0.0,3943.84
1758861962420,0.0,0.0,3943.84
1758861962525,0.0,0.0,3943.84
1758861962619,0.0,0.0,3943.84
1758861962720,0.0,0.0,3943.84
1758861962820,0.0,0.0,3943.84
1758861962920,0.0,0.0,3943.84
1758861963020,0.0,0.0,3943.84
1758861963121,0.0,0.0,3943.84
1758861963221,0.0,0.0,3943.84
1758861963321,0.0,0.0,3943.84
1758861963421,0.0,0.0,3943.84
1758861963521,0.0,0.0,3943.84
1758861963620,0.0,0.0,3943.84
1758861963721,0.0,0.0,3943.84
1758861963821,0.0,0.0,3943.84
1758861963921,0.0,0.0,3943.84
1758861964021,0.0,0.0,3943.84
1758861964121,0.0,0.0,3943.84
1758861964220,0.0,0.0,3943.84
1758861964320,0.0,0.0,3943.84
1758861964421,0.0,0.0,3943.84
1758861964523,0.0,0.0,3943.72
1758861964620,0.0,0.0,3943.72
1758861964720,0.0,0.0,3943.72
1758861964821,0.0,0.0,3943.72
1758861964920,0.0,0.0,3943.63
1758861965021,0.0,0.0,3943.43
1758861965120,0.0,0.0,3943.43
1758861965220,0.0,0.0,3943.43
1758861965320,0.0,0.0,3943.22
1758861965421,0.0,0.0,3943.22
1758861965521,0.0,0.0,3943.22
1758861965621,0.0,0.0,3943.22
1758861965721,0.0,0.0,3943.22
1758861965820,0.0,0.0,3943.22
1758861965920,0.0,0.0,3943.22
1758861966020,0.0,0.0,3943.22
1758861966120,0.0,0.0,3943.22
1758861966220,0.0,0.0,3943.22
1758861966320,0.0,0.0,3943.22
1758861966420,0.0,0.0,3943.22
1758861966520,0.0,0.0,3943.22
1758861966620,0.0,0.0,3943.22
1758861966720,0.0,0.0,3943.22
1758861966820,0.0,0.0,3943.22
1758861966920,0.0,0.0,3943.22
1758861967020,0.0,0.0,3943.17
1758861967120,0.0,0.0,3943.17
1758861967221,0.0,0.0,3943.17
1758861967321,0.0,0.0,3943.17
1758861967420,0.0,0.0,3943.17
1758861967521,0.0,0.0,3943.17
1758861967631,0.0,0.0,3943.14
1758861967721,0.0,0.0,3943.14
1758861967821,0.0,0.0,3943.14
1758861967920,0.0,0.0,3943.14
1758861968021,0.0,0.0,3943.14
1758861968121,0.0,0.0,3943.14
1758861968221,0.0,0.0,3943.14
1758861968321,0.0,0.0,3942.8
1758861968420,0.0,0.0,3942.8
1758861968521,0.0,0.0,3942.8
1758861968621,0.0,0.0,3942.8
1758861968721,0.0,0.0,3942.8
1758861968820,0.0,0.0,3942.8
1758861968921,0.0,0.0,3942.8
1758861969020,0.0,0.0,3942.8
1758861969120,0.0,0.0,3942.8
1758861969220,0.0,0.0,3942.8
1758861969320,0.0,0.0,3942.8
1758861969421,0.0,0.0,3942.8
1758861969521,0.0,0.0,3942.8
1758861969620,0.0,0.0,3942.8
1758861969720,0.0,0.0,3942.8
1758861969820,0.0,0.0,3942.8
1758861969920,0.0,0.0,3942.8
1758861970023,0.0,0.0,3942.6
1758861970120,0.0,0.0,3942.6
1758861970220,0.0,0.0,3942.06
1758861970320,0.0,0.0,3942.01
1758861970421,0.0,0.0,3942.01
1758861970520,0.0,0.0,3942.01
1758861970620,0.0,0.0,3942.01
1758861970719,0.0,0.0,3942.01
1758861970820,0.0,0.0,3942.01
1758861970920,0.0,0.0,3942.01
1758861971020,0.0,0.0,3942.01
1758861971120,0.0,0.0,3942.01
1758861971220,0.0,0.0,3942.01
1758861971320,0.0,0.0,3942.01
1758861971420,0.0,0.0,3942.01
1758861971520,0.0,0.0,3942.01
1758861971620,0.0,0.0,3942.01
1758861971720,0.0,0.0,3942.01
1758861971820,0.0,0.0,3942.01
1758861971920,0.0,0.0,3942.01
1758861972021,0.0,0.0,3942.01
1758861972121,0.0,0.0,3942.01
1758861972221,0.0,0.0,3942.01
1758861972320,0.0,0.0,3942.01
1758861972421,0.0,0.0,3942.01
1758861972521,0.0,0.0,3942.01
1758861972621,0.0,0.0,3942.01
1758861972733,0.0,0.0,3942.01
1758861972842,0.0,0.0,3942.01
1758861972923,0.0,0.0,3942.01
1758861973027,0.0,0.0,3942.01
1758861973121,0.0,0.0,3942.01
1758861973221,0.0,0.0,3941.95
1758861973321,0.0,0.0,3941.93
1758861973421,0.0,0.0,3941.93
1758861973520,0.0,0.0,3941.93
1758861973621,0.0,0.0,3941.93
1758861973721,0.0,0.0,3941.93
1758861973821,0.0,0.0,3941.93
1758861973921,0.0,0.0,3941.93
1758861974021,0.0,0.0,3941.93
1758861974121,0.0,0.0,3941.93
1758861974221,0.0,0.0,3941.93
1758861974320,0.0,0.0,3941.93
1758861974420,0.0,0.0,3941.92
1758861974520,0.0,0.0,3941.92
1758861974622,0.0,0.0,3941.79
1758861974721,0.0,0.0,3941.79
1758861974820,0.0,0.0,3941.79
1758861974920,0.0,0.0,3941.79
1758861975020,0.0,0.0,3941.79
1758861975120,0.0,0.0,3941.59
1758861975220,0.0,0.0,3941.59
1758861975321,0.0,0.0,3941.59
1758861975420,0.0,0.0,3941.59
1758861975522,0.0,0.0,3941.59
1758861975621,0.0,0.0,3941.59
1758861975720,0.0,0.0,3941.59
1758861975820,0.0,0.0,3941.56
1758861975920,0.0,0.0,3941.54
1758861976020,0.0,0.0,3941.54
1758861976120,0.0,0.0,3941.54
1758861976220,0.0,0.0,3941.54
1758861976321,0.0,0.0,3941.54
1758861976421,0.0,0.0,3941.54
1758861976521,0.0,0.0,3941.54
1758861976621,0.0,0.0,3941.54
1758861976721,0.0,0.0,3941.54
1758861976821,0.0,0.0,3941.54
1758861976921,0.0,0.0,3941.54
1758861977021,0.0,0.0,3941.36
1758861977121,0.0,0.0,3941.36
1758861977220,0.0,0.0,3941.36
1758861977321,0.0,0.0,3941.36
1758861977420,0.0,0.0,3941.36
1758861977520,0.0,0.0,3941.36
1758861977621,0.0,0.0,3941.36
1758861977720,0.0,0.0,3941.36
1758861977820,0.0,0.0,3941.36
1758861977935,0.0,0.0,3940.68
1758861978027,0.0,0.0,3940.64
1758861978123,0.0,0.0,3940.47
1758861978220,0.0,0.0,3940.47
1758861978320,0.0,0.0,3940.47
1758861978421,0.0,0.0,3940.47
1758861978520,0.0,0.0,3940.47
1758861978620,0.0,0.0,3940.47
1758861978719,0.0,0.0,3940.47
1758861978820,0.0,0.0,3940.47
1758861978920,0.0,0.0,3940.47
1758861979020,0.0,0.0,3940.47
1758861979120,0.0,0.0,3940.47
1758861979220,0.0,0.0,3940.47
1758861979321,0.0,0.0,3940.47
1758861979421,0.0,0.0,3940.48
1758861979521,0.0,0.0,3940.48
1758861979621,0.0,0.0,3940.48
1758861979720,0.0,0.0,3940.48
1758861979820,0.0,0.0,3940.48
1758861979920,0.0,0.0,3940.48
1758861980020,0.0,0.0,3940.48
1758861980121,0.0,0.0,3940.48
1758861980220,0.0,0.0,3940.48
1758861980320,0.0,0.0,3940.48
1758861980420,0.0,0.0,3940.48
1758861980520,0.0,0.0,3940.48
1758861980620,0.0,0.0,3940.48
1758861980721,0.0,0.0,3940.48
1758861980820,0.0,0.0,3940.48
1758861980920,0.0,0.0,3940.48
1758861981020,0.0,0.0,3940.48
1758861981120,0.0,0.0,3940.48
1758861981220,0.0,0.0,3940.48
1758861981320,0.0,0.0,3940.48
1758861981421,0.0,0.0,3940.48
1758861981520,0.0,0.0,3940.47
1758861981620,0.0,0.0,3940.47
1758861981720,0.0,0.0,3940.47
1758861981820,0.0,0.0,3940.47
1758861981920,0.0,0.0,3940.47
1758861982021,0.0,0.0,3940.47
1758861982121,0.0,0.0,3940.47
1758861982221,0.0,0.0,3940.47
1758861982321,0.0,0.0,3940.47
1758861982420,0.0,0.0,3940.47
1758861982520,0.0,0.0,3940.47
1758861982621,0.0,0.0,3940.47
