timestamp,price,qty,sell
1758860441922,3974.32,0.3534,False
1758860441922,3974.32,0.492,False
1758860441922,3974.32,2.3147,False
1758860441922,3974.32,1.732,False
1758860441922,3974.32,0.3946,False
1758860441922,3974.32,1.9358,False
1758860441922,3974.4,0.254,False
1758860441922,3974.41,0.354,False
1758860441922,3974.44,0.1259,False
1758860444902,3974.44,0.3977,True
1758860445329,3974.45,0.3385,False
1758860448015,3974.45,0.302,False
1758860448104,3974.45,1.6673,False
1758860448105,3974.46,0.1611,False
1758860448105,3974.51,0.1621,False
1758860448116,3974.71,0.2516,False
1758860448116,3974.71,0.1006,False
1758860448116,3974.71,0.1006,False
1758860448116,3974.73,0.3375,False
1758860448127,3974.84,0.1007,False
1758860448131,3974.84,0.2516,False
1758860448131,3974.84,0.1006,False
1758860448132,3975.0,0.2135,False
1758860448133,3975.0,0.2865,False
1758860448133,3975.0,0.1891,False
1758860448133,3975.1,0.1033,False
1758860448133,3975.1,0.1649,False
1758860448133,3975.11,0.1841,False
1758860448133,3975.11,0.1509,False
1758860448134,3975.14,0.349,False
1758860448134,3975.21,0.3284,False
1758860448134,3975.21,0.349,False
1758860448134,3975.21,0.349,False
1758860448135,3975.21,0.349,False
1758860448135,3975.21,0.285,False
1758860448135,3975.23,0.1258,False
1758860448135,3975.35,0.2912,False
1758860448136,3975.35,0.349,False
1758860449467,3975.35,0.1334,False
1758860449467,3975.35,1.5466,False
1758860449630,3975.5,0.2006,False
1758860449630,3975.5,0.1643,False
1758860449632,3975.5,0.493,False
1758860449632,3975.5,0.559,False
1758860449632,3975.5,0.2679,False
1758860449633,3975.52,0.1,False
1758860449633,3975.54,0.2264,False
1758860449633,3975.68,0.1193,False
1758860449639,3975.74,0.2412,False
1758860449639,3976.0,0.1689,False
1758860449639,3976.03,0.1258,False
1758860449639,3976.06,0.349,False
1758860449640,3976.06,0.343,False
1758860449640,3976.06,0.349,False
1758860449640,3976.06,0.349,False
1758860449640,3976.06,0.349,False
1758860449640,3976.06,0.3329,False
1758860449641,3976.13,0.2649,False
1758860449642,3976.13,0.1863,False
1758860449642,3976.14,0.1613,False
1758860449643,3976.15,0.1,False
1758860449643,3976.4,0.3273,False
1758860449647,3976.4,0.349,False
1758860449861,3976.39,0.191,True
1758860450046,3976.39,1.732,True
1758860450046,3976.39,0.1769,True
1758860450046,3976.39,1.9098,True
1758860450046,3976.39,1.5087,True
1758860450046,3976.39,0.1984,True
1758860450046,3976.39,0.1,True
1758860450046,3976.39,3.0775,True
1758860450046,3976.39,1.1253,True
1758860450312,3976.39,0.3671,True
1758860450812,3976.4,1.4624,False
1758860450812,3976.4,0.1114,False
1758860450812,3976.4,0.1013,False
1758860450812,3976.4,2.3537,False
1758860450812,3976.4,0.3943,False
1758860450812,3976.4,1.9358,False
1758860450812,3976.43,0.1258,False
1758860450812,3976.46,0.4613,False
1758860450812,3976.47,0.2239,False
1758860450812,3976.47,0.6937,False
1758860450812,3976.5,0.2515,False
1758860450812,3976.55,0.1,False
1758860450812,3976.77,0.1257,False
1758860450812,3976.79,1.2164,False
1758860450812,3976.8,4.05,False
1758860450812,3976.82,0.1258,False
1758860450812,3976.85,0.7119,False
1758860450812,3976.87,0.8109,False
1758860450812,3976.89,1.889,False
1758860450812,3976.98,13.0998,False
1758860450857,3976.89,3.1938,False
1758860450857,3976.89,0.9658,False
1758860450857,3976.89,0.8219,False
1758860450857,3976.89,4.05,False
1758860450857,3976.89,1.4173,False
1758860450857,3976.89,2.1059,False
1758860451110,3976.89,0.5146,False
1758860451179,3976.88,0.3745,True
1758860451179,3976.88,1.5096,True
1758860451179,3976.88,2.2704,True
1758860451179,3976.88,0.7199,True
1758860451179,3976.88,4.05,True
1758860451179,3976.88,0.1001,True
1758860451667,3976.76,0.8109,False
1758860451677,3976.75,0.2461,True
1758860451678,3976.75,0.1093,True
1758860451678,3976.68,0.7577,True
1758860451678,3976.49,0.1006,True
1758860451678,3976.49,0.1006,True
1758860451682,3976.49,0.9656,False
1758860451687,3976.48,0.1,True
1758860452422,3976.49,0.821,False
1758860453140,3976.47,1.4015,True
1758860453140,3976.47,0.1777,True
1758860453140,3976.47,0.1777,True
1758860453140,3976.47,0.1777,True
1758860453140,3976.47,0.1777,True
1758860453140,3976.47,0.1777,True
1758860453140,3976.47,0.1777,True
1758860453140,3976.47,0.1777,True
1758860453140,3976.47,0.1777,True
1758860453140,3976.47,0.1769,True
1758860453153,3976.44,0.2811,True
1758860453153,3976.42,0.1258,True
1758860453153,3976.39,0.378,True
1758860453160,3976.27,4.0,False
1758860453160,3976.27,0.3974,False
1758860453160,3976.27,2.5682,False
1758860453160,3976.27,2.0344,False
1758860453630,3976.27,3.7993,False
1758860454120,3976.19,0.1889,False
1758860454120,3976.19,4.1882,False
1758860454142,3976.18,0.2608,True
1758860454142,3976.18,2.5686,True
1758860454144,3976.17,0.1272,True
1758860454162,3976.07,0.2263,True
1758860454162,3976.03,0.1258,True
1758860454162,3976.01,0.8438,True
1758860454262,3975.99,0.1,True
1758860454275,3975.87,0.2515,True
1758860454275,3975.82,0.1857,True
1758860454278,3975.82,0.809,True
1758860454278,3975.66,0.1006,True
1758860454278,3975.63,0.1258,True
1758860454288,3975.58,3.0775,True
1758860454288,3975.56,3.5565,True
1758860454390,3975.56,0.1053,True
1758860454491,3975.56,0.3593,True
1758860454501,3975.35,0.1497,True
1758860454501,3975.35,0.1497,True
1758860454501,3975.35,0.1497,True
1758860454501,3975.35,0.1497,True
1758860454501,3975.35,0.1497,True
1758860454503,3975.28,0.1,True
1758860454504,3975.25,0.1509,True
1758860454506,3975.23,0.1258,True
1758860454516,3975.06,0.1,True
1758860455696,3975.02,0.378,True
1758860455914,3975.02,0.238,True
1758860455914,3975.02,0.3252,True
1758860455914,3975.02,0.3252,True
1758860455914,3975.02,0.3252,True
1758860455914,3975.02,0.3252,True
1758860455914,3975.02,0.3252,True
1758860455914,3975.02,0.3252,True
1758860455914,3975.02,0.3252,True
1758860455914,3975.02,0.3252,True
1758860455914,3975.02,0.3243,True
1758860456576,3974.65,0.5286,False
1758860457575,3974.64,0.3393,True
1758860457575,3974.64,0.268,True
1758860459846,3974.65,0.2413,False
1758860459846,3974.65,1.9358,False
1758860459846,3974.65,1.9098,False
1758860459846,3974.65,0.302,False
1758860459846,3974.66,0.8085,False
1758860459884,3974.84,0.1207,False
1758860462085,3974.84,0.242,False
1758860462442,3974.84,0.1321,False
1758860463297,3974.83,0.1764,True
1758860463297,3974.83,1.5085,True
1758860463297,3974.83,1.5087,True
1758860463297,3974.83,0.1706,True
1758860463297,3974.83,1.5085,True
1758860463297,3974.83,2.0,True
1758860463297,3974.83,0.1711,True
1758860463297,3974.83,0.1166,True
1758860463324,3974.64,0.99,True
1758860463363,3974.45,0.2264,True
1758860463363,3974.44,0.1259,True
1758860463363,3974.44,0.1006,True
1758860463363,3974.44,0.1006,True
1758860463363,3974.43,0.2274,True
1758860463363,3974.43,0.1313,True
1758860464442,3974.44,7.5721,False
1758860464442,3974.44,1.2292,False
1758860464442,3974.44,1.6119,False
1758860464442,3974.44,2.1553,False
1758860465339,3974.44,0.191,False
1758860465339,3974.44,1.6961,False
1758860465339,3974.44,0.26,False
1758860465339,3974.44,2.0,False
1758860465339,3974.44,1.9358,False
1758860465339,3974.44,0.1001,False
1758860465339,3974.44,2.0342,False
1758860465339,3974.44,0.6617,False
1758860465339,3974.44,3.0946,False
1758860465339,3974.44,0.2318,False
1758860465339,3974.44,0.2368,False
1758860465339,3974.44,0.6075,False
1758860465339,3974.44,0.571,False
1758860465339,3974.44,4.7447,False
1758860465339,3974.44,1.5119,False
1758860465732,3974.43,0.2274,True
1758860465732,3974.43,0.2274,True
1758860465732,3974.43,0.2274,True
1758860465732,3974.43,0.2274,True
1758860465732,3974.43,0.2274,True
1758860465732,3974.43,0.2274,True
1758860465732,3974.43,0.2274,True
1758860465732,3974.43,0.2264,True
1758860466973,3974.38,2.5158,False
1758860469012,3974.38,1.4842,False
1758860469012,3974.38,0.8312,False
1758860469012,3974.38,3.1247,False
1758860470044,3974.38,0.191,False
1758860470154,3974.37,0.7045,True
1758860471410,3974.37,0.1608,True
1758860471410,3974.37,0.304,True
1758860471410,3974.32,1.2066,True
1758860471410,3974.24,0.1685,True
1758860471410,3974.18,0.2264,True
1758860471410,3974.13,0.9408,True
1758860473162,3974.07,0.9971,True
1758860473515,3974.07,0.481,True
1758860473515,3974.07,1.5087,True
1758860473516,3974.04,0.1259,True
1758860473516,3974.04,0.151,True
1758860473516,3974.04,0.2516,True
1758860473516,3974.0,0.4321,True
1758860473516,3973.98,0.1006,True
1758860473666,3973.91,0.2839,True
1758860473666,3973.91,1.5066,True
1758860473672,3973.82,0.1,True
1758860473681,3973.69,0.1007,True
1758860473681,3973.64,0.1259,True
1758860473681,3973.64,0.2517,True
1758860473701,3973.57,0.1007,True
1758860473705,3973.5,0.2516,True
1758860475106,3973.37,1.0,False
1758860475624,3973.36,1.4506,True
1758860475637,3973.29,0.1184,True
1758860476170,3973.26,0.9885,True
1758860476170,3973.24,0.1259,True
1758860476170,3973.23,0.1,True
1758860476171,3973.17,0.2265,True
1758860476504,3973.0,0.1504,True
1758860476504,3972.97,0.2517,True
1758860476710,3972.85,0.1117,True
1758860476712,3972.65,0.1771,True
1758860476714,3972.65,0.2418,True
1758860476773,3972.57,0.2517,True
1758860476775,3972.5,0.2517,True
1758860476821,3972.45,0.1191,True
1758860476828,3972.29,0.4648,True
1758860476828,3972.29,0.3523,True
1758860477260,3972.16,0.1,True
1758860477260,3972.06,0.1007,True
1758860477260,3972.06,0.1007,True
1758860477260,3972.05,0.1259,True
1758860477281,3971.84,0.1633,True
1758860477317,3971.84,0.6566,True
1758860479104,3971.82,0.13,False
1758860479798,3971.81,0.2518,True
1758860479976,3971.82,0.1694,False
1758860479984,3971.82,0.1326,False
1758860479984,3971.82,0.1083,False
1758860479993,3971.82,0.2515,False
1758860480002,3971.82,0.2516,False
1758860488808,3971.82,0.297,False
1758860488808,3971.82,0.7988,False
1758860489452,3971.82,0.1051,False
1758860490365,3971.81,0.1575,True
1758860490482,3971.81,0.7548,True
1758860490484,3971.81,0.3029,True
1758860490484,3971.81,0.1696,True
1758860490484,3971.81,0.1598,True
1758860490484,3971.81,0.2459,True
1758860491479,3971.73,0.2672,False
1758860491479,3971.73,0.3478,False
1758860491669,3971.62,0.2266,True
1758860491716,3971.42,0.1,True
1758860491716,3971.42,0.2518,True
1758860491716,3971.42,0.1007,True
1758860491716,3971.42,0.1007,True
1758860495469,3971.34,0.191,False
1758860495469,3971.34,0.302,False
1758860495469,3971.34,7.5534,False
1758860495469,3971.34,2.2119,False
1758860495469,3971.37,0.259,False
1758860495469,3971.43,0.1511,False
1758860495469,3971.44,6.2911,False
1758860495469,3971.53,0.2266,False
1758860495469,3971.67,0.1028,False
1758860495469,3971.7,0.5881,False
1758860495469,3971.73,0.6339,False
1758860495469,3971.73,0.1007,False
1758860495469,3971.73,0.2518,False
1758860495469,3971.74,0.1,False
1758860495469,3971.74,3.1445,False
1758860497565,3971.74,0.1007,False
1758860497984,3971.74,7.4489,False
1758860497984,3971.82,2.0314,False
1758860498309,3972.0,0.1876,False
1758860498309,3972.05,0.1259,False
1758860498309,3972.13,0.2518,False
1758860498309,3972.22,0.1,False
1758860498309,3972.33,0.1007,False
1758860498316,3972.4,0.1243,False
1758860498317,3972.45,0.1259,False
1758860498317,3972.5,0.2377,False
1758860498425,3972.5,0.1906,False
1758860498908,3972.49,1.0765,True
1758860500048,3972.49,0.1341,True
1758860500048,3972.49,0.1604,True
1758860500417,3972.5,0.1886,False
1758860500417,3972.5,1.0701,False
1758860501829,3972.5,0.3499,False
1758860501879,3972.5,0.151,False
1758860503453,3972.49,0.1049,True
1758860506411,3972.5,0.9839,False
1758860506955,3972.49,0.305,True
1758860506955,3972.49,0.1595,True
1758860506955,3972.49,0.6999,True
1758860506955,3972.49,0.1731,True
1758860506955,3972.49,0.2526,True
1758860506955,3972.49,0.1633,True
1758860506955,3972.49,0.1603,True
1758860506955,3972.49,0.1703,True
1758860506977,3972.4,0.151,True
1758860507129,3972.14,0.7943,True
1758860507150,3972.1,0.1007,True
1758860507150,3972.1,0.2518,True
1758860507151,3972.09,0.1,True
1758860507329,3972.05,0.1259,True
1758860507823,3971.91,0.3319,True
1758860508883,3971.92,0.191,False
1758860508883,3971.92,0.302,False
1758860508917,3972.32,0.1,False
1758860508917,3972.45,0.1259,False
1758860513752,3972.5,0.4792,False
1758860513752,3972.5,0.519,False
1758860514962,3972.49,0.2445,True
1758860514962,3972.49,10.818,True
1758860514962,3972.49,2.2198,True
1758860514962,3972.49,0.4428,True
1758860514962,3972.49,0.1498,True
1758860514962,3972.49,4.05,True
1758860514962,3972.49,4.6577,True
1758860514962,3972.49,0.1001,True
1758860514962,3972.49,1.9358,True
1758860514962,3972.49,0.1498,True
1758860514962,3972.49,0.1498,True
1758860514962,3972.49,0.1244,True
1758860514962,3972.48,0.1624,True
1758860514962,3972.48,0.1498,True
1758860514962,3972.48,0.1624,True
1758860514962,3972.48,0.1498,True
1758860514962,3972.48,0.1624,True
1758860514962,3972.48,0.1498,True
1758860514962,3972.48,0.1624,True
1758860514962,3972.48,0.1498,True
1758860514962,3972.48,0.1624,True
1758860514962,3972.48,0.1488,True
1758860514962,3972.48,0.1624,True
1758860514962,3972.48,0.1624,True
1758860514962,3972.48,0.1624,True
1758860514962,3972.48,0.1624,True
1758860514962,3972.48,0.1619,True
1758860514962,3972.24,3.1481,True
1758860515145,3972.09,0.1,True
1758860515145,3972.05,0.1259,True
1758860515145,3971.9,0.1498,True
1758860515145,3971.9,0.1498,True
1758860515145,3971.9,0.1498,True
1758860515145,3971.9,0.1498,True
1758860515145,3971.9,0.1498,True
1758860515145,3971.9,0.1498,True
1758860515145,3971.86,0.7815,True
1758860517021,3971.86,0.1521,True
1758860517021,3971.86,1.9687,True
1758860517091,3971.86,0.4556,True
1758860517091,3971.86,0.1521,True
1758860517091,3971.86,0.1521,True
1758860517091,3971.86,0.1521,True
1758860517107,3971.86,0.1104,True
1758860517107,3971.86,0.1357,True
1758860517107,3971.86,0.1521,True
1758860517107,3971.86,0.1521,True
1758860517116,3971.86,0.1177,True
1758860517116,3971.74,0.1258,True
1758860517237,3971.7,0.1001,True
1758860517237,3971.67,0.2266,True
1758860517237,3971.65,0.1259,True
1758860517273,3971.47,0.2118,True
1758860517317,3971.36,0.1007,True
1758860517360,3971.33,0.2542,True
1758860518537,3971.34,0.6863,False
1758860518542,3971.34,1.0,False
1758860519473,3971.33,0.1816,True
1758860520668,3971.34,0.191,False
1758860520668,3971.34,0.302,False
1758860520668,3971.34,0.259,False
1758860521016,3971.43,0.1511,False
1758860521016,3971.53,0.2266,False
1758860521183,3971.69,1.0263,False
1758860521270,3971.69,0.1257,False
1758860521270,3971.69,0.1145,False
1758860521274,3971.69,0.1258,False
1758860521414,3971.68,0.3978,True
1758860521578,3971.69,5.2594,False
1758860521578,3971.69,0.9712,False
1758860521578,3971.69,0.259,False
1758860521578,3971.69,0.4808,False
1758860523617,3971.73,0.1007,False
1758860523617,3971.73,0.1007,False
1758860523617,3971.73,0.2518,False
1758860523617,3971.76,0.259,False
1758860524694,3971.82,1.9374,False
1758860525016,3972.05,0.1259,False
1758860525016,3972.13,0.1511,False
1758860525104,3972.21,0.1,False
1758860526050,3972.2,0.1752,True
1758860526780,3972.2,0.4068,True
1758860528013,3972.2,1.7654,True
1758860528304,3972.2,0.2,True
1758860528319,3972.21,0.29,False
1758860528319,3972.21,0.1046,False
1758860528319,3972.21,0.2872,False
1758860528581,3972.29,2.5787,True
1758860533785,3972.3,0.497,False
1758860533870,3972.29,10.7648,True
1758860533870,3972.29,0.2318,True
1758860533870,3972.29,0.191,True
1758860533870,3972.29,0.8466,True
1758860533870,3972.29,1.8084,True
1758860533870,3972.29,1.6146,True
1758860533870,3972.29,2.2653,True
1758860533870,3972.29,3.2153,True
1758860533870,3972.29,0.9973,True
1758860533870,3972.29,0.1877,True
1758860533870,3972.29,0.1001,True
1758860537547,3972.29,0.1583,True
1758860538554,3972.3,0.1478,False
1758860538635,3972.3,0.1187,False
1758860538635,3972.3,0.302,False
1758860538635,3972.3,4.0,False
1758860538635,3972.4,0.2266,False
1758860538637,3972.45,0.1259,False
1758860538645,3972.49,0.2265,False
1758860538645,3972.5,0.2499,False
1758860539834,3972.5,0.2274,False
1758860539834,3972.5,3.5382,False
1758860541809,3972.5,2.622,False
1758860542345,3972.53,0.33,True
1758860542345,3972.53,0.17,True
1758860542487,3972.54,0.1,False
1758860542487,3972.6,0.1007,False
1758860542487,3972.6,0.2517,False
1758860542488,3972.69,0.1007,False
1758860542488,3972.69,0.2265,False
1758860542577,3972.85,0.1259,False
1758860542579,3972.89,0.1007,False
1758860542669,3973.0,0.151,False
1758860542669,3973.0,0.2517,False
1758860542737,3973.25,0.1259,False
1758860542818,3973.29,0.2517,False
1758860542818,3973.29,0.151,False
1758860543795,3973.34,1.3888,False
1758860544073,3973.63,0.1,True
1758860546898,3973.92,0.2481,False
1758860549020,3973.91,0.4739,True
1758860549906,3973.92,0.1202,False
1758860553035,3973.92,0.302,False
1758860553035,3973.92,1.9358,False
1758860553035,3973.92,0.1001,False
1758860553035,3973.98,1.2221,False
1758860553035,3973.98,1.2721,False
1758860553035,3973.98,1.233,False
1758860553035,3973.98,2.5599,False
1758860553035,3974.0,1.0,False
1758860553035,3974.04,0.1259,False
1758860553035,3974.11,0.2265,False
1758860553043,3974.3,0.1,False
1758860553043,3974.31,0.2516,False
1758860558362,3974.31,0.7574,False
1758860558823,3974.31,0.349,False
1758860558824,3974.31,0.343,False
1758860558824,3974.31,0.349,False
1758860559359,3974.31,0.349,False
1758860559359,3974.31,0.349,False
1758860559359,3974.31,0.323,False
1758860559360,3974.31,0.349,False
1758860559360,3974.31,0.285,False
1758860559822,3974.31,0.394,False
1758860559822,3974.31,0.349,False
1758860559822,3974.31,0.349,False
1758860559823,3974.31,0.349,False
1758860559823,3974.31,0.349,False
1758860559823,3974.31,0.349,False
1758860560148,3974.31,0.3208,False
1758860560149,3974.31,0.349,False
1758860560418,3974.31,0.2917,False
1758860561449,3974.32,0.1282,False
1758860565518,3974.37,0.1258,False
1758860568377,3974.36,0.191,True
1758860568377,3974.36,1.1404,True
1758860568377,3974.36,1.4144,True
1758860568379,3974.36,0.4,True
1758860568379,3974.36,0.1499,True
1758860568379,3974.36,1.508,True
1758860568379,3974.36,1.508,True
1758860568379,3974.36,0.1499,True
1758860568379,3974.36,0.1499,True
1758860568379,3974.36,0.1499,True
1758860568379,3974.36,0.1499,True
1758860568379,3974.36,0.1499,True
1758860568379,3974.36,0.1467,True
1758860569202,3974.32,0.1717,False
1758860569202,3974.32,1.9177,False
1758860570265,3974.31,0.1096,True
1758860570265,3974.31,1.509,True
1758860570265,3974.31,0.1499,True
1758860570265,3974.31,0.1499,True
1758860570265,3974.31,0.1499,True
1758860570265,3974.31,0.1499,True
1758860570265,3974.31,0.1396,True
1758860570267,3974.27,0.151,True
1758860570267,3974.26,0.1812,True
1758860570317,3973.96,0.1,True
1758860570456,3973.91,0.197,True
1758860570763,3973.91,0.5307,True
1758860570970,3973.91,0.5006,True
1758860571099,3973.91,1.2048,True
1758860571099,3973.91,0.1223,True
1758860571116,3973.72,0.2265,True
1758860571116,3973.64,0.1259,True
1758860571753,3973.55,0.6861,False
1758860573814,3973.54,0.15,True
1758860573975,3973.54,0.1604,True
1758860573975,3973.54,0.15,True
1758860574343,3973.55,0.4865,False
1758860574343,3973.55,0.3819,False
1758860574343,3973.55,1.6119,False
1758860575738,3973.55,0.1579,False
1758860576160,3973.54,0.1343,True
1758860576161,3973.54,0.1025,True
1758860576161,3973.54,0.15,True
1758860576161,3973.54,0.1604,True
1758860576161,3973.54,0.1425,True
1758860576161,3973.54,0.15,True
1758860576605,3973.54,0.15,True
1758860576605,3973.54,0.15,True
1758860577202,3973.55,0.2499,False
1758860579989,3973.55,1.2775,False
1758860580046,3973.55,0.118,False
1758860580046,3973.55,0.2081,False
1758860580046,3973.55,0.604,False
1758860580080,3973.56,0.5569,False
1758860580116,3973.64,0.151,False
1758860584168,3973.66,0.4746,True
1758860584635,3973.67,0.6358,False
1758860585692,3973.66,0.1921,True
1758860585693,3973.66,0.1565,True
1758860585716,3973.66,0.2077,True
1758860585716,3973.66,0.191,True
1758860585741,3973.55,0.1598,True
1758860585741,3973.55,0.3714,True
1758860585741,3973.55,1.2505,True
1758860585741,3973.54,0.1604,True
1758860585741,3973.54,0.15,True
1758860585741,3973.54,0.15,True
1758860585741,3973.54,0.1604,True
1758860585741,3973.54,0.15,True
1758860585741,3973.54,0.15,True
1758860585741,3973.54,0.1604,True
1758860585741,3973.54,0.15,True
1758860585741,3973.54,0.15,True
1758860585741,3973.54,0.1604,True
1758860585741,3973.54,0.15,True
1758860585741,3973.54,0.1604,True
1758860585741,3973.54,0.1183,True
1758860585741,3973.54,0.1598,True
1758860585743,3973.52,0.2517,True
1758860585743,3973.51,0.1765,True
1758860585743,3973.51,0.4461,True
1758860585744,3973.5,0.1,True
1758860585749,3973.47,0.2265,True
1758860585798,3973.36,0.1455,True
1758860586355,3973.26,0.2265,True
1758860586516,3973.06,0.2517,True
1758860586516,3972.93,0.1,True
1758860586616,3972.87,1.3,False
1758860586632,3972.87,0.1405,False
1758860588077,3972.85,0.1259,True
1758860588460,3972.67,0.2407,True
1758860589166,3972.47,0.1007,True
1758860589166,3972.47,0.1007,True
1758860589166,3972.45,0.1259,True
1758860590106,3972.19,0.3645,False
1758860590106,3972.19,0.2529,False
1758860590416,3972.18,0.99,True
1758860590422,3972.07,0.1,True
1758860590422,3972.07,0.1511,True
1758860590424,3972.05,0.1259,True
1758860590473,3971.84,0.7548,True
1758860590545,3971.75,0.3208,True
1758860590545,3971.66,0.1,True
1758860590545,3971.65,0.1259,True
1758860590593,3971.61,0.2236,True
1758860590810,3971.62,0.3468,False
1758860593104,3971.61,0.426,True
1758860593428,3971.62,0.2516,False
1758860595557,3971.62,0.1085,False
1758860599616,3971.62,0.191,False
1758860599616,3971.62,0.302,False
1758860599616,3971.71,0.1511,False
1758860599616,3971.81,0.2266,False
1758860601728,3971.82,1.9823,False
1758860606282,3972.01,0.2026,False
1758860606282,3972.01,0.1007,False
1758860606301,3972.02,0.1,False
1758860606372,3972.05,0.1001,False
1758860607563,3972.21,0.2517,False
1758860607563,3972.21,0.2927,False
1758860607857,3972.21,0.2517,False
1758860608526,3972.21,0.1,False
1758860613606,3972.21,0.1086,False
1758860617219,3972.2,0.1813,True
1758860617219,3972.2,0.7928,True
1758860619840,3972.21,0.151,False
1758860619962,3972.21,9.7973,False
1758860619962,3972.21,0.302,False
1758860619962,3972.21,3.3162,False
1758860619962,3972.21,2.6943,False
1758860623169,3972.2,0.4621,True
1758860624395,3972.21,1.0,False
1758860628459,3972.2,1.3557,True
1758860628459,3972.2,0.1491,True
1758860628459,3972.2,0.1491,True
1758860628459,3972.2,1.2,True
1758860628459,3972.2,0.1491,True
1758860628459,3972.2,0.1491,True
1758860628459,3972.2,0.1491,True
1758860628459,3972.2,0.1443,True
1758860628459,3972.2,0.1491,True
1758860628459,3972.2,0.1491,True
1758860628459,3972.2,0.1491,True
1758860628459,3972.2,0.1491,True
1758860628459,3972.2,0.1491,True
1758860628459,3972.2,0.1491,True
1758860628459,3972.19,0.1491,True
1758860628459,3972.19,0.1491,True
1758860628459,3972.19,0.1491,True
1758860628459,3972.19,0.1491,True
1758860628459,3972.19,0.1491,True
1758860628459,3972.19,0.1491,True
1758860628459,3972.19,0.1491,True
1758860628459,3972.19,0.1491,True
1758860628459,3972.11,0.1511,True
1758860628583,3972.01,14.6581,True
1758860628583,3972.01,0.2266,True
1758860629116,3971.81,0.1007,True
1758860629116,3971.81,0.1007,True
1758860629116,3971.81,0.2518,True
1758860629116,3971.65,0.1259,True
1758860632059,3971.48,0.5035,False
1758860639879,3971.48,0.1299,False
1758860639879,3971.57,0.1511,False
1758860639879,3971.67,0.2266,False
1758860640298,3971.76,1.031,True
1758860642773,3971.77,0.2259,False
1758860642989,3971.76,0.1001,True
1758860642989,3971.76,4.8902,True
1758860644469,3971.76,0.1,True
1758860646993,3971.77,0.5035,False
1758860647440,3971.76,0.2814,True
1758860651796,3971.76,0.2393,True
1758860653467,3971.76,0.2609,True
1758860653500,3971.76,0.1152,True
1758860653516,3971.67,0.1511,True
1758860653518,3971.59,0.161,True
1758860653519,3971.57,0.2266,True
1758860653520,3971.47,0.1666,True
1758860653520,3971.47,0.1432,True
1758860653617,3971.47,0.1666,True
1758860653617,3971.47,0.1666,True
1758860653617,3971.47,0.1666,True
1758860653617,3971.47,0.1666,True
1758860653617,3971.47,0.1666,True
1758860653617,3971.47,0.1666,True
1758860653617,3971.47,0.1666,True
1758860653617,3971.47,0.1661,True
1758860653617,3971.4,0.1,True
1758860653617,3971.37,0.1007,True
1758860653617,3971.37,0.1007,True
1758860653617,3971.37,0.2518,True
1758860654281,3971.33,0.348,True
1758860655113,3971.33,6.2896,True
1758860655211,3971.33,0.3513,True
1758860655250,3971.33,0.5289,True
1758860655302,3971.33,0.4931,True
1758860655351,3971.33,13.5727,True
1758860655351,3971.33,12.256,True
1758860655352,3971.33,17.4977,True
1758860655352,3971.33,18.8898,True
1758860655352,3971.33,2.8197,True
1758860655352,3971.33,15.5284,True
1758860655352,3971.33,4.1826,True
1758860655352,3971.33,4.8025,True
1758860655352,3971.33,5.8056,True
1758860655352,3971.33,10.8398,True
1758860655352,3971.33,7.9494,True
1758860655352,3971.33,6.514,True
1758860655352,3971.33,4.0324,True
1758860655352,3971.33,1.732,True
1758860655353,3971.33,3.3045,True
1758860655353,3971.31,0.292,True
1758860655358,3971.15,0.9365,True
1758860655517,3971.01,0.5684,True
1758860655517,3970.97,0.1511,True
1758860656282,3970.88,0.401,False
1758860657599,3970.88,0.4321,False
1758860657642,3970.87,0.1251,True
1758860658116,3970.88,1.0075,False
1758860658793,3970.87,2.7743,True
1758860658793,3970.87,0.2015,True
1758860658793,3970.87,0.99,True
1758860659012,3970.74,0.2518,True
1758860659012,3970.68,0.2266,True
1758860659374,3970.51,0.132,True
1758860659463,3970.5,0.2518,True
1758860659537,3970.49,4.7966,False
1758860659784,3970.49,0.2517,False
1758860659800,3970.49,0.2518,False
1758860661139,3970.49,0.2084,False
1758860661677,3970.48,0.2519,True
1758860665597,3970.41,0.1,True
1758860665616,3970.29,0.2267,True
1758860665742,3970.16,0.1228,True
1758860666647,3970.16,0.505,True
1758860666648,3970.16,0.7207,True
1758860666648,3970.16,0.5383,True
1758860666648,3970.16,1.0382,True
1758860666716,3970.09,0.1007,True
1758860666716,3970.09,0.2519,True
1758860666716,3970.08,0.1511,True
1758860666716,3970.06,0.126,True
1758860666815,3970.0,0.4,True
1758860667131,3970.0,0.27,True
1758860667131,3970.0,0.2608,True
1758860667378,3970.0,0.7392,True
1758860667378,3970.0,0.2519,True
1758860667378,3969.89,0.1096,True
1758860667378,3969.8,0.662,True
1758860667543,3969.78,3.0225,True
1758860667888,3969.78,0.4,True
1758860668341,3969.78,0.2397,True
1758860668341,3969.78,0.1076,True
1758860668921,3969.69,0.1511,True
1758860669019,3969.67,0.1052,True
1758860673230,3969.61,0.2519,True
1758860673460,3969.62,0.25,False
1758860674287,3969.61,0.4,True
1758860674944,3969.6,0.1814,True
1758860675297,3969.5,0.2148,True
1758860675369,3969.49,0.1381,False
1758860675854,3969.42,0.115,True
1758860677202,3969.42,0.1566,True
1758860677234,3969.42,0.1878,True
1758860677314,3969.4,0.1619,True
1758860679072,3969.39,0.9065,True
1758860680392,3969.4,0.191,False
1758860680392,3969.4,0.2928,False
1758860682277,3969.4,4.3479,False
1758860682277,3969.4,1.208,False
1758860682277,3969.4,0.4653,False
1758860682282,3969.49,0.15,False
1758860682283,3969.59,0.2267,False
1758860682283,3969.68,0.1518,False
1758860682408,3969.68,0.3288,False
1758860682580,3969.79,0.1251,False
1758860682580,3969.79,0.1268,False
1758860682686,3969.87,0.2267,False
1758860682688,3970.0,0.5,False
1758860682688,3970.01,0.1008,False
1758860682688,3970.07,0.126,False
1758860683123,3970.19,0.1566,False
1758860683218,3970.46,0.126,False
1758860688738,3970.47,0.1355,False
1758860688738,3970.47,0.1136,False
1758860689762,3970.46,0.6025,True
1758860693680,3970.47,4.5815,False
1758860693680,3970.47,0.302,False
1758860693680,3970.47,2.2631,False
1758860693680,3970.47,3.2843,False
1758860693680,3970.47,1.7731,False
1758860693680,3970.47,4.05,False
1758860693680,3970.47,2.8653,False
1758860693680,3970.47,6.644,False
1758860693680,3970.47,1.1932,False
1758860693680,3970.47,1.3912,False
1758860693680,3970.47,1.9358,False
1758860693680,3970.51,0.257,False
1758860693680,3970.58,0.1007,False
1758860693680,3970.58,0.1007,False
1758860693680,3970.64,3.2882,False
1758860693979,3970.66,0.2266,False
1758860695695,3970.86,0.2518,False
1758860695695,3970.86,0.1007,False
1758860695695,3970.86,0.257,False
1758860695695,3970.86,0.2722,False
1758860696652,3970.86,9.7953,False
1758860698167,3970.85,0.191,True
1758860698167,3970.85,0.1353,True
1758860698299,3970.85,0.439,True
1758860699044,3970.85,0.2126,True
1758860699093,3970.85,0.2934,True
1758860699214,3970.85,0.1386,True
1758860699214,3970.85,0.15,True
1758860699446,3970.85,0.1103,True
1758860699479,3970.84,0.2782,True
1758860699655,3970.76,0.1511,True
1758860699687,3970.66,0.1448,True
1758860700050,3970.46,0.1573,True
1758860700050,3970.46,0.126,True
1758860700050,3970.46,0.1573,True
1758860700050,3970.46,0.1573,True
1758860700056,3970.46,0.1573,True
1758860700056,3970.46,0.1573,True
1758860700056,3970.46,0.1573,True
1758860700056,3970.46,0.1573,True
1758860700056,3970.46,0.1573,True
1758860700056,3970.46,0.1569,True
1758860700056,3970.45,0.1498,True
1758860700056,3970.45,0.1498,True
1758860700056,3970.45,0.1498,True
1758860700056,3970.45,0.1498,True
1758860700056,3970.45,0.1498,True
1758860700056,3970.45,0.1377,True
1758860700116,3970.12,0.1008,True
1758860700124,3970.07,0.2349,True
1758860700227,3970.07,0.1547,True
1758860700743,3970.08,0.5037,False
1758860705672,3970.08,0.1775,False
1758860705672,3970.08,1.8063,False
1758860709988,3970.07,0.3859,True
1758860709988,3970.07,9.3827,True
1758860710800,3970.07,0.2522,False
1758860711463,3970.06,0.1185,True
1758860713405,3970.06,0.13,True
1758860715255,3970.01,0.4021,False
1758860715984,3970.0,0.1387,True
1758860716891,3970.0,0.4,True
1758860719188,3970.01,0.1291,False
1758860719282,3970.01,0.5051,False
1758860726229,3970.01,0.1753,False
1758860728854,3970.0,0.1001,True
1758860728854,3970.0,1.5103,True
1758860733258,3969.88,0.98,True
1758860733264,3969.81,0.2267,True
1758860733318,3969.68,0.2178,True
1758860733318,3969.67,0.126,True
1758860733353,3969.49,0.1008,True
1758860733354,3969.49,0.1525,True
1758860733414,3969.44,0.1008,True
1758860733414,3969.38,0.1498,True
1758860733414,3969.38,0.1498,True
1758860733414,3969.38,0.1498,True
1758860733414,3969.38,0.1498,True
1758860733414,3969.38,0.1498,True
1758860733414,3969.37,0.126,True
1758860733414,3969.28,0.1,True
1758860733414,3969.28,0.2519,True
1758860733414,3969.27,0.126,True
1758860733414,3969.27,0.1,True
1758860733702,3969.16,0.4,True
1758860734141,3969.16,0.164,True
1758860734948,3969.17,2.8103,False
1758860734948,3969.17,0.5003,False
1758860737211,3969.16,0.4,True
1758860737930,3969.16,0.4,True
1758860738010,3969.16,0.4,True
1758860738479,3969.16,0.4,True
1758860740181,3969.16,0.1546,True
1758860740271,3969.16,0.1936,True
1758860740279,3969.16,0.4127,True
1758860740280,3969.16,1.3169,True
1758860740280,3969.16,0.964,True
1758860740323,3969.07,0.1512,True
1758860740323,3969.0,0.3779,True
1758860740323,3969.0,0.2519,True
1758860740323,3968.97,0.2268,True
1758860740419,3968.87,0.126,True
1758860740788,3968.77,0.252,True
1758860740788,3968.5,0.252,True
1758860740788,3968.48,0.126,True
1758860740788,3968.47,0.1008,True
1758860740788,3968.37,0.1,True
1758860740788,3968.37,0.1512,True
1758860740788,3968.37,0.252,True
1758860740788,3968.27,0.257,True
1758860740788,3968.08,0.1261,True
1758860740788,3968.07,0.1512,True
1758860740788,3968.06,0.3354,True
1758860740877,3968.11,0.4,True
1758860740883,3968.11,1.0,True
1758860743393,3968.11,0.3045,False
1758860746069,3968.11,0.1851,False
1758860746385,3968.1,1.3487,True
1758860746385,3968.1,3.8826,True
1758860746385,3968.1,0.1785,True
1758860746385,3968.1,0.9209,True
1758860746385,3968.1,2.0552,True
1758860746385,3968.1,0.1785,True
1758860746385,3968.1,0.1785,True
1758860746385,3968.1,0.1785,True
1758860746385,3968.1,0.1785,True
1758860746385,3968.1,0.1785,True
1758860746385,3968.1,0.1785,True
1758860746385,3968.1,0.1785,True
1758860746385,3968.1,0.1785,True
1758860746385,3968.1,0.1779,True
1758860746385,3968.09,1.1501,True
1758860746385,3968.0,0.252,True
1758860746385,3967.97,0.1,True
1758860746385,3967.91,0.2268,True
1758860746389,3967.73,0.7636,True
1758860746389,3967.72,0.6921,True
1758860746389,3967.71,0.252,True
1758860746389,3967.71,0.1008,True
1758860746389,3967.71,0.1008,True
1758860746391,3967.68,0.1261,True
1758860746392,3967.64,0.6501,True
1758860746392,3967.57,4.8942,True
1758860746580,3967.58,1.0077,False
1758860746712,3967.57,0.4,True
1758860747037,3967.57,0.1596,True
1758860747130,3967.57,0.5197,True
1758860747424,3967.57,0.756,True
1758860747777,3967.57,3.0959,True
1758860747777,3967.57,1.684,True
1758860747779,3967.57,0.2388,True
1758860747779,3967.56,0.8466,True
1758860747779,3967.5,0.2089,True
1758860747915,3967.31,0.2521,True
1758860747972,3967.29,0.1261,True
1758860748989,3967.13,1.2603,False
1758860754108,3967.13,0.1727,False
1758860755733,3967.12,0.4,True
1758860755862,3967.12,0.3198,True
1758860755862,3967.12,0.45,True
1758860755933,3967.12,1.5579,True
1758860757040,3967.12,0.1477,True
1758860757040,3967.12,0.1448,True
1758860758000,3967.12,0.4,True
1758860758018,3967.12,1.6955,True
1758860758018,3967.12,0.1477,True
1758860758018,3967.12,0.1477,True
1758860758018,3967.12,0.1477,True
1758860758018,3967.12,0.1289,True
1758860758018,3967.12,0.1477,True
1758860758018,3967.11,0.7933,True
1758860758351,3967.09,0.504,False
1758860758721,3967.0,0.252,True
1758860758724,3966.93,0.1271,True
1758860758733,3966.89,0.1166,True
1758860758865,3966.82,2.4292,True
1758860758865,3966.82,0.1923,True
1758860758879,3966.81,2.4621,True
1758860758879,3966.81,0.2789,True
1758860758882,3966.8,2.1591,True
1758860758882,3966.73,0.2521,True
1758860758882,3966.73,0.1008,True
1758860758996,3966.67,0.8677,True
1758860758999,3966.58,1.1472,True
1758860759380,3966.59,0.1,False
1758860760018,3966.58,0.1564,True
1758860760018,3966.54,0.2522,True
1758860760022,3966.5,0.2521,True
1758860760022,3966.49,0.1261,True
1758860760022,3966.33,0.2521,True
1758860760022,3966.33,0.1124,True
1758860763853,3966.25,0.4,True
1758860764011,3966.26,4.6735,False
1758860765678,3966.25,0.4,True
1758860768088,3966.25,0.8301,True
1758860768088,3966.25,2.0568,True
1758860768088,3966.25,0.99,True
1758860768088,3966.24,0.4385,True
1758860768216,3966.1,0.1261,True
1758860768427,3966.01,0.2231,True
1758860769882,3966.02,0.1,False
1758860770073,3966.01,0.4,True
1758860770273,3966.0,0.1993,True
1758860770411,3965.99,0.1513,True
1758860770411,3965.98,0.3519,True
1758860770411,3965.95,0.2595,True
1758860770411,3965.92,0.1,True
1758860770710,3965.91,0.99,True
1758860770710,3965.89,0.2269,True
1758860770710,3965.86,0.1009,True
1758860770710,3965.86,0.1009,True
1758860770710,3965.7,0.1261,True
1758860770710,3965.69,0.2522,True
1758860770710,3965.5,0.2521,True
1758860770710,3965.48,0.373,True
1758860770710,3965.48,0.6259,True
1758860770949,3965.49,0.1002,False
1758860771055,3965.48,0.4,True
1758860771188,3965.49,0.1585,False
1758860771950,3965.46,0.1513,True
1758860772216,3965.29,0.178,True
1758860772216,3965.06,0.1,True
1758860772291,3965.01,1.0,False
1758860774063,3965.0,0.251,True
1758860774463,3965.0,1.0996,True
1758860774463,3965.0,1.5552,True
1758860774463,3965.0,2.5972,True
1758860774469,3965.0,7.3823,True
1758860774469,3965.0,0.2522,True
1758860774469,3965.0,0.6,True
1758860774469,3965.0,0.1655,True
1758860774474,3964.92,1.1317,True
1758860774682,3964.92,0.1432,True
1758860774683,3964.92,0.2747,True
1758860774683,3964.92,0.8,True
1758860774683,3964.92,0.1979,True
1758860774697,3964.92,0.2021,True
1758860774697,3964.92,2.7291,True
1758860774701,3964.92,0.4709,True
1758860774701,3964.92,2.3771,True
1758860774703,3964.92,2.8158,True
1758860774716,3964.92,1.2071,True
1758860774716,3964.92,1.313,True
1758860774717,3964.92,0.287,True
1758860774717,3964.92,2.4705,True
1758860774732,3964.92,2.3295,True
1758860774732,3964.92,0.3736,True
1758860774733,3964.92,0.251,True
1758860774733,3964.92,0.9754,True
1758860774733,3964.92,0.75,True
1758860774734,3964.9,0.1262,True
1758860774741,3964.88,0.4,True
1758860774741,3964.88,0.8,True
1758860774741,3964.88,1.6,True
1758860774746,3964.86,1.6,True
1758860774746,3964.86,0.8,True
1758860774746,3964.86,0.7,True
1758860774746,3964.81,0.1261,True
1758860774746,3964.81,0.227,True
1758860774752,3964.8,1.6,True
1758860774752,3964.8,1.4,True
1758860774752,3964.8,1.2,True
1758860774963,3964.78,4.8,True
1758860774963,3964.78,2.0,True
1758860774963,3964.78,6.0,True
1758860774970,3964.69,4.8,True
1758860775070,3964.61,0.1009,True
1758860775175,3964.62,0.1261,False
1758860775405,3964.61,0.2275,True
1758860775887,3964.61,0.1001,True
1758860776410,3964.61,0.4394,True
1758860776410,3964.61,0.5497,True
1758860778083,3964.61,0.251,True
1758860778084,3964.61,0.5014,True
1758860778279,3964.61,0.175,True
1758860778868,3964.61,0.1993,True
1758860778868,3964.61,0.1447,True
1758860778977,3964.61,0.195,True
1758860779120,3964.61,0.4043,True
1758860779120,3964.61,0.4,True
1758860779120,3964.61,1.6,True
1758860779120,3964.61,0.1001,True
1758860779120,3964.61,0.1001,True
1758860779120,3964.61,0.1001,True
1758860779120,3964.61,0.4374,True
1758860779120,3964.61,1.9358,True
1758860781653,3964.61,0.2448,True
1758860782465,3964.61,0.4,True
1758860784995,3964.62,0.191,False
1758860784995,3964.62,1.511,False
1758860784995,3964.62,1.511,False
1758860784995,3964.62,1.208,False
1758860784995,3964.71,0.1513,False
1758860785005,3964.81,0.227,False
1758860785094,3965.0,0.3996,False
1758860785094,3965.01,0.1009,False
1758860785094,3965.01,1.5509,False
1758860785094,3965.01,0.1107,False
1758860785094,3965.1,0.1513,False
1758860785243,3965.22,0.257,False
1758860785554,3965.3,0.1262,False
1758860785896,3965.4,0.1009,False
1758860785896,3965.4,0.2522,False
1758860785896,3965.42,0.1,False
1758860785896,3965.51,0.257,False
1758860785896,3965.7,0.1261,False
1758860785913,3965.7,0.4681,True
1758860791461,3965.71,0.4988,False
1758860794135,3965.7,2.1107,True
1758860794926,3965.7,0.251,True
1758860796075,3965.71,1.0425,False
1758860796075,3965.71,0.302,False
1758860796075,3965.71,0.257,False
1758860796200,3965.76,0.1209,False
1758860796927,3965.75,0.251,True
1758860797359,3965.75,0.251,True
1758860798877,3965.75,0.229,True
1758860799603,3965.75,0.3121,True
1758860799704,3965.75,0.1405,True
1758860799898,3965.48,3.244,True
1758860800058,3965.32,3.6409,False
1758860800179,3965.31,0.1009,True
1758860800179,3965.3,0.1261,True
1758860800711,3964.99,0.1,True
1758860800716,3964.91,0.1513,True
1758860800716,3964.9,0.1262,True
1758860800727,3964.7,0.2256,True
1758860800956,3964.7,0.251,True
1758860801171,3964.7,0.251,True
1758860802281,3964.7,0.1505,True
1758860802295,3964.7,0.15,True
1758860802446,3964.7,0.251,True
1758860802478,3964.7,0.1123,True
1758860802591,3964.7,0.1569,True
1758860805077,3964.71,1.7638,False
1758860809035,3964.71,0.3736,False
1758860809110,3964.7,4.3727,True
1758860809128,3964.71,0.3783,False
1758860809291,3964.7,1.2107,True
1758860811477,3964.7,0.1657,True
1758860811477,3964.69,0.147,True
1758860811477,3964.69,0.1079,True
1758860811477,3964.69,0.147,True
1758860811477,3964.69,0.1352,True
1758860811478,3964.69,0.147,True
1758860811478,3964.69,0.147,True
1758860811663,3964.52,0.1736,True
1758860811663,3964.52,0.1183,True
1758860812796,3964.5,0.1262,True
1758860812796,3964.5,0.1225,True
1758860814157,3964.5,0.3511,True
1758860815054,3964.5,0.3033,True
1758860815261,3964.5,0.251,True
1758860816082,3964.5,0.1471,True
1758860817041,3964.5,0.51,True
1758860817707,3964.5,0.3987,True
1758860817898,3964.5,0.251,True
1758860819644,3964.5,0.307,True
1758860819878,3964.5,0.162,True
1758860819905,3964.5,0.251,True
1758860820141,3964.5,0.5101,True
1758860823953,3964.5,0.1563,True
1758860823953,3964.5,0.2149,True
1758860825996,3964.51,0.1789,False
1758860825996,3964.51,0.1755,False
1758860827616,3964.51,0.4285,False
1758860827616,3964.6,0.1513,False
1758860827874,3964.7,0.227,False
1758860827890,3964.9,0.227,False
1758860827890,3964.9,0.1262,False
1758860827890,3964.9,0.1009,False
1758860827890,3964.9,0.1009,False
1758860827890,3965.0,0.5,False
1758860827890,3965.01,1.5137,False
1758860827899,3965.1,0.2522,False
1758860827938,3965.3,0.1262,False
1758860827938,3965.3,0.1513,False
1758860828416,3965.32,0.1,False
1758860828427,3965.5,0.1,False
1758860828428,3965.64,0.1009,False
1758860828428,3965.7,0.1261,False
1758860829150,3965.71,0.1774,False
1758860829615,3965.71,1.3085,False
1758860829615,3965.71,0.1638,False
1758860829615,3965.76,0.245,False
1758860829626,3965.89,0.1,False
1758860829716,3966.1,0.1261,False
1758860829860,3966.24,0.5017,False
1758860830133,3966.5,0.1261,False
1758860830134,3966.59,0.1513,False
1758860830141,3966.68,0.8913,False
1758860830141,3966.69,0.2269,False
1758860830155,3966.83,0.1008,False
1758860830155,3966.89,0.1028,False
1758860830156,3966.89,0.9825,False
1758860830156,3966.89,0.2521,False
1758860830156,3966.9,0.1,False
1758860830157,3966.93,0.126,False
1758860830196,3967.04,0.1,False
1758860831579,3967.29,0.2521,False
1758860831616,3967.43,0.1,False
1758860831616,3967.5,0.5,False
1758860833673,3967.58,2.224,False
1758860833673,3967.58,0.2464,False
1758860833673,3967.58,0.2547,False
1758860833679,3967.68,0.1008,False
1758860833679,3967.68,0.1008,False
1758860833679,3967.69,0.1261,False
1758860833684,3968.0,0.252,False
1758860833684,3968.0,0.1855,False
1758860834433,3967.99,0.5,True
1758860835041,3967.99,0.5,True
1758860835676,3967.99,0.5,True
1758860836291,3967.99,0.5,True
1758860836660,3967.99,0.166,True
1758860836660,3967.99,0.4999,True
1758860836660,3967.99,0.1632,True
1758860836660,3967.99,0.1716,True
1758860836662,3967.9,0.1512,True
1758860836723,3967.8,0.1631,True
1758860836723,3967.8,0.5033,True
1758860836723,3967.8,2.1254,True
1758860836756,3967.61,0.1606,True
1758860836811,3967.61,0.4404,True
1758860836811,3967.61,1.8222,True
1758860836811,3967.6,0.252,True
1758860836815,3967.42,0.9031,True
1758860836819,3967.29,0.1261,True
1758860836819,3967.19,0.2056,True
1758860836821,3967.19,0.3365,True
1758860836821,3967.15,0.58,True
1758860836923,3966.89,0.1261,True
1758860836956,3966.49,0.1226,True
1758860837133,3966.49,0.2062,True
1758860837215,3966.49,0.2434,True
1758860838025,3966.49,0.3575,True
1758860838025,3966.49,0.5954,True
1758860838025,3966.49,0.3372,True
1758860838025,3966.48,0.1,True
1758860838032,3966.4,0.1513,True
1758860838223,3966.32,0.2471,True
1758860838269,3966.31,0.2581,True
1758860838344,3966.3,0.1485,True
1758860838388,3966.29,0.1976,True
1758860838564,3966.25,0.1353,True
1758860838602,3966.25,0.1344,True
1758860838631,3966.24,0.1176,True
1758860838730,3966.1,0.1261,True
1758860839300,3965.73,0.9283,False
1758860839915,3965.7,0.1261,True
1758860840317,3964.9,0.1262,True
1758860841031,3964.71,0.2824,True
1758860842475,3964.72,1.0974,False
1758860842475,3964.72,0.1636,False
1758860848600,3964.72,0.4725,False
1758860848943,3964.71,0.4,True
1758860849569,3964.68,0.1,True
1758860849586,3964.65,1.1343,False
1758860849707,3964.64,0.3783,True
1758860849831,3964.64,0.251,True
1758860849840,3964.64,0.251,True
1758860851941,3964.64,1.028,True
1758860853754,3964.64,0.3741,True
1758860856785,3964.64,1.732,True
1758860860283,3964.63,0.2968,True
1758860860284,3964.63,0.3708,True
1758860860284,3964.63,0.8202,True
1758860860284,3964.63,1.6363,True
1758860860292,3964.57,0.227,True
1758860860292,3964.5,0.1563,True
1758860860292,3964.5,0.1262,True
1758860860297,3964.5,0.1563,True
1758860860297,3964.5,0.1563,True
1758860860297,3964.5,0.151,True
1758860860300,3964.5,0.1563,True
1758860860300,3964.5,0.1563,True
1758860860300,3964.5,0.1563,True
1758860860306,3964.5,0.1559,True
1758860860399,3964.37,0.1865,True
1758860860399,3964.25,0.2523,True
1758860860399,3964.25,0.1009,True
1758860860399,3964.25,0.1009,True
1758860860399,3964.11,0.1262,True
1758860860426,3964.07,0.2635,True
1758860860426,3964.07,0.5493,True
1758860860482,3964.07,0.848,True
1758860860625,3964.07,0.3538,True
1758860860752,3964.07,0.4,True
1758860862226,3964.08,0.191,False
1758860862226,3964.08,0.4349,False
1758860862226,3964.08,0.4226,False
1758860862226,3964.08,0.3778,False
1758860862226,3964.08,0.604,False
1758860862226,3964.08,1.4365,False
1758860862228,3964.08,0.2931,False
1758860862317,3964.17,0.1514,False
1758860862317,3964.17,0.3169,False
1758860862317,3964.17,1.3698,False
1758860862327,3964.27,0.227,False
1758860863389,3964.35,0.2095,False
1758860863389,3964.35,5.4333,False
1758860863389,3964.35,2.1353,False
1758860865050,3964.46,0.1533,True
1758860866313,3964.47,0.2394,False
1758860867015,3964.47,0.126,False
1758860867015,3964.47,0.1191,False
1758860867019,3964.47,0.126,False
1758860867772,3964.46,0.2157,True
1758860871640,3964.47,0.4105,False
1758860871963,3964.47,0.2029,False
1758860873276,3964.47,3.6319,False
1758860873468,3964.47,2.7885,False
1758860873468,3964.47,4.6476,False
1758860873469,3964.47,2.921,False
1758860873469,3964.47,0.5693,False
1758860873469,3964.47,4.8351,False
1758860873469,3964.47,0.1407,False
1758860873469,3964.47,0.302,False
1758860873469,3964.48,0.1,False
1758860873469,3964.5,0.4435,False
1758860873469,3964.51,0.1262,False
1758860873516,3964.66,0.227,False
1758860875160,3964.87,0.2522,False
1758860875160,3964.9,0.1262,False
1758860875285,3965.0,0.5,False
1758860875285,3965.01,1.4774,False
1758860875703,3965.14,0.1,False
1758860877117,3965.25,0.3742,True
1758860877117,3965.25,0.2058,True
1758860879045,3965.25,0.251,True
1758860879050,3965.25,0.251,True
1758860879114,3965.25,6.8421,True
1758860879114,3965.25,1.1909,True
1758860879114,3965.25,0.1602,True
1758860879114,3965.25,0.191,True
1758860879114,3965.25,1.5124,True
1758860879274,3965.16,0.1313,True
1758860879275,3965.06,0.227,True
1758860879285,3964.91,0.145,False
1758860879285,3964.91,1.1265,False
1758860879290,3964.86,0.1514,True
1758860879358,3964.85,0.1,True
1758860879375,3964.54,0.2391,True
1758860880393,3964.53,0.1042,False
1758860881494,3964.52,0.3633,True
1758860881522,3964.52,0.3752,True
1758860881550,3964.52,0.4317,True
1758860881581,3964.52,0.1938,True
1758860881656,3964.45,0.1472,True
1758860881656,3964.45,0.1038,True
1758860881661,3964.45,0.1472,True
1758860881964,3964.45,0.1756,True
1758860881964,3964.45,0.1472,True
1758860881964,3964.45,0.1769,True
1758860882172,3964.45,0.1158,True
1758860882279,3964.45,0.1133,True
1758860882279,3964.45,0.1193,True
1758860882334,3964.45,0.176,True
1758860882334,3964.45,0.1769,True
1758860882404,3964.45,0.1769,True
1758860882404,3964.45,0.1769,True
1758860890687,3964.46,0.2522,False
1758860891666,3964.46,9.0,False
1758860891666,3964.46,10.818,False
1758860891666,3964.46,0.191,False
1758860891666,3964.46,0.302,False
1758860891666,3964.46,2.1013,False
1758860891666,3964.46,0.198,False
1758860891666,3964.46,0.256,False
1758860891666,3964.46,3.2337,False
1758860891666,3964.46,3.8606,False
1758860891716,3964.46,0.256,False
1758860893655,3964.55,0.1984,False
1758860893802,3964.61,0.1513,False
1758860894907,3964.71,0.227,False
1758860896826,3964.84,1.0228,True
1758860896826,3964.84,7.5499,True
1758860896826,3964.84,9.0,True
1758860896826,3964.84,4.0,True
1758860896826,3964.84,1.1893,True
1758860896826,3964.84,4.0,True
1758860896826,3964.84,6.0,True
1758860896826,3964.84,1.9358,True
1758860896826,3964.84,1.7731,True
1758860896826,3964.84,6.6512,True
1758860896826,3964.84,4.05,True
1758860896826,3964.84,0.1001,True
1758860896826,3964.84,0.191,True
1758860896826,3964.84,3.7208,True
1758860896826,3964.84,13.146,True
1758860896826,3964.84,1.0097,True
1758860896826,3964.84,10.818,True
1758860896826,3964.84,0.8897,True
1758860896826,3964.84,8.1311,True
1758860896826,3964.84,0.9427,True
1758860896826,3964.84,0.492,True
1758860896826,3964.84,4.8758,True
1758860896826,3964.84,11.127,True
1758860896826,3964.84,1.732,True
1758860896826,3964.84,3.0173,True
1758860896826,3964.84,10.4424,True
1758860896826,3964.84,10.1854,True
1758860896826,3964.84,4.6856,True
1758860896826,3964.84,1.2238,True
1758860896826,3964.84,1.8903,True
1758860896826,3964.84,1.8574,True
1758860896826,3964.84,0.5,True
1758860896826,3964.84,1.5124,True
1758860896826,3964.84,0.6852,True
1758860896826,3964.81,1.7462,True
1758860896826,3964.79,7.2711,True
1758860896826,3964.78,0.256,True
1758860896826,3964.75,0.4,True
1758860896826,3964.71,0.5,True
1758860896826,3964.71,6.3018,True
1758860896826,3964.7,0.379,True
1758860896826,3964.69,2.5682,True
1758860896826,3964.65,0.36,True
1758860896826,3964.64,1.109,True
1758860896826,3964.64,0.1975,True
1758860896826,3964.63,2.0264,True
1758860896826,3964.61,10.0828,True
1758860896826,3964.6,33.6808,True
1758860897095,3964.59,0.251,True
1758860897100,3964.59,0.251,True
1758860901777,3964.6,1.4415,False
1758860901777,3964.6,41.1263,False
1758860901777,3964.6,6.6126,False
1758860901777,3964.6,0.191,False
1758860901777,3964.6,1.252,False
1758860901777,3964.6,3.8922,False
1758860901777,3964.6,0.302,False
1758860901780,3964.85,0.1009,False
1758860901780,3964.9,0.1262,False
1758860901780,3964.91,0.164,False
1758860901876,3964.95,0.1,False
1758860901876,3964.99,0.1009,False
1758860901934,3965.0,0.1154,False
1758860901976,3965.0,0.3059,False
1758860901976,3965.01,0.1712,False
1758860902055,3965.01,0.7598,False
1758860902174,3965.01,0.5109,False
1758860902176,3965.04,0.227,False
1758860902177,3965.08,0.1009,False
1758860902177,3965.1,0.2269,False
1758860902340,3965.2,0.7139,False
1758860903991,3965.2,8.4992,False
1758860903991,3965.2,15.1911,False
1758860903991,3965.2,25.5031,False
1758860903991,3965.2,4.0998,False
1758860903991,3965.2,3.9389,False
1758860903991,3965.2,0.6258,False
1758860903991,3965.2,6.0373,False
1758860903992,3965.2,1.0471,False
1758860903992,3965.2,0.3157,False
1758860903992,3965.2,10.0575,False
1758860903992,3965.2,0.6459,False
1758860903992,3965.2,0.7328,False
1758860903992,3965.2,12.2363,False
1758860903992,3965.2,1.3448,False
1758860903993,3965.2,15.5198,False
1758860903993,3965.2,1.5092,False
1758860903993,3965.2,4.8756,False
1758860903993,3965.2,0.5802,False
1758860903993,3965.2,0.8401,False
1758860903993,3965.2,1.317,False
1758860903993,3965.2,0.2507,False
1758860903993,3965.2,2.688,False
1758860903993,3965.2,7.2394,False
1758860903994,3965.2,1.2232,False
1758860903995,3965.2,0.1619,False
1758860903995,3965.2,0.484,False
1758860903996,3965.2,1.0086,False
1758860904005,3965.2,0.2919,False
1758860904007,3965.2,10.4168,False
1758860904007,3965.26,0.1,False
1758860904007,3965.3,0.1262,False
1758860904007,3965.31,0.2522,False
1758860904068,3965.48,0.1513,False
1758860907400,3965.58,0.3869,False
1758860912768,3965.58,0.2055,False
1758860914415,3965.57,0.2514,True
1758860914950,3965.58,0.1174,False
1758860914950,3965.58,1.0203,False
1758860914950,3965.58,0.302,False
1758860914950,3965.64,0.219,False
1758860914950,3965.66,0.1,False
1758860914950,3965.76,0.2648,False
1758860914950,3965.77,0.227,False
1758860914950,3965.82,0.3973,False
1758860914951,3965.85,0.5,False
1758860914963,3965.97,0.207,False
1758860916691,3966.09,0.251,True
1758860916709,3966.09,0.251,True
1758860917760,3966.09,0.191,True
1758860917772,3966.09,0.251,True
1758860918650,3966.09,0.238,True
1758860920278,3966.09,0.105,True
1758860920818,3966.09,0.2192,True
1758860921003,3966.09,0.2521,True
1758860921445,3966.1,0.1109,False
1758860921445,3966.1,0.1516,False
1758860923503,3966.09,0.2064,True
1758860923503,3966.09,0.7936,True
1758860924315,3966.09,0.1761,True
1758860924317,3966.09,0.251,True
1758860925972,3966.09,1.0849,True
1758860925972,3966.09,0.4899,True
1758860925972,3966.09,1.512,True
1758860925972,3966.09,0.4526,True
1758860925972,3966.09,0.1869,True
1758860925972,3966.09,0.1479,True
1758860925972,3966.09,0.1479,True
1758860925972,3966.09,0.3596,True
1758860925972,3966.09,0.1479,True
1758860925972,3966.09,0.1479,True
1758860925972,3966.09,0.3596,True
1758860925972,3966.09,0.1479,True
1758860925972,3966.09,0.1479,True
1758860925972,3966.09,0.3596,True
1758860925972,3966.09,0.3596,True
1758860925972,3966.09,0.3596,True
1758860925972,3966.09,0.3596,True
1758860925972,3966.09,0.3596,True
1758860925972,3966.09,0.3596,True
1758860925972,3966.09,0.3596,True
1758860925972,3966.09,0.3595,True
1758860925972,3966.0,0.1513,True
1758860926049,3965.9,0.2269,True
1758860926063,3965.7,0.1009,True
1758860926063,3965.7,0.1009,True
1758860926063,3965.7,0.1261,True
1758860926063,3965.7,0.2522,True
1758860926063,3965.69,0.1,True
1758860926212,3965.61,0.224,True
1758860926215,3965.51,0.1129,True
1758860926230,3965.47,0.379,True
1758860926255,3965.3,0.1261,True
1758860926255,3965.3,0.1513,True
1758860926255,3965.3,0.2522,True
1758860928387,3965.17,0.1759,True
1758860928519,3965.17,0.2083,True
1758860928519,3965.17,0.2083,True
1758860928519,3965.17,0.2083,True
1758860928519,3965.17,0.2083,True
1758860928519,3965.17,0.2083,True
1758860928519,3965.17,0.2083,True
1758860928519,3965.17,0.2083,True
1758860928519,3965.17,0.2083,True
1758860928519,3965.17,0.2082,True
1758860928720,3965.03,0.1501,False
1758860937603,3965.02,4.05,True
1758860937603,3965.02,1.2627,True
1758860937603,3965.02,1.5132,True
1758860937603,3965.02,0.1105,True
1758860937603,3965.02,0.1001,True
1758860937603,3965.02,1.9358,True
1758860937603,3965.02,0.4678,True
1758860937603,3965.02,0.3799,True
1758860937603,3965.02,0.5,True
1758860937603,3965.02,9.43,True
1758860937603,3965.01,0.6942,True
1758860937603,3964.98,0.227,True
1758860937603,3964.95,3.5143,True
1758860937603,3964.93,1.0661,True
1758860937603,3964.93,5.2353,True
1758860937604,3964.9,0.1262,True
1758860937604,3964.87,0.8836,True
1758860937604,3964.8,0.1009,True
1758860937604,3964.8,0.1009,True
1758860937604,3964.78,0.2522,True
1758860937604,3964.78,0.4,True
1758860937604,3964.63,0.1009,True
1758860937604,3964.63,0.1009,True
1758860937604,3964.63,0.2522,True
1758860937604,3964.6,0.7569,True
1758860937604,3964.59,1.0868,True
1758860937604,3964.59,2.9632,True
1758860937604,3964.59,0.1,True
1758860937604,3964.59,1.0083,True
1758860937604,3964.59,0.1023,True
1758860937604,3964.54,0.2012,True
1758860937604,3964.51,0.2,True
1758860937604,3964.5,0.1262,True
1758860937604,3964.47,0.5275,True
1758860937605,3964.43,0.4,True
1758860937605,3964.42,0.8,True
1758860937605,3964.42,1.6,True
1758860937605,3964.41,0.2503,True
1758860937605,3964.4,0.1513,True
1758860937605,3964.4,5.8127,True
1758860937605,3964.4,15.7284,True
1758860937605,3964.38,0.2522,True
1758860937605,3964.37,0.1,True
1758860937605,3964.35,0.6672,True
1758860937605,3964.33,4.1556,True
1758860937605,3964.29,0.58,True
1758860937605,3964.23,0.8,True
1758860937605,3964.22,0.4965,True
1758860937605,3964.18,0.58,True
1758860937605,3964.18,0.58,True
1758860937605,3964.17,0.4367,True
1758860937605,3964.17,0.1433,True
1758860937605,3964.16,0.58,True
1758860937605,3964.16,0.58,True
1758860937605,3964.16,0.5004,True
1758860937605,3964.16,0.1635,True
1758860937605,3964.15,0.1635,True
1758860937605,3964.15,0.58,True
1758860937605,3964.14,0.58,True
1758860937605,3964.14,0.58,True
1758860937605,3964.12,1.805,True
1758860937605,3964.12,0.3521,True
1758860937605,3964.12,1.4449,True
1758860937605,3964.12,1.797,True
1758860937605,3964.12,1.301,True
1758860937606,3964.12,1.806,True
1758860937606,3964.12,1.301,True
1758860937606,3964.12,6.0452,True
1758860937606,3964.11,0.1262,True
1758860937606,3964.11,0.2,True
1758860937606,3964.1,0.2522,True
1758860937606,3964.06,0.8,True
1758860937606,3964.05,4.05,True
1758860937606,3964.01,1.0,True
1758860937606,3964.0,0.1262,True
1758860937606,3964.0,0.2843,True
1758860937606,3964.0,0.2522,True
1758860937606,3963.99,0.58,True
1758860937606,3963.99,24.0521,True
1758860937606,3963.99,2.341,True
1758860937606,3963.99,2.7773,True
1758860937606,3963.98,0.1,True
1758860937606,3963.96,0.5252,True
1758860937606,3963.96,0.58,True
1758860937606,3963.89,1.1215,True
1758860937606,3963.8,0.1,True
1758860937606,3963.74,13.6658,True
1758860937606,3963.71,0.1262,True
1758860937606,3963.59,4.1556,True
1758860937606,3963.58,20.2096,True
1758860937606,3963.58,0.3382,True
1758860937606,3963.58,0.9628,True
1758860937606,3963.58,0.4,True
1758860937606,3963.58,1.805,True
1758860937606,3963.58,1.301,True
1758860937607,3963.58,2.349,True
1758860937607,3963.58,1.797,True
1758860937607,3963.58,1.318,True
1758860937607,3963.58,0.4954,True
1758860937607,3963.57,1.2611,True
1758860937607,3963.53,4.05,True
1758860937607,3963.5,0.2523,True
1758860937607,3963.48,0.356,True
1758860937607,3963.47,0.4943,True
1758860937607,3963.4,17.8325,True
1758860937607,3963.39,0.2286,True
1758860937607,3963.33,2.2209,True
1758860937607,3963.33,2.1573,True
1758860937607,3963.31,0.1262,True
1758860937607,3963.31,0.58,True
1758860937607,3963.19,0.8,True
1758860937607,3963.18,7.5436,True
1758860937607,3963.18,0.2143,True
1758860937608,3963.18,1.806,True
1758860937608,3963.18,12.2461,True
1758860937608,3963.13,4.05,True
1758860937608,3963.05,3.176,True
1758860937608,3963.0,0.58,True
1758860937608,3962.99,0.58,True
1758860937608,3962.97,15.4755,True
1758860937608,3962.96,0.58,True
1758860937608,3962.95,0.58,True
1758860937608,3962.93,0.8,True
1758860937608,3962.92,0.1262,True
1758860937608,3962.87,0.8154,True
1758860937608,3962.87,2.352,True
1758860937608,3962.87,0.571,True
1758860937608,3962.87,0.8,True
1758860937609,3962.87,0.161,True
1758860937609,3962.87,1.412,True
1758860937609,3962.87,0.1933,True
1758860937609,3962.85,0.58,True
1758860937609,3962.83,0.58,True
1758860937609,3962.81,0.1199,True
1758860937609,3962.81,0.4601,True
1758860937609,3962.78,1.7698,True
1758860937609,3962.78,2.304,True
1758860937609,3962.78,1.841,True
1758860937609,3962.78,2.352,True
1758860937609,3962.78,1.308,True
1758860937609,3962.78,1.484,True
1758860937609,3962.78,1.301,True
1758860937609,3962.78,1.32,True
1758860937609,3962.78,1.917,True
1758860937609,3962.78,20.973,True
1758860937609,3962.78,0.58,True
1758860937610,3962.77,0.58,True
1758860937610,3962.73,1.7475,True
1758860937610,3962.73,0.571,True
1758860937610,3962.73,1.7315,True
1758860937610,3962.7,0.1105,True
1758860937610,3962.67,0.3997,True
1758860937610,3962.67,0.4003,True
1758860937610,3962.62,0.7392,True
1758860937610,3962.57,0.2524,True
1758860937610,3962.53,0.7654,True
1758860937610,3962.53,1.412,True
1758860937610,3962.53,1.484,True
1758860937611,3962.53,0.3667,True
1758860937611,3962.52,0.1262,True
1758860937611,3962.51,0.7571,True
1758860937611,3962.49,1.0398,True
1758860937611,3962.49,1.484,True
1758860937611,3962.49,1.301,True
1758860937611,3962.49,0.3308,True
1758860937611,3962.4,1.9153,True
1758860937611,3962.4,1.4313,True
1758860937611,3962.4,0.4844,True
1758860937612,3962.4,2.352,True
1758860937613,3962.4,0.567,True
1758860937613,3962.4,1.3699,True
1758860937613,3962.4,0.6826,True
1758860937613,3962.4,1.484,True
1758860937613,3962.4,0.7565,True
1758860937613,3962.4,0.5727,True
1758860937613,3962.4,0.223,True
1758860937613,3962.4,0.5042,True
1758860937613,3962.4,0.504,True
1758860937613,3962.4,0.3214,True
1758860937613,3962.4,0.9936,True
1758860937613,3962.38,0.7724,True
1758860937613,3962.38,2.352,True
1758860937613,3962.38,1.484,True
1758860937616,3962.38,20.6584,True
1758860937616,3962.38,1.301,True
1758860937616,3962.38,1.797,True
1758860937617,3962.38,1.301,True
1758860937620,3962.38,0.1009,True
1758860937620,3962.38,2.756,True
1758860937621,3962.38,4.106,True
1758860937621,3962.34,0.8871,True
1758860937621,3962.34,0.8646,True
1758860937625,3962.33,1.4,True
1758860937625,3962.33,2.5996,True
1758860937625,3962.3,0.383,True
1758860937625,3962.29,0.6529,True
1758860937625,3962.25,0.5068,True
1758860937625,3962.24,0.58,True
1758860937625,3962.2,2.5489,True
1758860937625,3962.2,2.352,True
1758860937626,3962.2,1.4629,True
1758860937626,3962.15,0.1,True
1758860937626,3962.15,0.46,True
1758860937626,3962.12,0.1262,True
1758860937626,3962.11,0.1327,True
1758860937626,3962.09,3.174,True
1758860937627,3962.09,1.3067,True
1758860937627,3962.09,0.5045,True
1758860937631,3962.09,27.631,True
1758860937631,3962.04,0.58,True
1758860937631,3962.01,0.58,True
1758860937631,3961.98,3.9372,True
1758860937631,3961.97,0.3499,True
1758860937631,3961.97,0.2415,True
1758860937631,3961.97,0.58,True
1758860937631,3961.96,0.6905,True
1758860937631,3961.96,0.58,True
1758860937631,3961.94,0.7566,True
1758860937631,3961.94,0.8,True
1758860937631,3961.93,4.05,True
1758860937631,3961.86,0.58,True
1758860937631,3961.83,0.6149,True
1758860937631,3961.83,0.6721,True
1758860937631,3961.83,0.58,True
1758860937631,3961.82,0.58,True
1758860937631,3961.78,0.58,True
1758860937631,3961.78,0.58,True
1758860937631,3961.75,3.7087,True
1758860937631,3961.73,0.1263,True
1758860937631,3961.68,0.8,True
1758860937631,3961.66,2.6975,True
1758860937631,3961.66,9.5321,True
1758860937631,3961.63,1.5,True
1758860937631,3961.62,0.58,True
1758860937631,3961.61,0.7567,True
1758860937631,3961.59,9.1327,True
1758860937631,3961.54,0.6694,True
1758860937631,3961.53,4.05,True
1758860937633,3961.42,0.651,True
1758860937633,3961.42,0.5041,True
1758860937634,3961.33,0.1263,True
1758860937634,3961.32,1.2404,True
1758860937634,3961.25,0.2216,True
1758860937640,3961.25,0.3584,True
1758860937640,3961.23,1.334,True
1758860937642,3961.23,2.325,True
1758860937643,3961.23,1.301,True
1758860937644,3961.23,1.484,True
1758860937644,3961.23,0.8039,True
1758860937644,3961.17,1.5,True
1758860937650,3961.05,0.5204,True
1758860937655,3962.17,0.8117,False
1758860937658,3961.0,0.2161,True
1758860937660,3961.0,0.7839,True
1758860937660,3960.94,0.1263,True
1758860937661,3960.84,0.2728,True
1758860937661,3960.83,0.2665,True
1758860937664,3960.83,0.4011,True
1758860937667,3960.83,6.8676,True
1758860937667,3960.83,1.3987,True
1758860937667,3960.54,0.1263,True
1758860937669,3960.5,0.1234,True
1758860937669,3960.47,4.0273,True
1758860937672,3960.47,0.235,True
1758860937673,3960.47,8.723,True
1758860937675,3960.41,0.9764,True
1758860937683,3960.14,0.1263,True
1758860937683,3960.06,0.8502,True
1758860937688,3960.06,0.4498,True
1758860937698,3960.94,1.0389,True
1758860937704,3960.56,1.8889,True
1758860937708,3960.06,1.6874,True
1758860937708,3960.0,0.1,True
1758860937708,3960.0,0.25,True
1758860937708,3960.0,0.1023,True
1758860937714,3960.0,0.7692,True
1758860937714,3960.0,0.1285,True
1758860937714,3960.0,0.5772,True
1758860937714,3960.0,1.3351,True
1758860937716,3960.52,0.2418,True
1758860937716,3960.52,1.0193,True
1758860937718,3960.0,1.6702,True
1758860937722,3960.9,1.5,True
1758860937722,3960.86,1.5,True
1758860937722,3960.68,1.4172,True
1758860937731,3960.67,0.277,True
1758860937731,3960.67,1.223,True
1758860937731,3960.63,1.5,True
1758860937732,3960.56,1.8889,True
1758860937732,3960.49,1.5,True
1758860937732,3960.46,1.5,True
1758860937732,3960.33,1.5,True
1758860937732,3960.26,1.5,True
1758860937732,3960.25,1.5,True
1758860937736,3960.54,0.7067,False
1758860937736,3960.21,0.8332,True
1758860937736,3960.21,0.6668,True
1758860937736,3960.0,3.7538,True
1758860937736,3960.0,3.2349,True
1758860937736,3959.92,2.5333,True
1758860937746,3959.75,0.1263,True
1758860937746,3959.65,0.1328,True
1758860937746,3959.56,0.1139,True
1758860937751,3959.56,0.2762,True
1758860937751,3959.53,0.2257,True
1758860937751,3959.41,0.7967,True
1758860937755,3959.41,0.5765,True
1758860937755,3959.41,0.1774,True
1758860937757,3959.41,0.9679,True
1758860937757,3959.39,0.3648,True
1758860937758,3959.39,1.12,True
1758860937758,3959.35,0.1263,True
1758860937760,3959.22,1.2289,True
1758860937760,3959.1,2.2219,True
1758860937771,3959.1,3.0298,True
1758860937781,3959.1,0.248,True
1758860937784,3959.1,1.484,True
1758860937784,3959.01,0.2525,True
1758860937784,3958.98,1.0,True
1758860937784,3958.96,0.1263,True
1758860937784,3958.92,0.58,True
1758860937784,3958.82,0.6968,True
1758860937784,3958.82,0.2508,True
1758860937785,3960.14,0.1239,False
1758860937788,3958.82,0.1332,True
1758860937788,3958.74,0.489,True
1758860937813,3958.89,0.5576,True
1758860937813,3958.74,0.2028,True
1758860937822,3958.74,0.2524,True
1758860937822,3958.74,0.1,True
1758860937824,3958.74,0.8,True
1758860937824,3958.74,0.2367,True
1758860937824,3958.69,1.0,True
1758860937824,3958.65,0.4348,True
1758860937833,3958.62,0.338,True
1758860937834,3958.62,0.228,True
1758860937839,3958.62,0.1211,True
1758860937840,3958.62,0.156,True
1758860937841,3958.62,0.3247,True
1758860937852,3958.62,0.379,True
1758860937862,3958.62,0.468,True
1758860937869,3958.62,0.403,True
1758860937876,3958.62,0.251,True
1758860937883,3958.62,1.0575,True
1758860937883,3958.62,1.9407,True
1758860937883,3958.61,0.7201,True
1758860937883,3958.6,0.2527,True
1758860937883,3958.57,0.2122,True
1758860937883,3958.57,1.0117,True
1758860937883,3958.56,0.1264,True
1758860937883,3958.52,2.5185,True
1758860937883,3958.43,0.1034,True
1758860937883,3958.4,1.0403,True
1758860937883,3958.39,2.7478,True
1758860937883,3958.39,0.432,True
1758860937883,3958.38,1.2088,True
1758860937883,3958.34,0.1,True
1758860937883,3958.33,1.7222,True
1758860937896,3958.33,0.252,True
1758860937907,3958.33,0.568,True
1758860937908,3958.33,0.1766,True
1758860937915,3958.33,0.1009,True
1758860937924,3958.35,0.286,True
1758860937924,3958.35,0.489,True
1758860937924,3958.35,0.3071,True
1758860937927,3958.35,0.897,True
1758860937928,3958.35,0.17,True
1758860937930,3958.35,0.241,True
1758860937931,3958.35,0.349,True
1758860937931,3958.35,2.867,True
1758860937932,3958.35,0.6015,True
1758860937932,3958.35,0.9525,True
1758860937932,3958.33,1.0789,True
1758860937932,3958.33,0.8,True
1758860937932,3958.3,2.5185,True
1758860937932,3958.18,35.4356,True
1758860937932,3958.18,2.7891,True
1758860937937,3958.18,0.4476,True
1758860937972,3958.18,0.1009,True
1758860938038,3958.2,0.5527,True
1758860938045,3958.2,0.1767,True
1758860938104,3958.23,0.1515,False
1758860938125,3958.23,3.8485,False
1758860938125,3958.34,0.1515,False
1758860938148,3958.2,0.5006,True
1758860938148,3958.2,0.3249,True
1758860938148,3958.18,0.2252,True
1758860938159,3958.34,0.1515,False
1758860938213,3958.34,0.1515,False
1758860938229,3958.34,1.8125,False
1758860938230,3958.18,0.453,True
1758860938232,3958.34,1.6407,False
1758860938234,3958.18,0.7908,True
1758860938259,3958.33,0.912,False
1758860938259,3958.34,0.9121,False
1758860938260,3958.18,0.554,True
1758860938262,3958.36,0.6933,False
1758860938262,3958.36,0.7265,False
1758860938291,3958.37,0.3884,True
1758860938352,3958.75,1.1906,False
1758860938394,3958.75,0.6581,False
1758860938442,3958.75,0.1317,False
1758860938458,3958.75,0.1263,False
1758860938757,3958.59,0.2979,True
1758860938780,3958.6,0.1,False
1758860938780,3958.6,0.1,False
1758860938790,3958.6,0.2453,False
1758860938852,3958.59,0.251,True
1758860938986,3958.6,0.1331,False
1758860939001,3958.6,0.9718,False
1758860939001,3958.6,1.1367,False
1758860939047,3958.59,0.1,True
1758860939077,3958.6,0.9744,False
1758860939195,3958.6,0.6911,False
1758860939205,3958.6,0.2524,False
1758860939292,3958.6,0.2628,False
1758860939404,3958.6,0.2525,False
1758860939413,3958.6,0.2525,False
1758860939725,3958.6,0.252,False
1758860939752,3958.59,0.1682,True
1758860939772,3958.6,0.2628,False
1758860939984,3958.6,0.1032,False
1758860940338,3958.59,0.251,True
1758860940443,3958.6,0.5986,False
1758860940445,3958.6,0.7037,False
1758860940611,3958.59,0.213,True
1758860940773,3958.59,0.1828,True
1758860940773,3958.59,0.251,True
1758860940778,3958.59,0.252,True
1758860941058,3958.59,0.1776,True
1758860941064,3958.59,0.251,True
1758860941102,3958.59,0.252,True
1758860941133,3958.6,1.2278,False
1758860941133,3958.6,0.302,False
1758860941133,3958.6,0.9256,False
1758860941293,3958.6,2.0844,False
1758860941293,3958.6,0.9156,False
1758860941864,3958.59,0.1318,True
1758860943720,3958.6,0.1501,False
1758860944963,3958.6,0.35,False
1758860944991,3958.6,0.155,False
1758860944993,3958.6,0.5052,False
1758860945000,3958.6,2.2917,False
1758860945000,3958.6,4.2888,False
1758860945000,3958.6,0.3482,False
1758860945000,3958.6,0.4,False
1758860945000,3958.6,1.0919,False
1758860945000,3958.6,0.6,False
1758860945000,3958.6,1.263,False
1758860945000,3958.6,0.302,False
1758860945030,3958.69,0.1341,False
1758860945030,3958.73,0.8381,False
1758860945116,3958.96,0.1264,False
1758860945116,3958.99,0.2526,False
1758860945134,3959.0,0.4276,False
1758860945582,3958.99,0.1498,True
1758860945609,3959.0,0.324,False
1758860945609,3959.0,0.35,False
1758860945609,3959.0,0.286,False
1758860945609,3959.0,0.35,False
1758860945610,3959.0,0.35,False
1758860945610,3959.0,0.35,False
1758860945610,3959.0,0.35,False
1758860945611,3959.0,0.35,False
1758860945611,3959.0,0.35,False
1758860945611,3959.0,0.345,False
1758860945611,3959.0,0.35,False
1758860945611,3959.0,0.35,False
1758860945612,3959.0,0.35,False
1758860945686,3959.0,0.2385,False
1758860945704,3959.0,0.35,False
1758860945961,3959.0,0.1,False
1758860946001,3959.0,0.395,False
1758860946003,3959.0,0.35,False
1758860946232,3958.99,0.1127,True
1758860946265,3959.0,0.756,False
1758860946277,3959.0,0.4721,False
1758860946278,3959.0,0.5493,False
1758860946278,3959.0,2.5056,False
1758860946481,3959.36,0.3049,False
1758860946603,3959.35,0.6581,True
1758860946617,3959.36,0.1996,False
1758860946839,3959.4,0.1,False
1758860946839,3959.53,0.4939,False
1758860946839,3959.63,0.3147,False
1758860946904,3959.63,1.01,False
1758860948814,3959.63,0.8632,False
1758860948814,3959.63,0.9086,False
1758860948814,3959.63,0.8743,False
1758860948814,3959.63,3.4944,False
1758860948814,3959.63,0.4951,False
1758860948814,3959.63,2.2884,False
1758860948814,3959.63,0.9264,False
1758860948814,3959.63,3.2815,False
1758860948814,3959.63,0.2383,False
1758860948814,3959.63,0.2309,False
1758860948814,3959.63,4.05,False
1758860948814,3959.63,1.9358,False
1758860948814,3959.63,4.9401,False
1758860948814,3959.63,0.4655,False
1758860948814,3959.67,1.3041,False
1758860949128,3959.67,0.8376,False
1758860949128,3959.67,0.9827,False
1758860949128,3959.67,0.4335,False
1758860949677,3959.67,0.4317,False
1758860949709,3959.75,0.1263,False
1758860949713,3959.79,0.1,False
1758860949713,3959.82,0.2273,False
1758860952612,3959.99,0.191,True
1758860952615,3959.99,0.251,True
1758860952636,3959.99,0.251,True
1758860955645,3960.0,0.3123,False
1758860955645,3960.0,0.5999,False
1758860957851,3959.99,0.3123,True
1758860958180,3960.0,0.505,False
1758860959908,3959.99,0.1104,True
1758860959908,3959.99,0.1114,True
1758860960274,3959.99,0.1787,True
1758860960274,3959.99,0.3213,True
1758860969315,3960.0,0.1,False
1758860969315,3960.0,0.298,False
1758860969324,3960.0,7.2793,False
1758860969324,3960.0,3.7717,False
1758860969324,3960.0,0.302,False
1758860969324,3960.0,0.5,False
1758860969324,3960.01,0.1263,False
1758860969350,3960.03,0.1329,False
1758860969350,3960.03,0.3671,False
1758860969350,3960.06,0.5,False
1758860969350,3960.09,0.1515,False
1758860969350,3960.09,3.1558,False
1758860969350,3960.09,11.761,False
1758860969351,3960.09,4.0887,False
1758860969351,3960.09,2.4327,False
1758860969351,3960.09,3.8836,False
1758860969351,3960.09,17.3529,False
1758860969351,3960.09,13.4315,False
1758860969351,3960.09,4.3452,False
1758860969352,3960.09,17.5018,False
1758860969352,3960.09,13.1324,False
1758860969352,3960.09,4.2681,False
1758860969354,3960.09,4.6463,False
1758860969395,3960.1,0.1237,False
1758860969396,3960.1,0.3261,False
1758860969416,3960.15,0.1263,False
1758860969416,3960.19,0.2273,False
1758860970099,3960.24,0.1645,False
1758860970130,3960.24,99.7369,False
1758860970216,3960.39,0.2525,False
1758860970441,3960.41,0.2519,True
1758860971100,3960.42,0.1515,False
1758860975185,3960.49,0.1301,True
1758860976468,3960.49,0.2257,True
1758860976468,3960.49,0.4591,True
1758860980346,3960.5,0.1497,False
1758860980427,3960.5,0.2139,False
1758860985713,3960.49,0.5,True
1758860986705,3960.5,0.302,False
1758860986705,3960.5,0.2349,False
1758860986705,3960.51,5.1873,False
1758860986706,3960.51,3.1655,False
1758860986706,3960.51,2.0068,False
1758860986706,3960.51,8.866,False
1758860986706,3960.51,1.0645,False
1758860986706,3960.51,11.5562,False
1758860986706,3960.51,0.5175,False
1758860986706,3960.51,0.3281,False
1758860986706,3960.51,0.656,False
1758860986706,3960.51,4.4071,False
1758860986706,3960.51,1.9066,False
1758860986706,3960.51,11.8331,False
1758860986707,3960.51,2.5272,False
1758860986707,3960.51,0.8585,False
1758860986707,3960.51,0.9038,False
1758860986707,3960.51,0.4833,False
1758860986709,3960.51,0.4833,False
1758860986709,3960.51,4.1338,False
1758860986709,3960.51,1.6224,False
1758860986709,3960.51,2.472,False
1758860986709,3960.51,0.8707,False
1758860986709,3960.51,1.01,False
1758860986709,3960.51,8.1311,False
1758860986710,3960.51,3.3128,False
1758860986710,3960.51,21.6179,False
1758860986710,3960.54,0.1263,False
1758860986711,3960.59,0.1515,False
1758860986711,3960.69,0.2272,False
1758860986711,3960.84,1.3652,False
1758860986721,3960.84,0.1422,False
1758860986721,3960.86,0.1,False
1758860986721,3960.89,0.101,False
1758860986721,3960.89,0.101,False
1758860986721,3960.89,0.2525,False
1758860986721,3960.94,0.1263,False
1758860986741,3961.0,0.1579,False
1758860986741,3961.0,0.2839,False
1758860986761,3961.0,0.7191,False
1758860986761,3961.0,0.5774,False
1758860988124,3961.0,0.3093,False
1758860988124,3961.0,0.9602,False
1758860988205,3961.14,0.837,False
1758860988238,3961.29,0.1515,False
1758860988238,3961.29,0.2524,False
1758860988269,3961.34,0.1263,False
1758860988299,3961.39,0.8382,False
1758860988299,3961.39,0.4909,False
1758860988340,3961.39,0.3988,False
1758860988340,3961.39,0.9032,False
1758860988374,3961.4,1.5955,False
1758860988405,3961.4,0.7345,False
1758860988405,3961.43,0.1,False
1758860988405,3961.46,0.5991,False
1758860988443,3961.46,1.4634,False
1758860988495,3961.46,1.322,False
1758860988539,3961.46,0.7711,False
1758860988539,3961.46,0.6053,False
1758860988570,3961.46,0.3585,False
1758860988570,3961.46,0.9009,False
1758860988607,3961.46,0.7818,False
1758860988607,3961.46,0.5944,False
1758860988639,3961.46,1.4286,False
1758860988680,3961.5,0.2524,False
1758860989108,3961.59,1.2625,False
1758860989147,3961.59,1.2036,False
1758860989180,3961.59,0.8472,False
1758860989180,3961.59,0.7391,False
1758860989212,3961.59,1.0522,False
1758860989214,3961.6,0.802,False
1758860989283,3961.61,0.488,False
1758860989285,3961.61,3.4966,False
1758860989316,3961.73,0.1263,False
1758860989316,3961.78,0.2272,False
1758860989496,3961.86,1.478,False
1758860989530,3961.86,0.122,False
1758860989530,3961.86,1.4642,False
1758860989579,3961.86,1.6224,False
1758860989616,3961.86,0.9134,False
1758860989616,3961.98,0.2524,False
1758860989616,3962.0,0.131,False
1758860989647,3962.0,0.1168,False
1758860989647,3962.0,1.0056,False
1758860989647,3962.0,0.2475,False
1758860989678,3962.0,0.7569,False
1758860989678,3962.0,0.6171,False
1758860989709,3962.0,0.2365,False
1758860989709,3962.0,1.2301,False
1758860989752,3962.0,0.9757,False
1758860989752,3962.0,0.528,False
1758860989788,3962.0,1.4876,False
1758860989818,3962.0,1.532,False
1758860992766,3961.99,1.0009,True
1758860995567,3962.0,0.302,False
1758860996971,3962.01,0.5,True
1758860999440,3962.02,0.4502,False
1758860999440,3962.02,0.7497,False
1758860999472,3962.02,1.3152,False
1758860999482,3962.02,5.5085,False
1758860999482,3962.02,0.7803,False
1758860999482,3962.02,6.4031,False
1758860999503,3962.13,0.1263,False
1758860999503,3962.19,0.5,False
1758860999503,3962.19,0.2058,False
1758861000053,3962.22,0.9509,True
1758861000888,3962.27,0.191,True
1758861000890,3962.27,0.251,True
1758861000893,3962.27,0.251,True
1758861001249,3962.27,0.2093,True
1758861001567,3962.27,0.5961,True
1758861001567,3962.27,0.4,True
1758861001567,3962.27,1.513,True
1758861001567,3962.27,1.513,True
1758861001567,3962.27,1.5141,True
1758861001567,3962.27,6.3057,True
1758861001567,3962.27,0.5124,True
1758861001567,3962.26,1.2121,True
1758861001567,3962.26,1.2592,True
1758861001568,3962.22,0.2078,True
1758861001576,3962.1,0.1893,True
1758861001576,3962.1,0.8738,True
1758861001576,3962.1,2.5243,True
1758861001576,3962.09,6.1102,True
1758861001594,3962.0,0.1551,True
1758861001633,3962.0,0.1385,True
1758861001633,3961.99,0.2196,True
1758861001633,3961.99,0.2181,True
1758861001634,3961.99,0.2196,True
1758861001634,3961.99,0.2196,True
1758861001634,3961.99,0.2196,True
1758861001634,3961.99,0.2196,True
1758861001634,3961.99,0.1195,True
1758861001645,3961.99,0.1001,True
1758861001645,3961.99,0.1304,True
1758861001645,3961.99,0.2196,True
1758861001645,3961.99,0.2194,True
1758861001645,3961.98,0.1519,True
1758861001649,3961.98,0.1392,True
1758861001649,3961.98,0.1519,True
1758861001649,3961.98,0.1519,True
1758861001649,3961.98,0.1519,True
1758861001649,3961.98,0.1383,True
1758861001684,3961.94,0.198,True
1758861001684,3961.9,0.1514,True
1758861001684,3961.89,0.1789,True
1758861001742,3961.89,0.7623,True
1758861001742,3961.8,0.2272,True
1758861001833,3961.74,0.2384,True
1758861001839,3961.74,0.3028,True
1758861001843,3961.74,0.252,True
1758861001881,3961.73,0.1263,True
1758861002117,3961.61,0.2131,True
1758861002117,3961.61,0.273,True
1758861002117,3961.61,2.096,True
1758861002117,3961.6,0.101,True
1758861002117,3961.59,0.1,True
1758861002700,3961.51,0.1794,True
1758861003252,3961.51,0.12,True
1758861003352,3961.51,0.1106,True
1758861003555,3961.51,0.4495,True
1758861004839,3961.52,0.1009,False
1758861004868,3961.52,0.4656,False
1758861006261,3961.51,0.1771,True
1758861006685,3961.51,0.1907,True
1758861007747,3961.51,0.1069,True
1758861007747,3961.51,0.1441,True
1758861007771,3961.51,0.1042,True
1758861008019,3961.51,0.1675,True
1758861008423,3961.52,0.3819,False
1758861008423,3961.52,0.302,False
1758861008912,3961.61,0.1515,False
1758861009705,3961.71,0.2272,False
1758861009705,3961.71,1.0508,False
1758861009901,3961.95,1.2758,False
1758861010093,3961.99,0.101,False
1758861010093,3961.99,0.101,False
1758861010566,3962.1,0.2518,False
1758861010627,3962.11,0.2395,False
1758861010784,3962.11,1.2769,False
1758861010816,3962.13,0.1263,False
1758861012877,3962.14,0.191,True
1758861012878,3962.14,0.2147,True
1758861012958,3962.14,0.159,True
1758861016407,3962.14,0.252,True
1758861018711,3962.14,0.252,True
1758861018779,3962.14,0.4,True
1758861018908,3962.14,0.1582,True
1758861018908,3962.05,0.1515,True
1758861018937,3961.95,0.2004,True
1758861018984,3961.94,0.9865,True
1758861019129,3961.75,0.101,True
1758861019129,3961.75,0.2216,True
1758861021049,3961.74,0.1623,True
1758861023607,3961.74,0.2492,True
1758861025338,3961.75,0.401,False
1758861025338,3961.75,0.5684,False
1758861027784,3961.75,0.25,False
1758861028386,3961.74,0.1968,True
1758861028386,3961.74,0.1274,True
1758861028461,3961.74,1.3867,True
1758861028461,3961.74,0.2447,True
1758861028463,3961.73,0.1263,True
1758861028465,3961.69,0.1,True
1758861028517,3961.64,0.8307,True
1758861028882,3961.57,0.3211,False
1758861029488,3961.57,1.6782,False
1758861031247,3961.56,0.4,True
1758861031327,3961.56,0.3298,True
1758861031328,3961.56,6.7005,True
1758861031328,3961.56,0.6742,True
1758861031328,3961.55,0.2272,True
1758861031328,3961.5,3.0424,True
1758861031328,3961.45,0.9745,True
1758861031328,3961.35,0.2524,True
1758861031328,3961.33,0.1263,True
1758861031328,3961.29,0.6983,True
1758861031328,3961.2,0.9675,True
1758861031329,3961.2,5.3399,True
1758861031329,3961.17,0.2525,True
1758861031329,3961.17,0.101,True
1758861031329,3961.17,0.101,True
1758861031329,3961.16,4.05,True
1758861031329,3961.16,0.1,True
1758861031329,3960.98,0.1515,True
1758861031329,3960.98,0.1515,True
1758861031329,3960.96,0.4,True
1758861031330,3960.95,0.1515,True
1758861031330,3960.94,0.1263,True
1758861031330,3960.92,0.5691,True
1758861031330,3960.91,1.0,True
1758861031330,3960.88,0.1557,True
1758861031330,3960.85,0.8,True
1758861031341,3960.82,0.1519,False
1758861031341,3960.82,0.7097,False
1758861031361,3960.8,0.8291,True
1758861031361,3960.8,0.2781,True
1758861031471,3960.59,0.126,True
1758861031584,3960.56,0.1,True
1758861031792,3960.54,0.1263,True
1758861031889,3960.49,0.1258,True
1758861032175,3960.49,0.1511,True
1758861032175,3960.49,0.1511,True
1758861032175,3960.49,0.1511,True
1758861032176,3960.48,0.1511,True
1758861032176,3960.48,0.1511,True
1758861032176,3960.48,0.1511,True
1758861032176,3960.48,0.1511,True
1758861032176,3960.3,0.4,True
1758861032176,3960.19,0.8,True
1758861032176,3960.17,3.7858,True
1758861032176,3960.14,0.1263,True
1758861032177,3960.05,0.7061,True
1758861032195,3960.01,0.3503,False
1758861032195,3960.01,0.5931,False
1758861032330,3960.0,0.3233,True
1758861032800,3960.0,0.223,True
1758861034142,3960.0,0.2537,True
1758861034610,3960.0,0.5662,True
1758861034830,3960.0,0.7433,True
1758861034831,3959.81,0.2273,True
1758861034831,3959.76,0.8,True
1758861034831,3959.76,0.8,True
1758861034831,3959.75,0.1263,True
1758861034831,3959.75,0.935,True
1758861034831,3959.74,3.1178,True
1758861034832,3959.74,1.732,True
1758861034839,3959.74,0.8,True
1758861034840,3959.74,28.5146,True
1758861034840,3959.74,45.07,True
1758861034840,3959.74,20.6906,True
1758861034840,3959.74,0.9361,True
1758861034842,3959.61,0.2133,True
1758861034842,3959.6,0.1,True
1758861034842,3959.59,1.903,True
1758861034882,3959.59,1.8834,True
1758861035005,3959.35,2.0173,True
1758861035006,3959.21,0.2526,True
1758861035006,3959.2,0.1,True
1758861035006,3959.08,0.7033,True
1758861035006,3959.07,0.4,True
1758861035006,3958.96,0.1263,True
1758861035009,3958.82,1.6855,True
1758861035450,3958.82,0.4,True
1758861035755,3958.82,0.252,True
1758861036552,3958.83,0.1317,False
1758861038120,3958.83,0.4459,False
1758861038227,3958.82,0.2037,True
1758861038227,3958.81,0.1,True
1758861039138,3958.57,0.2525,True
1758861039138,3958.56,0.1264,True
1758861039138,3958.5,0.2526,True
1758861039138,3958.45,0.9142,True
1758861039138,3958.43,0.1011,True
1758861039138,3958.43,0.1011,True
1758861039138,3958.42,0.1,True
1758861039139,3958.35,0.2526,True
1758861039145,3958.21,0.9176,False
1758861039577,3958.21,0.1768,False
1758861039588,3958.21,0.2524,False
1758861040033,3958.16,0.1264,True
1758861040116,3958.14,0.113,True
1758861040116,3958.14,0.1129,True
1758861040116,3958.03,0.1516,True
1758861040116,3958.02,0.1,True
1758861040955,3958.01,6.6734,True
1758861040955,3958.01,0.2274,True
1758861040955,3958.0,0.6,True
1758861040955,3958.0,0.2526,True
1758861040955,3957.9,2.0565,True
1758861040955,3957.9,2.0568,True
1758861040955,3957.81,0.2527,True
1758861040955,3957.77,0.1264,True
1758861040955,3957.69,0.8,True
1758861040955,3957.69,0.8,True
1758861040955,3957.65,0.971,True
1758861040955,3957.63,0.1,True
1758861040955,3957.62,0.1011,True
1758861040955,3957.62,0.1011,True
1758861040955,3957.61,0.3522,True
1758861040956,3957.5,0.2527,True
1758861040956,3957.47,1.6,True
1758861040956,3957.41,0.2527,True
1758861040956,3957.39,4.05,True
1758861040956,3957.37,0.1264,True
1758861040961,3957.24,0.9156,True
1758861040961,3957.22,0.1516,True
1758861040961,3957.19,0.1218,True
1758861040961,3957.01,0.1,True
1758861040961,3957.01,0.58,True
1758861040961,3957.0,0.2527,True
1758861040961,3956.99,0.4614,True
1758861040967,3956.97,0.1264,True
1758861040967,3956.97,0.58,True
1758861040967,3956.97,0.58,True
1758861040968,3956.98,0.7996,False
1758861041212,3956.86,0.252,True
1758861041297,3956.86,0.205,True
1758861041444,3956.86,0.4,True
1758861041525,3956.86,0.4,True
1758861041576,3956.87,0.4275,False
1758861041676,3956.86,0.3385,True
1758861041707,3956.86,0.4211,True
1758861041716,3956.86,0.161,True
1758861041716,3956.82,0.1,True
1758861041970,3956.66,0.4,True
1758861042204,3956.66,0.2359,True
1758861042295,3956.66,0.4,True
1758861042499,3956.66,0.252,True
1758861042742,3956.67,7.5627,False
1758861042742,3956.67,1.3408,False
1758861042742,3956.67,4.0,False
1758861042742,3956.67,4.0,False
1758861042742,3956.67,2.001,False
1758861042742,3956.67,2.289,False
1758861042742,3956.67,1.7731,False
1758861042742,3956.67,1.9358,False
1758861042742,3956.67,0.1001,False
1758861042742,3956.67,0.191,False
1758861042742,3956.67,4.05,False
1758861042742,3956.67,2.955,False
1758861042742,3956.67,2.3843,False
1758861042742,3956.67,0.492,False
1758861042742,3956.67,10.1853,False
1758861042742,3956.67,0.9053,False
1758861042742,3956.67,2.7442,False
1758861042742,3956.67,6.3146,False
1758861042742,3956.67,3.2385,False
1758861042742,3956.67,1.6379,False
1758861042742,3956.67,2.0502,False
1758861042742,3956.67,0.5051,False
1758861042742,3956.67,5.7063,False
1758861042742,3956.67,1.5141,False
1758861042742,3956.67,0.7584,False
1758861042742,3956.67,0.4,False
1758861042742,3956.67,2.9817,False
1758861042742,3956.67,0.271,False
1758861042742,3956.67,2.5238,False
1758861042742,3956.67,1.041,False
1758861042742,3956.67,0.7026,False
1758861042742,3956.67,0.604,False
1758861042742,3956.67,1.9639,False
1758861042743,3956.67,0.5599,False
1758861042743,3956.67,2.5238,False
1758861042743,3956.74,0.5656,False
1758861042743,3956.84,7.5479,False
1758861042744,3956.84,1.3521,False
1758861042744,3956.84,1.0,False
1758861042744,3956.87,2.5238,False
1758861042746,3956.88,0.4895,False
1758861042746,3956.91,0.5,False
1758861042746,3956.93,0.25,False
1758861042751,3956.95,0.4,True
1758861042751,3957.16,0.4908,False
1758861042764,3957.16,0.3565,False
1758861042764,3957.16,0.1475,False
1758861042898,3957.19,0.252,True
1758861043605,3957.36,0.252,True
1758861044098,3957.49,0.252,True
1758861044193,3957.49,0.252,True
1758861046838,3957.49,0.191,True
1758861046838,3957.49,1.4999,True
1758861046838,3957.49,0.69,True
1758861046838,3957.41,0.4,True
1758861046838,3957.4,0.1502,True
1758861046916,3957.3,0.2274,True
1758861047939,3957.27,1.5001,True
1758861047939,3957.26,0.2534,True
1758861048045,3957.14,2.8649,True
1758861048045,3957.14,0.4203,True
1758861048138,3957.1,0.2527,True
1758861048138,3957.1,0.1011,True
1758861048138,3957.1,0.1011,True
1758861048542,3957.02,7.4755,False
1758861048542,3957.02,1.2981,False
1758861048542,3957.02,4.0,False
1758861048542,3957.02,2.4082,False
1758861048875,3957.01,0.1531,True
1758861048970,3957.01,0.1504,True
1758861048970,3957.01,0.1531,True
1758861048970,3957.01,0.1264,True
1758861048970,3956.97,0.1264,True
1758861049016,3956.7,0.2527,True
1758861049016,3956.7,0.1516,True
1758861049061,3956.66,0.4,True
1758861049174,3956.66,5.1779,True
1758861049214,3956.66,0.4,True
1758861050179,3956.66,0.4926,True
1758861055109,3956.67,0.302,False
1758861055109,3956.67,1.5763,False
1758861055109,3956.7,0.5,False
1758861055111,3956.73,0.4961,False
1758861055165,3956.76,0.1516,False
1758861055705,3956.86,0.1579,False
1758861055705,3956.88,0.3,False
1758861055923,3957.06,0.1011,False
1758861056039,3957.14,0.4201,False
1758861058100,3957.5,0.3823,False
1758861058102,3957.59,0.1516,False
1758861058111,3957.77,0.1264,False
1758861058644,3957.99,0.1129,True
1758861058653,3958.02,0.5053,False
1758861058717,3958.02,0.1051,False
1758861058846,3958.02,0.1491,False
1758861058884,3958.02,0.6096,False
1758861059063,3958.02,0.1058,False
1758861059506,3958.01,0.191,True
1758861059506,3958.01,1.3621,True
1758861059506,3958.01,0.1683,True
1758861059506,3958.01,0.295,True
1758861059506,3958.01,2.1249,True
1758861059506,3957.84,0.39,True
1758861059507,3957.68,0.769,True
1758861059585,3957.49,0.8935,True
1758861059771,3957.5,0.1289,False
1758861060247,3957.49,0.3744,True
1758861060613,3957.5,1.68,False
1758861061118,3957.49,1.3639,True
1758861061216,3957.4,0.1516,True
1758861061216,3957.39,0.1,True
1758861061216,3957.37,0.1264,True
1758861061216,3957.3,0.2274,True
1758861061268,3957.11,0.7778,True
1758861061268,3957.1,0.2527,True
1758861061268,3957.03,0.3265,True
1758861061268,3957.03,1.134,True
1758861061268,3956.99,0.1011,True
1758861061268,3956.97,0.1264,True
1758861061770,3956.66,0.885,True
1758861063283,3956.67,3.9556,False
1758861063283,3956.67,6.0444,False
1758861065135,3956.66,1.634,True
1758861065135,3956.66,0.645,True
1758861065135,3956.66,1.6125,True
1758861065135,3956.66,0.1538,True
1758861065135,3956.66,0.1538,True
1758861065135,3956.66,0.1538,True
1758861065135,3956.66,0.1538,True
1758861065135,3956.66,0.1538,True
1758861065135,3956.66,0.1477,True
1758861065135,3956.66,0.1538,True
1758861065135,3956.66,0.1538,True
1758861065135,3956.66,0.1538,True
1758861065135,3956.66,0.1538,True
1758861065135,3956.66,0.1538,True
1758861065135,3956.65,0.1538,True
1758861065135,3956.65,0.1538,True
1758861065135,3956.65,0.1538,True
1758861065135,3956.65,0.1538,True
1758861065135,3956.65,0.1538,True
1758861065136,3956.58,1.2637,True
1758861065136,3956.57,0.1264,True
1758861065137,3956.56,0.5054,True
1758861065137,3956.5,0.2527,True
1758861065261,3956.47,0.2008,True
1758861065261,3956.3,0.2366,True
1758861065356,3956.27,0.1011,True
1758861065356,3956.27,0.1011,True
1758861065356,3956.27,0.2528,True
1758861065356,3956.25,0.1129,True
1758861065356,3956.18,0.1264,True
1758861065403,3955.9,0.5553,True
1758861065403,3955.9,0.3226,True
1758861065403,3955.89,0.27,True
1758861065403,3955.87,0.1517,True
1758861065403,3955.87,0.2528,True
1758861065403,3955.86,0.1,True
1758861065403,3955.86,0.1011,True
1758861065403,3955.78,0.1264,True
1758861065403,3955.76,0.3748,True
1758861065602,3955.76,0.2528,True
1758861065776,3955.77,0.2525,False
1758861065785,3955.77,0.2525,False
1758861066711,3955.77,0.1885,False
1758861067288,3955.76,0.4038,True
1758861067288,3955.76,0.1965,True
1758861067290,3955.47,0.1,True
1758861067290,3955.39,0.1265,True
1758861067290,3955.37,0.1011,True
1758861067290,3955.37,0.1011,True
1758861067290,3955.18,0.1672,True
1758861067290,3955.15,0.2021,True
1758861067290,3955.11,0.4,True
1758861067290,3955.08,0.1,True
1758861067290,3955.01,1.237,True
1758861067294,3955.01,0.5,False
1758861067294,3955.02,0.5101,False
1758861067386,3955.01,0.191,False
1758861067386,3955.01,0.6424,False
1758861068002,3955.4,0.1475,False
1758861068535,3955.4,1.4278,False
1758861070604,3955.39,0.2528,True
1758861071952,3955.39,0.4924,True
1758861071952,3955.39,0.7378,True
1758861071952,3955.39,0.7112,True
1758861071952,3955.39,1.2266,True
1758861071952,3955.39,0.2452,True
1758861071952,3955.39,0.1235,True
1758861072116,3955.2,0.2276,True
1758861074331,3955.02,1.6806,False
1758861076766,3955.01,0.9836,True
1758861078267,3955.01,0.351,True
1758861078402,3955.0,0.1529,True
1758861078816,3955.0,0.1011,True
1758861078816,3954.99,0.1265,True
1758861078816,3954.97,0.1517,True
1758861078816,3954.92,0.1517,True
1758861079008,3954.86,0.2529,True
1758861079076,3954.86,0.4,True
1758861081371,3954.86,0.128,True
1758861081426,3954.87,0.191,False
1758861081426,3954.96,0.1517,False
1758861084884,3955.0,0.2518,True
1758861086487,3955.0,0.4,True
1758861087516,3955.0,0.2542,True
1758861087516,3955.0,0.191,True
1758861087516,3954.99,0.1428,True
1758861087516,3954.91,0.1517,True
1758861087991,3954.87,1.6813,False
1758861088146,3954.86,0.4,True
1758861089048,3954.86,0.4316,True
1758861089242,3954.86,0.4,True
1758861091441,3954.86,0.4,True
1758861092424,3954.86,0.4,True
1758861094703,3954.86,4.4928,True
1758861094703,3954.86,0.57,True
1758861094703,3954.86,3.0796,True
1758861094703,3954.86,0.3578,True
1758861094703,3954.86,1.4153,True
1758861094703,3954.86,1.1755,True
1758861094703,3954.86,0.8854,True
1758861094945,3954.82,0.2276,True
1758861096194,3954.82,0.4,True
1758861096708,3954.83,0.6274,False
1758861096824,3954.82,0.1394,True
1758861096824,3954.82,6.8593,True
1758861096838,3954.82,0.33,True
1758861097747,3954.78,0.2,True
1758861097747,3954.78,0.174,True
1758861099047,3954.78,0.7852,True
1758861099590,3954.78,0.4526,True
1758861100143,3954.79,0.3113,False
1758861100818,3954.78,6.7988,True
1758861101276,3954.79,0.1303,False
1758861101276,3954.79,0.8351,False
1758861102276,3954.79,0.7472,False
1758861103103,3954.76,0.2771,True
1758861104033,3954.77,0.2446,False
1758861105644,3954.77,0.191,False
1758861105644,3954.77,1.7591,False
1758861105644,3954.77,1.5962,False
1758861105644,3954.77,0.5022,False
1758861105644,3954.77,0.906,False
1758861105644,3954.77,4.05,False
1758861105644,3954.77,2.3613,False
1758861105652,3954.87,2.4278,False
1758861106316,3954.87,0.191,True
1758861106316,3954.87,0.4642,True
1758861106577,3954.69,0.2528,True
1758861106616,3954.68,0.1519,True
1758861106616,3954.64,0.2529,True
1758861106797,3954.61,0.3241,True
1758861107781,3954.61,0.1106,True
1758861108589,3954.61,1.0025,True
1758861114010,3954.62,0.1843,False
1758861114010,3954.62,0.302,False
1758861114010,3954.62,0.2446,False
1758861114010,3954.62,0.1264,False
1758861114010,3954.63,0.1133,False
1758861114017,3954.71,0.1517,False
1758861114017,3954.81,0.2275,False
1758861114271,3954.87,2.5466,False
1758861115391,3954.97,0.3903,True
1758861115391,3954.97,1.1806,True
1758861116894,3955.0,0.4495,False
1758861117131,3955.0,0.1998,False
1758861117131,3955.0,0.283,False
1758861117136,3955.01,0.25,False
1758861117138,3955.06,0.3413,False
1758861117144,3955.27,0.2528,False
1758861117277,3955.36,0.1011,False
1758861117277,3955.37,0.2528,False
1758861117287,3955.39,0.1265,False
1758861117287,3955.41,0.1,False
1758861117456,3955.57,0.944,True
1758861117523,3955.58,0.1459,False
1758861119669,3955.61,0.161,True
1758861119669,3955.61,1.516,True
1758861119669,3955.61,0.6298,True
1758861119905,3955.61,0.8857,True
1758861119905,3955.61,1.516,True
1758861119905,3955.61,0.1509,True
1758861119905,3955.61,1.516,True
1758861119994,3955.42,0.1521,True
1758861119999,3955.42,0.7678,True
1758861120869,3955.22,0.1011,True
1758861120869,3955.22,0.3989,True
1758861121141,3955.22,1.0384,True
1758861121141,3955.22,1.516,True
1758861121141,3955.22,0.101,True
1758861121704,3955.01,0.5032,True
1758861123259,3955.01,0.1661,True
1758861123259,3954.99,0.1265,True
1758861123259,3954.88,0.1517,True
1758861123259,3954.88,0.9,True
1758861123259,3954.78,0.2275,True
1758861123259,3954.61,2.9627,True
1758861123264,3954.62,0.7635,False
1758861125416,3954.62,0.191,False
1758861126008,3954.87,2.4858,False
1758861126008,3954.87,0.302,False
1758861126008,3954.87,1.0,False
1758861126009,3954.96,0.26,False
1758861126013,3955.0,0.5,False
1758861126013,3955.01,0.1011,False
1758861126016,3955.37,0.17,False
1758861126654,3955.39,0.113,False
1758861128067,3955.43,0.1404,True
1758861128067,3955.43,1.7761,True
1758861128838,3955.44,0.5969,False
1758861129889,3955.43,1.0,True
1758861132837,3955.57,0.3582,True
1758861134747,3955.57,0.1425,True
1758861138313,3955.58,0.7292,False
1758861142374,3955.58,2.528,False
1758861148056,3955.57,1.3654,True
1758861148056,3955.57,0.7125,True
1758861148057,3955.56,0.2129,True
1758861148058,3955.48,0.1517,True
1758861148069,3955.43,1.0,True
1758861148072,3955.38,0.2275,True
1758861148072,3955.18,0.2487,True
1758861148117,3954.99,0.1265,True
1758861148117,3954.98,0.1,True
1758861148339,3954.86,0.473,True
1758861149819,3954.87,0.141,False
1758861149819,3954.87,0.302,False
1758861149998,3955.39,0.1265,False
1758861150689,3955.57,0.999,False
1758861150689,3955.61,5.0561,False
1758861151701,3955.77,0.2275,False
1758861151701,3955.79,0.1265,False
1758861151701,3955.83,0.1011,False
1758861151701,3955.83,0.1011,False
1758861156130,3955.97,0.2528,False
1758861156130,3955.97,0.302,False
1758861156266,3956.16,0.2275,False
1758861156266,3956.18,0.1264,False
1758861158418,3956.36,0.191,True
1758861158541,3956.36,0.5191,True
1758861158584,3956.36,0.1078,True
1758861158732,3956.36,0.2375,True
1758861158794,3956.36,0.1945,True
1758861160819,3956.36,0.2767,True
1758861161056,3956.35,1.3786,True
1758861161058,3956.27,0.1517,True
1758861163151,3956.17,0.1495,True
1758861163151,3955.98,0.2275,True
1758861163151,3955.96,0.1,True
1758861163151,3955.87,0.1517,True
1758861163151,3955.86,0.9939,True
1758861163151,3955.78,0.1264,True
1758861163151,3955.78,0.1011,True
1758861163151,3955.78,0.1011,True
1758861163151,3955.77,0.264,True
1758861163151,3955.76,0.1011,True
1758861163151,3955.7,0.2178,True
1758861163156,3955.71,0.8242,False
1758861168459,3955.7,0.1,True
1758861171269,3955.7,0.1248,True
1758861171440,3955.7,0.1519,True
1758861171441,3955.7,0.1519,True
1758861171441,3955.7,0.1519,True
1758861171441,3955.7,0.1264,True
1758861172701,3955.7,0.1172,True
1758861173861,3955.69,0.1517,True
1758861173861,3955.69,0.1517,True
1758861176957,3955.69,0.1125,True
1758861176957,3955.69,0.1517,True
1758861177275,3955.69,0.8413,True
1758861182374,3955.69,0.1517,True
1758861182374,3955.69,0.1517,True
1758861182374,3955.69,0.1519,True
1758861182374,3955.69,0.1517,True
1758861182374,3955.69,0.1519,True
1758861182374,3955.69,0.1517,True
1758861182374,3955.69,0.1519,True
1758861182374,3955.69,0.1517,True
1758861182374,3955.69,0.1519,True
1758861182374,3955.69,0.1517,True
1758861182374,3955.69,0.1377,True
1758861182374,3955.69,0.1517,True
1758861182376,3955.63,0.3,True
1758861182376,3955.61,0.1517,True
1758861182571,3955.51,0.2159,True
1758861182572,3955.39,0.1265,True
1758861182572,3955.38,0.1517,True
1758861182572,3955.31,0.1459,True
1758861182572,3955.31,0.1069,True
1758861182572,3955.31,0.1011,True
1758861182572,3955.3,0.1011,True
1758861182610,3955.0,0.1022,True
1758861182610,3954.99,0.1265,True
1758861182610,3954.98,0.1,True
1758861182610,3954.91,0.1517,True
1758861182610,3954.91,0.2529,True
1758861182610,3954.86,0.4666,True
1758861182610,3954.61,1.469,True
1758861184373,3954.62,0.1103,False
1758861187956,3954.61,1.2246,True
1758861188803,3954.61,50.7609,True
1758861188803,3954.61,41.7558,True
1758861188803,3954.61,0.1,True
1758861188803,3954.61,0.104,True
1758861188804,3954.6,0.1265,True
1758861188805,3954.51,0.1,True
1758861188805,3954.42,0.2276,True
1758861188805,3954.39,0.2145,True
1758861188806,3954.32,0.2528,True
1758861188911,3954.22,0.2529,True
1758861188917,3954.22,0.1012,True
1758861188917,3954.2,0.1265,True
1758861190782,3954.17,0.4,True
1758861191379,3954.17,0.2529,True
1758861191640,3954.17,0.4,True
1758861192940,3954.17,0.4,True
1758861193309,3954.17,0.4,True
1758861193534,3954.17,0.126,True
1758861194653,3954.17,0.4,True
1758861195927,3954.17,0.7799,True
1758861195975,3954.17,0.2556,True
1758861196003,3954.17,1.2239,True
1758861196003,3954.17,0.902,True
1758861196003,3954.17,0.2075,True
1758861196003,3954.16,0.9531,True
1758861196251,3953.98,0.1958,True
1758861197765,3953.88,0.2045,True
1758861197957,3953.82,0.1517,True
1758861197957,3953.81,0.1,True
1758861197957,3953.8,0.1265,True
1758861197957,3953.79,0.2529,True
1758861197957,3953.79,0.2276,True
1758861197957,3953.78,0.1012,True
1758861198240,3953.68,0.4,True
1758861198461,3953.68,0.6808,True
1758861198461,3953.68,0.8807,True
1758861198461,3953.59,0.2529,True
1758861198461,3953.42,0.1,True
1758861198461,3953.41,0.1265,True
1758861198461,3953.38,0.1518,True
1758861198461,3953.19,0.253,True
1758861198461,3953.11,0.263,True
1758861198461,3953.1,0.2529,True
1758861198461,3953.1,2.0477,True
1758861198998,3953.11,0.2527,False
1758861200798,3953.1,0.3025,True
1758861200798,3953.1,0.1231,True
1758861202202,3953.1,0.7949,True
1758861202202,3953.1,1.8125,True
1758861205592,3953.09,0.6724,True
1758861205594,3953.01,0.1265,True
1758861205616,3953.0,0.2529,True
1758861205616,3952.98,0.1,True
1758861205616,3952.94,0.2239,True
1758861205790,3952.94,0.2528,False
1758861207525,3952.93,0.4,True
1758861208245,3952.93,0.5483,True
1758861208307,3952.93,4.6853,True
1758861208307,3952.93,1.1011,True
1758861208308,3952.93,0.1101,True
1758861208308,3952.93,0.674,True
1758861208308,3952.93,0.2583,True
1758861208308,3952.92,0.2708,True
1758861208308,3952.92,0.4228,True
1758861208308,3952.91,0.2277,True
1758861208308,3952.87,0.5059,True
1758861208478,3952.72,0.4,True
1758861213787,3952.73,0.1181,False
1758861214158,3952.73,0.8323,False
1758861214158,3952.73,0.191,False
1758861214158,3952.73,0.1,False
1758861214158,3952.73,0.906,False
1758861214158,3952.73,1.8843,False
1758861214158,3952.73,7.5886,False
1758861214158,3952.73,7.5886,False
1758861214158,3952.73,7.5886,False
1758861214162,3952.82,0.1518,False
1758861214217,3952.92,0.2277,False
1758861214239,3952.93,11.5207,False
1758861214241,3952.93,1.5756,False
1758861214245,3952.93,16.7842,False
1758861214245,3953.0,1.9005,False
1758861214245,3953.0,0.16,False
1758861214245,3953.0,0.4517,False
1758861214245,3953.1,0.5036,False
1758861214245,3953.11,0.3307,False
1758861214245,3953.12,0.1012,False
1758861215287,3953.2,0.3585,True
1758861215287,3953.2,4.0,True
1758861215287,3953.2,0.6365,True
1758861219154,3953.29,0.1648,True
1758861219154,3953.29,2.2742,True
1758861220453,3953.3,0.302,False
1758861220453,3953.3,0.8942,False
1758861220453,3953.3,1.9358,False
1758861220453,3953.3,0.1001,False
1758861220464,3953.41,0.1265,False
1758861220468,3953.49,0.2277,False
1758861220574,3953.69,0.8649,False
1758861221975,3953.68,0.2668,True
1758861221976,3953.68,1.0729,True
1758861221976,3953.68,0.5852,True
1758861221976,3953.68,0.1663,True
1758861227804,3953.68,0.2726,True
1758861229026,3953.69,0.3434,False
1758861231618,3953.68,0.1,True
1758861234291,3953.68,0.569,True
1758861234291,3953.68,0.5477,True
1758861234291,3953.68,1.368,True
1758861234291,3953.68,1.516,True
1758861234291,3953.68,1.516,True
1758861234291,3953.68,0.1895,True
1758861234291,3953.68,0.7737,True
1758861234291,3953.68,3.1128,True
1758861234291,3953.67,0.1517,True
1758861234291,3953.67,0.1517,True
1758861234291,3953.67,0.1517,True
1758861234291,3953.67,0.1517,True
1758861234291,3953.67,0.1517,True
1758861234291,3953.67,0.1517,True
1758861234291,3953.67,0.1517,True
1758861234291,3953.67,0.1517,True
1758861234291,3953.67,0.1517,True
1758861234291,3953.67,0.1126,True
1758861234547,3953.59,0.1518,True
1758861234590,3953.49,0.1308,True
1758861237116,3953.29,0.1012,True
1758861237116,3953.29,0.253,True
1758861237116,3953.21,0.2641,True
1758861237116,3953.21,0.12,True
1758861238132,3953.21,0.1109,False
1758861239969,3953.21,0.302,False
1758861239969,3953.21,0.5623,False
1758861240240,3953.2,1.0458,True
1758861242891,3953.2,1.1756,True
1758861242891,3953.2,0.2236,True
1758861242891,3953.2,0.3294,True
1758861242891,3953.2,0.3664,True
1758861244517,3953.3,0.1518,False
1758861244517,3953.4,0.2277,False
1758861244552,3953.45,0.52,True
1758861246184,3953.5,0.2529,False
1758861246191,3953.68,0.4652,False
1758861246599,3953.67,4.0,True
1758861246991,3953.68,0.3232,False
1758861247321,3953.67,0.191,True
1758861247321,3953.67,0.8754,True
1758861247321,3953.67,0.8421,True
1758861252038,3953.45,0.2572,True
1758861253996,3953.45,0.7116,True
1758861254675,3953.45,0.131,True
1758861255734,3953.45,1.0,True
1758861257547,3953.45,0.2272,True
1758861257599,3953.43,0.1064,True
1758861260359,3953.43,0.1477,True
1758861260359,3953.34,0.1518,True
1758861260359,3953.24,0.2277,True
1758861260359,3953.07,0.7745,True
1758861260359,3953.06,0.1012,True
1758861260359,3953.06,0.1012,True
1758861260359,3953.04,0.253,True
1758861260359,3953.01,0.1265,True
1758861260359,3952.93,2.6326,True
1758861260364,3952.93,0.8707,False
1758861260898,3952.92,0.1523,True
1758861263270,3952.92,1.5261,True
1758861263270,3952.92,1.2747,True
1758861263270,3952.92,0.4748,True
1758861263270,3952.92,0.2512,True
1758861263474,3952.72,0.2023,True
1758861263535,3952.72,0.1875,True
1758861263809,3952.69,0.1,True
1758861263809,3952.66,0.1518,True
1758861263816,3952.64,0.2526,True
1758861263816,3952.62,0.1265,True
1758861263816,3952.53,0.1012,True
1758861263816,3952.53,0.1012,True
1758861264248,3952.5,0.1779,True
1758861267021,3952.5,2.0,True
1758861269203,3952.5,0.5,True
1758861272002,3952.5,2.9927,True
1758861272002,3952.5,1.529,True
1758861272002,3952.5,0.253,True
1758861272008,3952.31,0.2277,True
1758861272008,3952.3,0.1005,True
1758861272008,3952.3,0.1,True
1758861272166,3952.13,0.1518,True
1758861272166,3952.13,0.1506,True
1758861275380,3952.14,0.1,False
1758861276116,3952.13,0.9404,True
1758861278266,3952.14,0.191,False
1758861278266,3952.14,0.3068,False
1758861278266,3952.14,0.1566,False
1758861278283,3952.23,0.1518,False
1758861278953,3952.32,0.7355,True
1758861278953,3952.32,5.6997,True
1758861280143,3952.32,1.3555,True
1758861280143,3952.32,8.9,True
1758861280143,3952.32,3.1006,True
1758861280143,3952.32,0.9514,True
1758861280143,3952.32,3.532,True
1758861280143,3952.32,1.7731,True
1758861280143,3952.32,0.1961,True
1758861280143,3952.32,0.9743,True
1758861280143,3952.32,6.0,True
1758861280143,3952.23,0.1518,True
1758861280143,3952.22,0.6834,True
1758861280143,3952.17,0.263,True
1758861282618,3952.14,0.3192,True
1758861284983,3952.15,1.2772,False
1758861285807,3952.15,8.1003,False
1758861285808,3952.15,6.0626,False
1758861285808,3952.15,3.2136,False
1758861285808,3952.15,1.4723,False
1758861285808,3952.15,2.9978,False
1758861285808,3952.15,0.6851,False
1758861285808,3952.15,4.2685,False
1758861285808,3952.15,0.6844,False
1758861285810,3952.15,7.2678,False
1758861285810,3952.15,1.4729,False
1758861285810,3952.15,17.0328,False
1758861285810,3952.15,6.356,False
1758861285810,3952.15,1.722,False
1758861285810,3952.15,2.619,False
1758861285811,3952.15,3.394,False
1758861285811,3952.15,3.3692,False
1758861285811,3952.15,0.191,False
1758861285811,3952.15,8.6676,False
1758861285811,3952.15,2.248,False
1758861285812,3952.15,1.3482,False
1758861285813,3952.15,0.4038,False
1758861285813,3952.15,0.906,False
1758861285816,3952.24,0.1518,False
1758861285816,3952.33,0.2277,False
1758861285898,3952.44,0.3,True
1758861291076,3952.44,0.1205,True
1758861291716,3952.5,0.5,False
1758861294030,3952.51,1.8107,False
1758861294030,3952.51,0.2788,False
1758861294030,3952.52,1.3649,False
1758861294030,3952.52,9.779,False
1758861294031,3952.52,11.7172,False
1758861294031,3952.52,12.815,False
1758861294031,3952.52,12.1974,False
1758861294031,3952.52,5.0862,False
1758861294038,3952.52,3.4477,False
1758861294038,3952.52,0.5059,False
1758861294167,3952.52,10.998,False
1758861294167,3952.52,3.2571,False
1758861294168,3952.52,3.0879,False
1758861294170,3952.52,2.51,False
1758861294171,3952.52,1.4054,False
1758861294171,3952.52,0.2,False
1758861294176,3952.52,0.5059,False
1758861294176,3952.52,0.4533,False
1758861294184,3952.52,3.591,False
1758861294185,3952.52,7.0965,False
1758861294185,3952.52,8.5285,False
1758861294186,3952.52,1.3375,False
1758861294186,3952.52,0.302,False
1758861294186,3952.54,0.1012,False
1758861294186,3952.54,0.1012,False
1758861294198,3952.7,0.1673,False
1758861295673,3952.84,0.253,False
1758861295691,3952.9,0.1738,True
1758861295691,3952.9,2.7937,True
1758861295821,3952.9,0.18,True
1758861295935,3952.9,2.0,True
1758861296375,3952.93,1.397,True
1758861299664,3952.93,0.2529,True
1758861300402,3952.93,0.5985,True
1758861300408,3952.93,0.7036,True
1758861303216,3952.93,0.191,True
1758861303216,3952.93,0.3748,True
1758861303216,3952.92,0.236,True
1758861304917,3952.92,0.157,False
1758861307873,3952.91,0.1209,True
1758861308057,3952.91,1.3951,True
1758861308057,3952.91,0.6049,True
1758861308218,3952.91,0.4,True
1758861308498,3952.91,0.5111,True
1758861308498,3952.91,0.4222,True
1758861309107,3952.91,0.4,True
1758861310710,3952.91,0.472,True
1758861310722,3952.91,0.1522,True
1758861310722,3952.91,0.5,True
1758861310723,3952.84,0.1518,True
1758861310724,3952.74,0.2277,True
1758861310982,3952.52,0.1012,True
1758861310982,3952.52,0.1012,True
1758861311071,3952.5,0.1102,True
1758861311897,3952.48,1.517,True
1758861311897,3952.44,0.1514,True
1758861311897,3952.44,0.1256,True
1758861312120,3952.43,0.1418,True
1758861313582,3952.43,1.3625,True
1758861316020,3952.43,0.1244,True
1758861316020,3952.43,0.1794,True
1758861316088,3952.44,0.168,False
1758861316581,3952.44,2.1186,False
1758861317726,3952.43,1.3122,True
1758861317726,3952.43,0.1514,True
1758861317726,3952.43,1.6046,True
1758861317726,3952.43,5.0598,True
1758861317782,3952.41,0.1518,True
1758861318116,3952.24,0.2169,True
1758861318116,3952.22,0.1266,True
1758861320239,3952.15,1.0,False
1758861321432,3952.14,0.1019,True
1758861321432,3952.14,4.2877,True
1758861323751,3952.15,0.4918,False
1758861324186,3952.14,0.3724,True
1758861326610,3952.14,0.2964,True
1758861326621,3952.13,0.1242,True
1758861326621,3952.13,0.1498,True
1758861326622,3952.08,0.3583,True
1758861326622,3952.05,0.1518,True
1758861326622,3952.04,0.1012,True
1758861326622,3952.04,0.1012,True
1758861326622,3952.0,0.253,True
1758861326622,3952.0,0.4664,True
1758861326862,3951.95,0.2277,True
1758861326863,3951.79,0.262,True
1758861326867,3951.75,0.2531,True
1758861326867,3951.75,0.1012,True
1758861326874,3951.7,0.1,True
1758861326874,3951.64,0.1518,True
1758861326874,3951.5,0.253,True
1758861326874,3951.43,0.1266,True
1758861326874,3951.35,0.2531,True
1758861326874,3951.35,0.1518,True
1758861326874,3951.33,0.1,True
1758861326874,3951.3,0.58,True
1758861326874,3951.29,0.1,True
1758861326874,3951.25,0.6205,True
1758861329689,3951.25,1.036,False
1758861331161,3951.25,0.191,False
1758861331161,3951.25,1.114,False
1758861331166,3951.24,2.3019,True
1758861331191,3951.25,0.604,False
1758861331701,3951.25,4.0,True
1758861331701,3951.25,7.8303,True
1758861331701,3951.25,4.0,True
1758861331701,3951.25,9.0,True
1758861331701,3951.25,0.1001,True
1758861331701,3951.25,0.191,True
1758861331701,3951.25,0.9539,True
1758861331701,3951.25,1.9358,True
1758861331701,3951.25,14.9548,True
1758861331701,3951.25,0.2975,True
1758861331701,3951.25,1.7731,True
1758861331701,3951.25,0.9545,True
1758861331701,3951.25,0.4294,True
1758861331701,3951.25,4.098,True
1758861333885,3951.25,0.4909,True
1758861334483,3951.25,0.1352,True
1758861337278,3951.25,0.8707,True
1758861338645,3951.25,0.4966,True
1758861341280,3951.26,1.6595,False
1758861342492,3951.25,0.2872,True
1758861343666,3951.25,0.3191,True
1758861345955,3951.25,2.1318,True
1758861345955,3951.25,0.3105,True
1758861345955,3951.23,0.3518,True
1758861345955,3951.05,0.2278,True
1758861345955,3951.05,0.5,True
1758861345955,3951.04,0.1266,True
1758861345955,3951.03,2.1061,True
1758861345955,3951.0,0.2531,True
1758861345955,3950.87,0.8544,True
1758861345955,3950.86,0.1012,True
1758861345955,3950.86,0.1012,True
1758861345955,3950.85,0.2531,True
1758861345955,3950.84,0.1,True
1758861345955,3950.84,0.262,True
1758861345955,3950.79,19.6601,True
1758861345962,3950.8,0.8708,False
1758861345982,3950.8,0.1,False
1758861345994,3950.79,26.8046,True
1758861345994,3950.79,60.6061,True
1758861345994,3950.79,1.0026,True
1758861345994,3950.79,0.1001,True
1758861345994,3950.79,1.519,True
1758861345994,3950.79,0.8268,True
1758861345994,3950.79,0.9434,True
1758861345994,3950.79,0.9892,True
1758861345994,3950.79,0.8714,True
1758861345994,3950.79,1.9358,True
1758861345994,3950.79,0.9697,True
1758861345994,3950.79,0.38,True
1758861345994,3950.79,0.8159,True
1758861345994,3950.79,0.9422,True
1758861345994,3950.79,0.9208,True
1758861345994,3950.79,1.0832,True
1758861345994,3950.79,1.2117,True
1758861349583,3950.79,0.1306,True
1758861349583,3950.79,0.2342,True
1758861349583,3950.79,1.6234,True
1758861351285,3950.8,0.3421,False
1758861352066,3950.79,0.7427,True
1758861352236,3950.79,0.4283,True
1758861353981,3950.79,4.0553,True
1758861354442,3950.8,0.191,False
1758861354841,3950.82,0.5,True
1758861355050,3950.83,0.261,False
1758861355050,3950.89,0.14,False
1758861355330,3950.99,0.2152,False
1758861356391,3950.98,2.9474,True
1758861357292,3950.99,0.2238,False
1758861357491,3950.98,0.129,True
1758861358176,3950.99,0.604,False
1758861358239,3951.04,0.4317,True
1758861359480,3951.05,0.1777,False
1758861359517,3951.19,0.1012,False
1758861359517,3951.19,0.2531,False
1758861359517,3951.2,0.1,False
1758861359517,3951.25,0.1578,False
1758861359737,3951.27,1.444,False
1758861359744,3951.27,0.5061,False
1758861359816,3951.27,1.444,False
1758861359818,3951.27,0.377,False
1758861359846,3951.27,1.6842,False
1758861359847,3951.27,0.396,False
1758861359848,3951.27,0.351,False
1758861359848,3951.27,0.325,False
1758861359849,3951.27,0.351,False
1758861359849,3951.27,0.351,False
1758861359849,3951.27,0.351,False
1758861359849,3951.27,0.351,False
1758861359849,3951.27,0.351,False
1758861359850,3951.27,0.351,False
1758861359850,3951.27,0.351,False
1758861359850,3951.27,0.351,False
1758861359850,3951.27,0.351,False
1758861359850,3951.27,0.351,False
1758861359850,3951.27,0.286,False
1758861359851,3951.27,0.351,False
1758861359851,3951.27,10.3865,False
1758861359851,3951.27,3.0845,False
1758861359851,3951.27,0.345,False
1758861359852,3951.27,4.8527,False
1758861359853,3951.27,0.5441,False
1758861359885,3951.27,1.6287,False
1758861359904,3951.27,2.8645,False
1758861359916,3951.27,1.6845,False
1758861359918,3951.27,27.9616,False
1758861359920,3951.27,0.229,False
1758861359920,3951.27,1.1794,False
1758861359921,3951.27,0.4051,False
1758861359921,3951.27,0.88,False
1758861359949,3951.27,6.2431,False
1758861359950,3951.38,0.1012,False
1758861359951,3951.59,0.2531,False
1758861359951,3951.65,0.1012,False
1758861359953,3951.83,0.1266,False
1758861359954,3952.0,1.2462,False
1758861359954,3952.05,0.1,False
1758861359954,3952.13,0.1917,False
1758861359954,3952.13,0.8,False
1758861359955,3952.14,1.0122,False
1758861360015,3952.13,0.1,True
1758861360248,3952.13,0.1581,True
1758861361639,3952.13,0.4595,True
1758861363416,3952.13,0.191,True
1758861367211,3952.12,6.3078,True
1758861367211,3952.12,1.5176,True
1758861367211,3952.12,1.5164,True
1758861367211,3952.12,0.7167,True
1758861367211,3952.12,0.7238,True
1758861367212,3952.04,0.1518,True
1758861367215,3951.94,0.2277,True
1758861367318,3951.78,1.5176,True
1758861368715,3951.74,0.223,True
1758861368715,3951.74,0.1012,True
1758861368715,3951.74,6.3225,True
1758861368715,3951.74,1.5176,True
1758861368715,3951.74,1.5176,True
1758861368715,3951.74,1.5176,True
1758861368715,3951.74,1.7175,True
1758861368715,3951.74,1.9358,True
1758861368715,3951.74,0.1001,True
1758861368715,3951.48,2.9028,True
1758861370218,3951.48,1.3585,True
1758861370228,3951.43,0.1266,True
1758861370235,3951.35,0.1012,True
1758861370475,3951.33,0.1,True
1758861370587,3951.29,0.1443,True
1758861371666,3951.18,0.2217,True
1758861372850,3951.19,0.3811,False
1758861374834,3951.19,0.4954,False
1758861375143,3951.09,0.2531,True
1758861375143,3951.04,0.1266,True
1758861375144,3950.92,0.8443,True
1758861375144,3950.79,0.4878,True
1758861375144,3950.79,0.1525,True
1758861375144,3950.79,0.1012,True
1758861375144,3950.79,0.1012,True
1758861375144,3950.79,0.1525,True
1758861375144,3950.79,0.1525,True
1758861375144,3950.76,0.1519,True
1758861375144,3950.76,6.324,True
1758861375144,3950.73,0.9859,True
1758861375144,3950.7,0.8792,True
1758861375144,3950.64,0.1266,True
1758861375144,3950.64,4.05,True
1758861375144,3950.62,18.1497,True
1758861375144,3950.59,0.1765,True
1758861375144,3950.58,0.1,True
1758861375144,3950.51,20.0435,True
1758861375144,3950.5,0.1288,True
1758861375144,3950.5,0.2531,True
1758861375144,3950.49,0.58,True
1758861375144,3950.48,0.58,True
1758861375144,3950.45,0.58,True
1758861375144,3950.44,0.58,True
1758861375144,3950.44,0.58,True
1758861375145,3950.41,0.2022,True
1758861375145,3950.4,0.1,True
1758861375145,3950.39,0.1519,True
1758861375145,3950.33,0.58,True
1758861375145,3950.31,0.58,True
1758861375145,3950.29,0.1,True
1758861375145,3950.29,0.2,True
1758861375145,3950.28,0.4827,True
1758861375145,3950.26,0.7597,True
1758861375145,3950.25,0.1266,True
1758861375145,3950.25,0.58,True
1758861375145,3950.25,0.58,True
1758861375145,3950.19,4.05,True
1758861375145,3950.17,0.58,True
1758861375145,3950.17,0.2852,True
1758861375145,3950.13,0.8,True
1758861375145,3950.08,0.4,True
1758861375145,3950.08,0.7065,True
1758861375146,3950.02,0.58,True
1758861375146,3950.01,0.58,True
1758861375146,3950.0,0.6984,True
1758861375146,3950.0,0.5,True
1758861375146,3950.0,0.3,True
1758861375146,3950.0,0.1113,True
1758861375146,3950.0,0.1899,True
1758861375146,3950.0,0.1012,True
1758861375146,3950.0,1.0,True
1758861375146,3950.0,0.2478,True
1758861375146,3950.0,0.2025,True
1758861375146,3950.0,0.6964,True
1758861375146,3950.0,0.1549,True
1758861375146,3950.0,0.7594,True
1758861375146,3950.0,0.1265,True
1758861375146,3950.0,1.0,True
1758861375146,3950.0,0.1,True
1758861375146,3950.0,0.1265,True
1758861375146,3950.0,0.25,True
1758861375146,3950.0,0.2062,True
1758861375146,3950.0,0.1005,True
1758861375146,3950.0,0.1822,True
1758861375146,3950.0,0.2531,True
1758861375146,3950.0,0.1264,True
1758861375146,3950.0,0.1024,True
1758861375146,3950.0,2.5,True
1758861375146,3949.99,0.1,True
1758861375146,3949.98,12.1182,True
1758861375146,3949.87,0.1549,True
1758861375146,3949.87,0.9409,True
1758861375146,3949.87,1.324,True
1758861375146,3949.86,0.8,True
1758861375146,3949.85,0.1266,True
1758861375146,3949.8,2.385,True
1758861375146,3949.8,1.773,True
1758861375146,3949.8,0.4674,True
1758861375146,3949.79,4.05,True
1758861375146,3949.64,0.5474,True
1758861375146,3949.64,1.6,True
1758861375146,3949.6,0.5247,True
1758861375146,3949.59,34.9118,True
1758861375146,3949.58,0.4999,True
1758861375146,3949.57,2.0565,True
1758861375146,3949.57,2.0568,True
1758861375146,3949.53,0.5264,True
1758861375146,3949.51,0.3709,True
1758861375146,3949.5,0.2532,True
1758861375146,3949.49,0.6674,True
1758861375147,3949.46,0.101,True
1758861375147,3949.46,0.4525,True
1758861375147,3949.43,0.4,True
1758861375147,3949.4,0.8615,True
1758861375147,3949.4,0.1385,True
1758861375147,3949.39,1.7995,True
1758861375147,3949.39,2.2505,True
1758861375147,3949.38,0.1165,True
1758861375148,3949.38,3.6211,True
1758861375148,3949.38,0.8573,True
1758861375150,3949.38,1.166,True
1758861375150,3949.35,1.1315,True
1758861375151,3949.35,6.9844,True
1758861375151,3949.33,0.58,True
1758861375152,3949.26,0.2,True
1758861375153,3949.23,0.4,True
1758861375153,3949.22,0.8,True
1758861375153,3949.18,0.3778,True
1758861375153,3949.18,0.7902,True
1758861375154,3949.18,0.8517,True
1758861375154,3949.16,0.5036,True
1758861375154,3949.14,0.9147,True
1758861375159,3949.13,1.9284,True
1758861375159,3949.13,0.5213,True
1758861375160,3949.13,0.5467,True
1758861375160,3949.13,1.6936,True
1758861375162,3949.13,0.1987,True
1758861375162,3949.13,1.136,True
1758861375162,3949.08,0.58,True
1758861375162,3949.07,0.58,True
1758861375162,3949.06,0.1267,True
1758861375162,3949.01,0.58,True
1758861375162,3949.0,0.2532,True
1758861375162,3948.96,0.7295,True
1758861375163,3948.93,0.58,True
1758861375163,3948.9,0.6662,True
1758861375163,3948.74,0.4138,True
1758861375163,3948.66,0.1267,True
1758861375163,3948.64,0.211,True
1758861375168,3948.6,0.5087,True
1758861375168,3948.59,0.58,True
1758861375168,3948.58,0.287,True
1758861375168,3948.56,0.3719,True
1758861375168,3948.54,0.5264,True
1758861375168,3948.5,0.2532,True
1758861375168,3948.45,0.58,True
1758861375170,3948.45,0.1176,True
1758861375170,3948.42,0.6193,True
1758861375170,3948.42,0.3398,True
1758861375170,3948.41,0.3912,True
1758861375170,3948.4,0.5313,True
1758861375170,3948.4,0.58,True
1758861375170,3948.34,0.39,True
1758861375176,3948.48,0.4,True
1758861375178,3949.08,0.777,False
1758861375184,3948.48,0.1012,True
1758861375188,3949.08,3.2008,False
1758861375188,3949.13,1.2486,False
1758861375196,3948.54,0.5051,True
1758861375215,3948.54,0.1656,True
1758861375219,3948.61,1.4592,False
1758861375219,3948.62,0.4714,False
1758861375219,3948.34,0.724,True
1758861375223,3948.43,1.3632,False
1758861375223,3948.46,2.5682,False
1758861375223,3948.62,2.0968,False
1758861375223,3948.64,2.5682,False
1758861375223,3948.88,1.7731,False
1758861375223,3948.94,1.491,False
1758861375240,3948.49,0.504,False
1758861375240,3948.49,0.2552,False
1758861375249,3948.49,0.2972,False
1758861375279,3948.49,0.6091,False
1758861375287,3948.49,0.9456,False
1758861375287,3948.49,0.409,False
1758861375287,3948.49,1.0276,False
1758861375287,3948.49,0.9577,False
1758861375287,3948.49,1.6165,False
1758861375287,3948.49,1.667,False
1758861375288,3948.49,0.6663,False
1758861375288,3948.55,1.3028,False
1758861375289,3948.55,2.6972,False
1758861375289,3948.55,0.3298,False
1758861375289,3948.55,3.6702,False
1758861375289,3948.55,0.191,False
1758861375289,3948.55,0.6876,False
1758861375295,3948.55,0.259,False
1758861375296,3948.55,0.8265,False
1758861375296,3948.57,2.5749,False
1758861375314,3948.57,0.4849,False
1758861375314,3948.58,0.5873,False
1758861375314,3948.6,0.4448,False
1758861375314,3948.62,0.8752,False
1758861375314,3948.66,1.2611,False
1758861375332,3948.68,0.14,True
1758861375396,3948.87,0.1519,True
1758861375404,3948.88,0.1019,False
1758861375404,3948.9,0.1,False
1758861375406,3948.98,0.2279,False
1758861375406,3949.01,1.5281,False
1758861375406,3949.06,0.1267,False
1758861375406,3949.07,1.6,False
1758861375406,3949.07,0.2,False
1758861375406,3949.07,0.4,False
1758861375406,3949.08,0.1397,False
1758861375484,3949.02,0.2567,False
1758861375484,3949.06,0.4866,False
1758861375531,3949.06,0.385,False
1758861375930,3949.05,0.1124,True
1758861375942,3949.05,0.364,True
1758861376228,3949.05,0.4,True
1758861376289,3949.06,0.1644,False
1758861376576,3949.06,0.2529,False
1758861376697,3949.05,2.3113,True
1758861377060,3949.05,0.116,True
1758861377060,3949.05,0.15,True
1758861377060,3949.05,1.1477,True
1758861377060,3949.05,1.0226,True
1758861377060,3949.05,1.1857,True
1758861377118,3949.0,0.1911,True
1758861377123,3948.8,0.4774,True
1758861377481,3948.8,0.4,True
1758861377789,3948.8,0.3026,True
1758861377870,3948.81,0.1674,False
1758861378179,3948.8,0.4,True
1758861378241,3948.8,17.8754,True
1758861378241,3948.8,19.0016,True
1758861378241,3948.8,3.5336,True
1758861378241,3948.8,11.964,True
1758861378241,3948.8,34.1894,True
1758861378241,3948.8,5.3701,True
1758861378241,3948.8,5.4315,True
1758861378243,3948.8,0.984,True
1758861378243,3948.8,0.6737,True
1758861378243,3948.8,0.4327,True
1758861378243,3948.8,1.2553,True
1758861378243,3948.8,0.1906,True
1758861378243,3948.8,0.7469,True
1758861378451,3948.67,0.4,True
1758861380133,3948.67,0.2589,True
1758861380739,3948.67,0.1971,True
1758861382171,3948.68,0.1363,False
1758861382171,3948.68,0.1417,False
1758861382472,3948.67,0.23,True
1758861382472,3948.67,0.8069,True
1758861382472,3948.67,1.9358,True
1758861382472,3948.67,0.8676,True
1758861382472,3948.67,0.1001,True
1758861382472,3948.67,0.5033,True
1758861382472,3948.67,0.2397,True
1758861382473,3948.67,0.2603,True
1758861382473,3948.67,1.52,True
1758861382473,3948.67,0.38,True
1758861382473,3948.67,1.6594,True
1758861382473,3948.67,1.7615,True
1758861382473,3948.67,0.8352,True
1758861382484,3948.66,0.1267,True
1758861382484,3948.66,1.374,True
1758861382484,3948.66,0.5472,True
1758861382484,3948.66,1.5819,True
1758861382484,3948.65,0.1,True
1758861382486,3948.58,0.152,True
1758861382486,3948.48,0.3536,True
1758861382486,3948.48,0.2279,True
1758861382487,3948.45,0.9126,True
1758861382487,3948.41,0.2025,True
1758861382487,3948.33,6.1449,True
1758861382487,3948.33,1.7563,True
1758861383330,3948.32,0.1783,True
1758861383696,3948.3,0.3027,False
1758861383858,3948.28,0.1013,True
1758861383858,3948.28,0.1013,True
1758861383858,3948.28,0.2533,True
1758861383859,3948.27,0.1267,True
1758861383859,3948.26,0.1,True
1758861383859,3948.23,0.2073,True
1758861383859,3948.16,0.3535,True
1758861383859,3948.15,0.1957,True
1758861384231,3948.04,0.1211,True
1758861384232,3948.0,0.2533,True
1758861384232,3947.99,0.735,False
1758861384232,3947.93,0.1013,True
1758861384233,3947.89,0.152,True
1758861384893,3947.89,0.1603,True
1758861384893,3947.89,1.9358,True
1758861384893,3947.89,0.1632,True
1758861384893,3947.89,4.5493,True
1758861384893,3947.89,1.2166,True
1758861384893,3947.89,0.5448,True
1758861384894,3947.87,0.1139,True
1758861384894,3947.86,0.1,True
1758861384894,3947.57,0.8532,True
1758861384894,3947.54,0.152,True
1758861384894,3947.5,0.2533,True
1758861384894,3947.49,0.1423,True
1758861384894,3947.48,0.1267,True
1758861384894,3947.45,6.3293,True
1758861384895,3947.27,0.259,True
1758861384895,3947.16,0.2026,True
1758861384895,3947.13,0.1,True
1758861384895,3947.08,0.1267,True
1758861384895,3947.06,0.109,True
1758861384895,3947.0,0.2533,True
1758861384895,3946.99,1.6,True
1758861384895,3946.99,0.8,True
1758861384895,3946.99,0.4,True
1758861384895,3946.97,0.2533,True
1758861384895,3946.97,3.3892,True
1758861384895,3946.96,0.2,True
1758861384895,3946.92,0.1481,True
1758861384898,3946.87,1.0,True
1758861384898,3946.87,0.8,True
1758861384898,3946.85,0.1,True
1758861384898,3946.83,0.8,True
1758861384898,3946.77,0.1048,True
1758861384910,3946.69,0.1267,True
1758861384912,3946.7,0.8805,False
1758861384947,3946.5,0.2534,True
1758861385110,3946.48,0.4362,True
1758861385317,3946.43,0.2122,True
1758861385564,3946.38,0.179,True
1758861385659,3946.38,2.6091,True
1758861385659,3946.38,0.3155,True
1758861385659,3946.29,0.1268,True
1758861385659,3946.27,0.1,True
1758861385659,3946.24,0.228,True
1758861385659,3946.17,0.1129,True
1758861385659,3946.04,0.2534,True
1758861385659,3945.91,0.8627,True
1758861385659,3945.9,0.1268,True
1758861385659,3945.88,0.1,True
1758861385666,3945.66,0.8487,False
1758861385868,3945.66,1.2673,False
1758861385909,3945.66,0.1115,False
1758861386188,3945.66,0.1331,False
1758861387101,3945.66,0.2029,False
1758861387101,3945.66,0.191,False
1758861387101,3945.66,0.2223,False
1758861388230,3945.65,0.348,True
1758861388491,3945.65,0.4,True
1758861388604,3945.65,1.3901,True
1758861388604,3945.65,0.3917,True
1758861388604,3945.65,1.0855,True
1758861388604,3945.65,1.2292,True
1758861388604,3945.65,0.1174,True
1758861388604,3945.65,0.1331,True
1758861388604,3945.65,0.7679,True
1758861388609,3945.63,0.9885,True
1758861388663,3945.63,0.2056,True
1758861388663,3945.63,0.1917,True
1758861388946,3945.63,0.2523,True
1758861389342,3945.64,0.191,False
1758861389342,3945.64,0.1512,False
1758861389342,3945.64,0.1648,False
1758861389348,3945.64,0.2189,False
1758861389355,3945.64,2.5307,False
1758861389499,3945.63,0.4487,True
1758861389528,3945.64,0.507,False
1758861390120,3945.64,4.1447,False
1758861390120,3945.64,0.4,False
1758861390120,3945.64,1.0,False
1758861390120,3945.64,0.5833,False
1758861390123,3945.82,0.274,False
1758861390123,3945.83,0.4074,False
1758861390345,3945.87,0.261,False
1758861390345,3945.92,0.1521,False
1758861390345,3946.0,0.2534,False
1758861390345,3946.02,0.2281,False
1758861390345,3946.03,0.1014,False
1758861390345,3946.03,0.1014,False
1758861391386,3946.03,1.8598,True
1758861391386,3946.03,0.382,True
1758861391386,3946.03,0.789,True
1758861391386,3946.03,1.7403,True
1758861391386,3946.03,1.5857,True
1758861391386,3946.03,0.1001,True
1758861391386,3946.03,0.8557,True
1758861391386,3946.03,1.1392,True
1758861391386,3946.02,1.0114,True
1758861391386,3946.02,1.1846,True
1758861392054,3945.9,0.191,False
1758861392084,3946.05,2.726,False
1758861392089,3946.05,4.6744,False
1758861392292,3946.22,0.1807,False
1758861392370,3946.22,0.1889,False
1758861393176,3946.3,0.261,False
1758861393176,3946.3,0.9867,False
1758861393371,3946.3,0.1736,False
1758861393406,3946.31,0.1794,False
1758861393483,3946.42,0.152,False
1758861393483,3946.45,0.1,False
1758861393483,3946.5,0.2273,False
1758861393493,3946.63,0.1267,False
1758861393904,3947.08,0.1263,True
1758861394328,3947.08,8.7004,True
1758861394328,3947.08,1.6119,True
1758861394328,3947.08,1.9358,True
1758861394328,3947.08,0.9556,True
1758861394328,3947.08,3.1762,True
1758861394328,3947.08,0.191,True
1758861394328,3947.08,3.3691,True
1758861395221,3947.08,0.9149,True
1758861395221,3947.08,0.1141,True
1758861395221,3947.08,3.1762,True
1758861395221,3947.08,1.9358,True
1758861395221,3947.08,0.7449,True
1758861395221,3947.08,6.3839,True
1758861395378,3947.08,1.0,True
1758861395779,3947.09,0.261,False
1758861395779,3947.09,0.9962,False
1758861395785,3947.09,0.7592,False
1758861395844,3947.23,0.1,False
1758861396467,3947.48,0.1013,False
1758861396467,3947.48,0.1013,False
1758861396467,3947.48,0.2533,False
1758861396472,3947.49,0.1,False
1758861396494,3947.5,0.1557,False
1758861396951,3947.64,0.487,False
1758861396951,3947.64,0.8756,False
1758861396951,3947.64,0.8732,False
1758861396951,3947.64,0.9171,False
1758861396958,3947.87,0.1274,False
1758861396958,3947.87,0.2533,False
1758861396958,3947.88,0.1267,False
1758861397029,3948.27,1.255,False
1758861397287,3948.26,0.1554,True
1758861397287,3948.26,1.9358,True
1758861397287,3948.26,1.8539,True
1758861397287,3948.26,0.9122,True
1758861397287,3948.26,1.5855,True
1758861397287,3948.26,0.509,True
1758861397287,3948.26,0.1001,True
1758861397287,3948.25,1.0964,True
1758861397287,3948.25,0.9895,True
1758861398919,3948.0,0.1272,True
1758861398919,3947.99,0.8901,True
1758861398919,3947.99,0.6802,True
1758861398919,3947.87,0.1267,True
1758861398919,3947.76,0.9365,True
1758861400130,3947.48,0.1267,True
1758861400508,3947.08,0.1267,True
1758861400508,3947.07,0.1,True
1758861400509,3946.99,0.152,True
1758861400533,3946.81,0.1,True
1758861400533,3946.69,0.2534,True
1758861400533,3946.69,0.1267,True
1758861400533,3946.29,0.1268,True
1758861400533,3946.28,0.2027,True
1758861400533,3946.16,1.8863,True
1758861402390,3946.57,0.2021,False
1758861402993,3946.65,0.1695,False
1758861403244,3946.65,3.2899,False
1758861403376,3946.65,0.262,False
1758861405830,3946.8,0.1737,False
1758861405842,3946.8,0.1737,False
1758861405857,3946.8,0.1049,False
1758861405862,3946.8,0.1737,False
1758861405868,3946.8,0.3256,False
1758861405874,3946.8,0.1737,False
1758861405882,3946.8,0.1737,False
1758861405888,3946.8,0.1351,False
1758861405909,3946.8,0.1736,False
1758861405927,3946.8,0.1735,False
1758861405933,3946.8,0.1735,False
1758861405940,3946.8,0.1735,False
1758861405942,3946.8,1.0155,False
1758861405966,3946.89,0.152,False
1758861406079,3946.99,0.228,False
1758861406107,3947.09,0.1267,False
1758861406107,3947.19,0.1013,False
1758861406107,3947.19,0.1013,False
1758861406107,3947.19,0.2533,False
1758861406107,3947.22,0.262,False
1758861406107,3947.43,0.2105,False
1758861406126,3947.42,0.1,True
1758861406642,3947.47,0.39,True
1758861406836,3947.48,0.4266,False
1758861407380,3947.49,0.3858,True
1758861407380,3947.49,1.622,True
1758861407380,3947.49,0.5396,True
1758861407396,3947.5,0.1152,False
1758861407404,3947.5,0.1773,False
1758861407525,3947.5,0.188,False
1758861407533,3947.58,0.152,False
1758861407533,3947.64,0.228,False
1758861407533,3947.71,0.7309,False
1758861407842,3947.7,0.999,True
1758861409646,3947.78,0.262,False
1758861411263,3947.87,1.0778,True
1758861411263,3947.87,1.5824,True
1758861411263,3947.87,1.5824,True
1758861411263,3947.87,4.0,True
1758861411263,3947.87,0.6823,True
1758861411263,3947.87,0.191,True
1758861411263,3947.87,1.6119,True
1758861411263,3947.87,1.9358,True
1758861411263,3947.87,0.8723,True
1758861411263,3947.87,0.9406,True
1758861411263,3947.87,0.797,True
1758861411263,3947.87,1.6093,True
1758861411263,3947.87,1.8431,True
1758861411263,3947.87,2.0886,True
1758861411263,3947.87,0.1001,True
1758861411263,3947.78,0.152,True
1758861411263,3947.76,0.1443,True
1758861411263,3947.75,1.4777,True
1758861411264,3947.75,1.2737,True
1758861411264,3947.75,1.3554,True
1758861411264,3947.75,2.2146,True
1758861411264,3947.68,0.228,True
1758861411268,3947.61,0.3548,True
1758861411269,3947.48,0.2533,True
1758861411269,3947.47,0.1,True
1758861411269,3947.38,0.2027,True
1758861411269,3947.36,0.1013,True
1758861411825,3947.31,0.1137,True
1758861411825,3947.31,0.9242,True
1758861411825,3947.31,1.2788,True
1758861411825,3947.31,1.732,True
1758861411825,3947.31,1.9358,True
1758861411825,3947.31,0.1001,True
1758861411825,3947.31,0.9054,True
1758861412252,3947.31,0.3563,True
1758861414795,3947.31,0.1852,True
1758861414885,3947.31,0.1721,True
1758861414885,3947.31,0.6754,True
1758861414885,3947.31,0.9186,True
1758861414885,3947.31,0.2634,True
1758861415212,3947.09,0.1699,True
1758861415227,3947.08,0.1267,True
1758861415471,3947.0,0.1269,True
1758861416413,3946.92,0.1013,True
1758861416485,3946.81,0.1843,True
1758861417101,3946.69,0.1267,True
1758861417835,3946.62,0.191,False
1758861417835,3946.62,1.8192,False
1758861417835,3946.62,1.6962,False
1758861417835,3946.62,0.4,False
1758861417835,3946.62,0.302,False
1758861417922,3946.83,0.5,False
1758861417922,3946.86,0.5,False
1758861417922,3947.09,0.1267,False
1758861418294,3947.09,2.0,True
1758861420986,3947.1,0.5,False
1758861420986,3947.13,0.5,False
1758861421329,3947.48,0.1014,False
1758861421418,3947.48,0.1898,False
1758861421716,3947.5,0.5,False
1758861421939,3947.51,0.1064,True
1758861423215,3947.97,0.152,False
1758861423215,3948.0,0.1164,False
1758861423215,3948.09,0.5301,False
1758861423215,3948.15,0.1013,False
1758861423215,3948.2,1.0228,False
1758861423215,3948.27,0.1267,False
1758861423215,3948.28,0.1013,False
1758861423215,3948.29,0.1,False
1758861423215,3948.31,0.8714,False
1758861423215,3948.34,2.1266,False
1758861423215,3948.42,6.8393,False
1758861423215,3948.48,20.5247,False
1758861423215,3948.48,10.6952,False
1758861423215,3948.5,0.2,False
1758861423215,3948.52,1.102,False
1758861423215,3948.52,1.102,False
1758861423215,3948.53,2.5297,False
1758861423215,3948.54,21.16,False
1758861423335,3948.6,0.1,False
1758861423443,3948.67,0.1267,False
1758861423443,3948.68,0.5855,False
1758861423443,3948.71,0.1,False
1758861423443,3948.93,0.2116,False
1758861423825,3948.92,0.191,True
1758861423825,3948.92,0.6553,True
1758861423825,3948.91,0.753,True
1758861423825,3948.91,0.5858,True
1758861423825,3948.89,0.5669,True
1758861423825,3948.79,0.4968,True
1758861423826,3948.62,0.1389,True
1758861423826,3948.61,0.1279,True
1758861423826,3948.61,0.1435,True
1758861423826,3948.46,0.5,True
1758861423826,3948.3,0.1,True
1758861423826,3948.29,0.2026,True
1758861423826,3948.27,0.1267,True
1758861423826,3948.1,0.1,True
1758861423826,3948.07,0.58,True
1758861423826,3947.98,0.58,True
1758861423826,3947.97,0.58,True
1758861423826,3947.87,0.1358,True
1758861423826,3947.87,0.1267,True
1758861423826,3947.84,0.8472,True
1758861423826,3947.84,0.58,True
1758861423838,3947.56,0.4263,True
1758861425100,3947.48,0.1267,True
1758861425517,3947.18,0.152,True
1758861425555,3947.11,0.1,True
1758861425555,3947.08,0.1106,True
1758861425650,3946.83,0.1013,True
1758861429974,3946.78,1.9358,True
1758861431975,3946.71,1.041,True
1758861431975,3946.69,0.1267,True
1758861431977,3946.61,0.1389,True
1758861431977,3946.55,0.1,True
1758861432351,3946.39,0.1014,True
1758861432351,3946.39,0.2534,True
1758861432429,3946.3,0.1,True
1758861432429,3946.29,0.1268,True
1758861432973,3946.0,0.2482,True
1758861432977,3945.9,0.1268,True
1758861433779,3945.59,0.1,True
1758861433779,3945.5,0.1146,True
1758861434656,3945.5,0.1602,True
1758861436708,3945.32,0.1005,False
1758861436737,3945.32,0.3802,False
1758861436922,3945.32,0.1292,False
1758861437422,3945.32,0.1223,False
1758861437429,3945.32,0.1279,False
1758861437444,3945.32,0.1692,False
1758861437468,3945.32,0.1461,False
1758861437518,3945.32,0.6461,False
1758861437521,3945.32,0.5169,False
1758861437525,3945.41,0.1521,False
1758861440942,3945.55,0.9068,False
1758861441833,3945.64,0.1521,False
1758861441833,3945.71,0.1014,False
1758861443120,3945.71,0.34,False
1758861443305,3945.71,0.2396,False
1758861443843,3945.7,2.0368,True
1758861444201,3945.71,0.38,False
1758861444945,3945.74,0.2281,False
1758861444945,3945.86,0.1093,False
1758861445565,3945.86,0.7592,False
1758861445573,3945.86,0.1612,False
1758861445580,3945.86,0.288,False
1758861445623,3945.86,0.263,False
1758861446718,3945.89,3.7531,True
1758861446848,3945.89,0.1202,True
1758861447353,3945.9,0.2912,False
1758861448408,3945.9,0.38,False
1758861448434,3945.9,0.1612,False
1758861448434,3945.9,0.5967,False
1758861448554,3945.94,0.1082,False
1758861448561,3945.94,0.1014,False
1758861448561,3945.94,0.9016,False
1758861448561,3946.07,0.1,False
1758861449396,3946.29,0.1014,False
1758861449396,3946.29,0.263,False
1758861449396,3946.3,0.1268,False
1758861449459,3946.33,0.1874,False
1758861449459,3946.33,0.152,False
1758861449459,3946.39,0.3828,False
1758861449528,3946.39,0.4171,False
1758861449537,3946.39,0.1551,False
1758861449619,3946.39,0.1408,False
1758861449643,3946.39,0.1549,False
1758861449761,3946.39,0.3481,False
1758861449833,3946.39,0.2322,False
1758861449876,3946.41,0.3968,False
1758861451584,3946.61,4.0,True
1758861451584,3946.61,1.9358,True
1758861451584,3946.61,0.191,True
1758861451584,3946.61,3.2344,True
1758861451584,3946.61,1.5197,True
1758861451584,3946.61,1.5197,True
1758861451584,3946.61,1.5197,True
1758861451584,3946.61,1.0912,True
1758861451584,3946.61,0.4285,True
1758861451584,3946.61,1.5197,True
1758861451590,3946.52,0.1521,True
1758861451590,3946.42,0.228,True
1758861452879,3946.38,0.6789,True
1758861452879,3946.38,1.5183,True
1758861452879,3946.38,0.6869,True
1758861453268,3946.39,0.6084,False
1758861453268,3946.39,0.2141,False
1758861453842,3946.38,0.7252,True
1758861453876,3946.39,0.253,False
1758861454934,3946.38,0.1076,True
1758861454934,3946.38,1.7422,True
1758861456742,3946.38,0.4418,True
1758861456965,3946.39,0.8227,False
1758861456965,3946.39,1.1773,False
1758861457535,3946.39,0.253,False
1758861458521,3946.39,3.872,False
1758861459178,3946.38,0.7669,True
1758861459178,3946.38,0.8297,True
1758861459178,3946.38,1.128,True
1758861459178,3946.38,1.5162,True
1758861459178,3946.38,1.9358,True
1758861459178,3946.38,0.2451,True
1758861459178,3946.22,0.2534,True
1758861459178,3946.21,0.1,True
1758861459178,3946.19,5.7286,True
1758861459178,3946.19,4.4015,True
1758861459178,3946.18,1.7849,True
1758861459179,3946.03,0.8753,True
1758861459242,3945.99,0.1014,True
1758861459242,3945.99,0.1204,True
1758861460829,3945.91,1.9358,True
1758861460829,3945.9,0.1268,True
1758861460829,3945.9,0.2292,True
1758861461509,3945.73,0.2294,False
1758861461668,3945.72,0.2069,True
1758861461668,3945.72,0.9401,True
1758861461668,3945.72,1.9358,True
1758861461668,3945.5,0.1268,True
1758861461668,3945.45,0.1521,True
1758861461668,3945.38,0.263,True
1758861461668,3945.26,0.359,True
1758861461668,3945.24,33.0952,True
1758861461773,3945.25,1.2672,False
1758861462074,3945.24,2.0275,True
1758861462882,3945.25,0.1078,False
1758861462882,3945.25,1.1595,False
1758861463589,3945.24,0.7991,True
1758861463589,3945.24,0.381,True
1758861463589,3945.24,1.9358,True
1758861463590,3945.19,0.1,True
1758861463590,3945.13,0.2535,True
1758861463590,3945.11,0.1268,True
1758861463590,3945.1,0.2026,True
1758861463590,3945.05,0.9872,True
1758861463712,3945.02,0.5844,True
1758861467132,3945.02,0.15,True
1758861467169,3945.03,0.1725,False
1758861467169,3945.03,0.2968,False
1758861469199,3945.02,0.4504,True
1758861469199,3945.02,0.1304,True
1758861471814,3945.02,0.5475,True
1758861472319,3945.03,1.6849,False
1758861472319,3945.03,0.302,False
1758861472319,3945.03,1.2567,False
1758861472319,3945.03,0.3875,False
1758861472319,3945.03,3.3476,False
1758861473411,3945.11,0.7278,True
1758861473411,3945.11,2.2152,True
1758861473524,3945.12,0.126,False
1758861473680,3945.11,0.2596,True
1758861475236,3945.11,0.1047,True
1758861476405,3945.12,0.1538,False
1758861477649,3945.11,0.5039,True
1758861478222,3945.11,0.1186,True
1758861478850,3945.12,0.1709,False
1758861478986,3945.12,0.1385,False
1758861478986,3945.12,0.302,False
1758861479958,3945.22,2.8276,True
1758861480836,3945.27,0.1763,False
1758861481260,3945.31,0.2281,False
1758861481260,3945.42,0.1014,False
1758861481260,3945.42,0.1014,False
1758861481260,3945.42,0.2535,False
1758861481262,3945.51,0.1268,False
1758861481262,3945.51,0.1014,False
1758861481269,3945.7,0.1005,False
1758861481281,3945.81,0.1577,False
1758861481281,3945.82,0.1,False
1758861481281,3945.9,0.1268,False
1758861481341,3946.05,0.2534,False
1758861481341,3946.06,0.526,False
1758861481341,3946.29,0.4144,False
1758861481477,3946.29,0.6752,False
1758861482969,3946.28,1.0,True
1758861484205,3946.29,0.1061,False
1758861484262,3946.28,0.191,True
1758861484262,3946.28,1.3651,True
1758861484262,3946.28,0.416,True
1758861484269,3946.09,0.7493,True
1758861484438,3945.94,1.9358,True
1758861484438,3945.94,1.3651,True
1758861484438,3945.94,1.3648,True
1758861484438,3945.89,0.1014,True
1758861484438,3945.88,0.1,True
1758861485313,3945.55,0.2026,False
1758861485507,3945.54,1.5796,True
1758861485507,3945.54,0.3562,True
1758861485507,3945.5,0.1268,True
1758861485507,3945.49,0.1,True
1758861485507,3945.17,0.1521,True
1758861485508,3945.13,0.3536,True
1758861485508,3945.11,0.1268,True
1758861485508,3945.09,0.1,True
1758861485508,3945.02,0.1521,True
1758861485508,3945.0,0.1,True
1758861485508,3945.0,1.5,True
1758861485508,3945.0,0.2535,True
1758861485508,3944.96,0.8818,True
1758861485509,3944.94,0.2027,True
1758861485509,3944.93,0.1521,True
1758861485515,3944.83,0.1712,False
1758861485553,3944.82,0.4309,True
1758861485617,3944.82,1.3435,True
1758861485649,3944.81,0.9661,True
1758861486789,3944.82,0.6333,False
1758861486819,3944.82,0.116,False
1758861487677,3944.82,0.5,False
1758861488315,3944.81,0.3856,True
1758861490240,3944.81,1.1218,True
1758861490240,3944.81,1.5198,True
1758861490240,3944.81,1.5182,True
1758861490240,3944.81,1.5198,True
1758861490240,3944.81,0.1739,True
1758861490316,3944.81,1.9358,True
1758861490316,3944.71,0.1268,True
1758861490316,3944.63,0.2535,True
1758861492297,3944.57,0.1086,False
1758861492797,3944.56,23.3389,True
1758861492797,3944.56,22.6086,True
1758861492798,3944.56,45.7694,True
1758861492798,3944.56,8.2427,True
1758861492798,3944.56,1.9358,True
1758861492798,3944.56,0.1001,True
1758861492798,3944.56,1.6119,True
1758861492798,3944.56,0.3827,True
1758861492798,3944.56,1.5212,True
1758861492798,3944.56,1.2675,True
1758861492798,3944.56,0.5363,True
1758861492798,3944.56,0.2802,True
1758861492798,3944.55,0.9872,True
1758861492798,3944.42,0.2535,True
1758861492798,3944.42,0.1014,True
1758861492798,3944.42,0.1014,True
1758861492798,3944.37,0.2282,True
1758861492798,3944.32,0.1268,True
1758861492798,3944.3,0.8704,True
1758861492798,3944.28,0.2535,True
1758861492798,3944.25,1.4805,True
1758861492807,3944.16,20.9571,True
1758861492807,3944.16,0.2134,True
1758861492836,3944.16,0.1232,True
1758861492857,3944.16,0.39,True
1758861492884,3944.04,0.1158,True
1758861493032,3944.04,1.9286,True
1758861493032,3944.03,0.2535,True
1758861493032,3944.03,0.1521,True
1758861493032,3944.02,0.1,True
1758861493032,3944.0,0.1387,True
1758861493032,3943.92,0.1268,True
1758861493032,3943.92,0.251,True
1758861493032,3943.78,0.2536,True
1758861493919,3943.64,0.191,False
1758861493919,3943.64,4.1697,False
1758861493919,3943.64,0.302,False
1758861493919,3943.65,0.504,False
1758861493919,3943.65,0.496,False
1758861494286,3943.74,0.265,False
1758861494321,3943.8,0.13,False
1758861494327,3943.8,0.1326,False
1758861494386,3943.83,0.3536,False
1758861494491,3944.03,0.1014,False
1758861494491,3944.03,0.1014,False
1758861494492,3944.07,0.2182,False
1758861494493,3944.07,0.628,False
1758861494493,3944.07,0.3321,False
1758861494494,3944.2,0.6267,False
1758861494506,3944.32,0.1177,False
1758861494627,3944.34,0.5156,False
1758861495132,3944.43,4.0,True
1758861495132,3944.43,4.8444,True
1758861495132,3944.43,12.6251,True
1758861495132,3944.43,9.5805,True
1758861495831,3944.43,0.191,True
1758861495831,3944.43,1.9358,True
1758861495831,3944.43,0.1001,True
1758861495831,3944.43,1.1274,True
1758861495831,3944.43,0.8471,True
1758861495831,3944.42,1.522,True
1758861495832,3944.23,0.3232,True
1758861495832,3944.18,0.8675,True
1758861495832,3944.12,6.3347,True
1758861495834,3943.92,0.1268,True
1758861495834,3943.85,0.2536,True
1758861495844,3943.68,0.8532,True
1758861495844,3943.62,0.1,True
1758861495844,3943.57,0.2208,True
1758861496186,3943.57,0.191,False
1758861496186,3943.57,0.2226,False
1758861496200,3943.76,0.2282,False
1758861498614,3944.14,0.1732,True
1758861498614,3944.14,0.1933,True
1758861498614,3944.14,0.7259,True
1758861498614,3944.14,1.0722,True
1758861498614,3944.14,1.9358,True
1758861498615,3943.91,0.3134,True
1758861498616,3943.61,0.8444,True
1758861498617,3943.57,1.2668,True
1758861498617,3943.57,0.381,True
1758861498617,3943.53,0.1268,True
1758861498617,3943.5,0.2535,True
1758861498617,3943.37,0.2282,True
1758861498631,3943.35,0.1014,False
1758861498779,3943.34,0.1386,True
1758861500515,3943.35,0.9676,False
1758861502080,3943.34,0.3821,True
1758861503680,3943.34,0.2109,True
1758861505713,3943.35,0.2199,False
1758861505720,3943.35,0.1323,False
1758861505729,3943.35,0.1323,False
1758861505752,3943.35,0.1491,False
1758861505856,3943.35,0.1321,False
1758861505946,3943.35,1.0,False
1758861505973,3943.35,6.6854,False
1758861505974,3943.35,0.1187,False
1758861505974,3943.35,2.0098,False
1758861505974,3943.35,2.2565,False
1758861505976,3943.35,4.3231,False
1758861505977,3943.35,1.0278,False
1758861505977,3943.35,3.2819,False
1758861505978,3943.35,4.2166,False
1758861505979,3943.35,0.1089,False
1758861505979,3943.35,2.9733,False
1758861505979,3943.35,0.302,False
1758861506002,3943.44,0.1522,False
1758861506002,3943.54,0.2282,False
1758861506002,3943.56,0.7422,False
1758861506240,3943.74,0.1342,False
1758861506450,3943.74,0.1014,False
1758861508088,3943.92,6.922,True
1758861509260,3943.92,2.4662,True
1758861509260,3943.92,1.9358,True
1758861509260,3943.92,0.191,True
1758861509260,3943.92,0.8758,True
1758861509260,3943.92,0.5885,True
1758861509260,3943.92,1.3925,True
1758861509260,3943.92,1.5215,True
1758861509260,3943.92,0.1276,True
1758861509289,3943.74,0.3108,True
1758861509416,3943.53,0.1268,True
1758861509416,3943.53,0.1014,True
1758861510664,3943.35,0.2,False
1758861511243,3943.35,0.1015,False
1758861511400,3943.34,0.1177,True
1758861515076,3943.34,0.1136,True
1758861515076,3943.34,0.1392,True
1758861515325,3943.34,0.15,True
1758861516821,3943.34,0.1235,True
1758861516821,3943.34,0.6131,True
1758861517098,3943.35,7.5915,False
1758861517098,3943.35,0.191,False
1758861517098,3943.35,0.2736,False
1758861517098,3943.35,0.9281,False
1758861517098,3943.35,0.6539,False
1758861517098,3943.35,1.3848,False
1758861517098,3943.35,0.4602,False
1758861517098,3943.44,0.5459,False
1758861517104,3943.72,1.2743,False
1758861517106,3943.72,0.5071,False
1758861517255,3943.74,1.2187,False
1758861517496,3943.74,0.4315,True
1758861519021,3943.74,3.5432,True
1758861519021,3943.74,1.4468,True
1758861519871,3943.84,0.1288,False
1758861520473,3943.93,0.1268,False
1758861522258,3943.96,0.2833,False
1758861522261,3944.04,0.2445,False
1758861522266,3944.04,0.1015,False
1758861522304,3944.04,0.1279,False
1758861522421,3944.04,0.1277,False
1758861522434,3944.04,0.1225,False
1758861522436,3944.04,0.1277,False
1758861522482,3944.04,0.1693,False
1758861522516,3944.13,0.1706,False
1758861522516,3944.14,0.1014,False
1758861522516,3944.14,0.1014,False
1758861522741,3944.17,0.2409,False
1758861522759,3944.17,0.1503,False
1758861522770,3944.17,0.1269,False
1758861522776,3944.17,0.5396,False
1758861522823,3944.17,0.3623,False
1758861522838,3944.17,0.5,False
1758861528527,3944.21,0.1855,True
1758861528527,3944.21,0.193,True
1758861530432,3944.35,0.2535,False
1758861530432,3944.41,0.2282,False
1758861530432,3944.54,0.1,False
1758861530432,3944.61,0.1014,False
1758861530432,3944.61,0.1014,False
1758861531752,3944.6,1.2703,True
1758861531752,3944.6,6.3136,True
1758861531752,3944.6,0.191,True
1758861531752,3944.6,0.5035,True
1758861531752,3944.6,0.5066,True
1758861531752,3944.6,0.5635,True
1758861531752,3944.6,0.558,True
1758861531752,3944.6,1.6482,True
1758861531752,3944.6,1.9358,True
1758861531753,3944.51,0.1521,True
1758861531816,3944.41,0.2281,True
1758861533831,3944.22,2.7162,False
1758861533831,3944.22,2.1338,False
1758861536178,3944.21,1.0529,True
1758861537953,3944.22,0.3313,False
1758861537953,3944.22,0.302,False
1758861537953,3944.22,4.104,False
1758861537967,3944.31,1.3184,False
1758861538017,3944.41,0.2282,False
1758861538122,3944.53,1.2676,False
1758861538131,3944.53,3.5211,False
1758861538132,3944.62,0.2534,False
1758861539293,3944.93,1.2675,False
1758861539294,3944.92,0.9747,True
1758861539779,3944.92,6.603,True
1758861539779,3944.92,4.0,True
1758861539779,3944.92,0.7797,True
1758861540010,3944.92,6.6735,True
1758861540011,3944.92,1.6119,True
1758861540011,3944.92,1.9358,True
1758861540011,3944.92,0.191,True
1758861540011,3944.92,1.7592,True
1758861540011,3944.92,0.8005,True
1758861540011,3944.92,1.6136,True
1758861540011,3944.92,1.3669,True
1758861540011,3944.92,0.1001,True
1758861540011,3944.92,0.2774,True
1758861540011,3944.84,0.4886,True
1758861540012,3944.64,2.2617,True
1758861540012,3944.64,4.0506,True
1758861540012,3944.61,0.2566,True
1758861540012,3944.52,0.8725,True
1758861540012,3944.52,0.5091,True
1758861540013,3944.32,0.1268,True
1758861540020,3944.26,1.0,True
1758861540020,3944.23,0.58,True
1758861540020,3944.21,1.8242,True
1758861540022,3944.21,4.2656,True
1758861540022,3944.21,0.3504,True
1758861540022,3944.21,1.2034,True
1758861540024,3944.21,0.5804,True
1758861540024,3944.21,0.2535,True
1758861540024,3944.2,0.1,True
1758861540024,3944.19,0.58,True
1758861540024,3944.18,0.58,True
1758861540041,3944.02,0.1328,True
1758861540089,3944.02,1.3787,True
1758861540377,3944.03,1.2674,False
1758861540640,3944.03,0.1144,False
1758861540712,3944.02,0.1395,True
1758861540752,3944.02,0.5393,True
1758861541563,3944.03,0.7433,False
1758861541563,3944.03,0.5245,False
1758861542187,3944.03,0.14,False
1758861542547,3944.03,0.5927,False
1758861542554,3944.03,0.7592,False
1758861542642,3944.03,0.1579,False
1758861542642,3944.03,1.1098,False
1758861542668,3944.03,0.2823,False
1758861543378,3944.02,0.4228,True
1758861544145,3944.0,0.574,True
1758861544389,3943.99,0.1177,True
1758861544864,3943.97,1.0333,False
1758861546917,3943.92,0.1495,False
1758861547416,3943.9,0.1,True
1758861547416,3943.82,0.1014,True
1758861547416,3943.82,0.2536,True
1758861549370,3943.75,0.3598,True
1758861554380,3943.75,0.3705,True
1758861554422,3943.63,0.1014,True
1758861554422,3943.63,0.1014,True
1758861554422,3943.63,0.2536,True
1758861554450,3943.56,0.2282,True
1758861554450,3943.53,0.1268,True
1758861555116,3943.43,0.2536,True
1758861555116,3943.35,0.1,True
1758861556836,3943.14,0.1269,True
1758861556836,3943.13,0.2536,True
1758861557347,3943.02,0.1088,True
1758861557516,3943.0,0.2536,True
1758861558177,3942.98,0.2534,False
1758861559793,3942.97,0.7413,True
1758861560260,3942.97,1.9358,True
1758861560260,3942.97,0.3345,True
1758861560260,3942.9,0.2283,True
1758861560260,3942.9,1.7557,True
1758861560261,3942.83,0.1,True
1758861560261,3942.82,0.2703,True
1758861560261,3942.79,0.869,True
1758861560262,3942.75,1.0444,True
1758861560262,3942.75,0.1014,True
1758861560262,3942.75,0.1014,True
1758861560262,3942.74,0.1269,True
1758861560521,3942.72,0.4,True
1758861561035,3942.73,0.25,False
1758861564377,3942.72,0.1,True
1758861564410,3942.73,0.141,False
1758861564430,3942.73,0.9426,False
1758861564565,3942.81,0.4299,True
1758861565393,3942.81,0.2591,True
1758861565793,3942.81,0.1284,True
1758861565793,3942.81,0.137,True
1758861567598,3942.82,0.604,False
1758861567656,3942.92,0.2282,False
1758861568617,3943.12,0.2366,False
1758861569211,3943.2,0.3784,True
1758861569211,3943.2,0.6124,True
1758861570135,3943.2,0.1524,True
1758861570231,3943.2,0.1173,True
1758861570231,3943.2,0.7409,True
1758861571945,3943.2,0.1287,True
1758861576417,3943.4,0.1444,False
1758861576417,3943.4,7.4553,False
1758861577963,3943.51,0.2322,False
1758861579105,3943.5,1.8057,True
1758861580100,3943.53,0.4085,False
1758861580100,3943.54,0.1014,False
1758861580100,3943.54,0.1269,False
1758861580100,3943.56,0.2292,False
1758861580107,3943.59,0.2282,False
1758861580766,3943.75,1.8426,False
1758861580766,3943.75,0.9545,False
1758861580766,3943.79,0.2536,False
1758861580766,3943.8,0.2708,False
1758861580771,3943.9,0.1014,False
1758861580782,3943.99,0.2535,False
1758861580782,3943.99,0.1521,False
1758861580782,3944.01,0.1,False
1758861580801,3944.17,0.1014,False
1758861580913,3944.17,0.1084,False
1758861581372,3944.17,0.1148,False
1758861581443,3944.17,0.152,False
1758861581839,3944.17,0.7592,False
1758861581860,3944.17,0.1053,False
1758861581878,3944.17,0.1053,False
1758861581884,3944.17,0.1053,False
1758861582163,3944.19,0.3197,False
1758861582861,3944.32,0.1073,False
1758861583510,3944.58,0.1234,False
1758861583516,3944.72,0.1268,False
1758861583516,3944.79,0.1014,False
1758861584147,3944.84,7.593,True
1758861584147,3944.84,1.3443,True
1758861584147,3944.84,0.191,True
1758861584147,3944.84,0.7801,True
1758861584147,3944.84,2.1082,True
1758861584147,3944.84,1.5207,True
1758861584147,3944.84,1.1939,True
1758861584148,3944.6,0.8739,True
1758861584148,3944.57,0.2837,True
1758861584148,3944.45,0.1014,True
1758861584149,3944.32,0.1268,True
1758861584149,3944.19,6.3346,True
1758861584149,3944.16,1.522,True
1758861584149,3944.16,0.2028,True
1758861584149,3944.12,0.2852,True
1758861584151,3944.09,0.1521,True
1758861584154,3944.06,0.2525,True
1758861584154,3943.99,0.2282,True
1758861584154,3943.99,0.58,True
1758861584154,3943.98,0.58,True
1758861584163,3943.95,0.3834,True
1758861584166,3943.92,0.1268,True
1758861584206,3943.84,1.0848,True
1758861584217,3943.84,0.3316,True
1758861584251,3943.84,0.2076,True
1758861584251,3943.84,0.1135,True
1758861584251,3943.79,0.1665,True
1758861584339,3943.57,0.1844,True
1758861584367,3943.56,0.113,True
1758861584717,3943.53,0.1268,True
1758861589436,3943.41,0.1725,False
1758861589436,3943.41,0.191,False
1758861589436,3943.41,0.1633,False
1758861589438,3943.5,0.1522,False
1758861595023,3943.6,1.0,False
1758861598470,3943.6,0.2652,False
1758861598470,3943.6,0.2367,False
1758861600731,3943.6,0.127,False
1758861600734,3943.6,0.1269,False
1758861600759,3943.6,0.1268,False
1758861600759,3943.6,0.1267,False
1758861601101,3943.6,0.1256,False
1758861601432,3943.59,0.2379,True
1758861601535,3943.6,1.0808,False
1758861601538,3943.69,0.1035,False
1758861601538,3943.79,0.2282,False
1758861601591,3943.93,0.1268,False
1758861602516,3943.99,0.1014,False
1758861602516,3943.99,0.1014,False
1758861602516,3944.14,0.2282,False
1758861602526,3944.17,0.1659,False
1758861603208,3944.17,0.5909,False
1758861603227,3944.17,0.75,False
1758861603321,3944.17,0.351,False
1758861603321,3944.17,0.412,False
1758861603321,3944.17,0.1017,False
1758861603323,3944.17,0.1526,False
1758861603354,3944.19,0.1088,False
1758861603553,3944.38,0.1635,False
1758861605531,3944.37,0.3675,True
1758861605696,3944.38,0.2056,False
1758861605697,3944.38,0.3425,False
1758861605799,3944.38,0.1622,False
1758861605805,3944.38,0.1048,False
1758861605811,3944.38,0.1044,False
1758861605823,3944.4,0.5,False
1758861605826,3944.43,0.5,False
1758861606116,3944.72,0.1268,False
1758861606116,3944.73,0.2535,False
1758861607672,3944.96,10.7507,False
1758861607673,3944.98,0.2281,False
1758861607673,3945.0,0.5,False
1758861607673,3945.0,1.6155,False
1758861607673,3945.0,0.2535,False
1758861607673,3945.03,1.2572,False
1758861607674,3945.06,0.3695,False
1758861607674,3945.06,0.6305,False
1758861607674,3945.11,0.1268,False
1758861607674,3945.16,0.1521,False
1758861607674,3945.18,0.2535,False
1758861607674,3945.21,0.1014,False
1758861607682,3945.42,0.1,False
1758861607682,3945.5,0.2535,False
1758861607693,3945.51,0.1001,False
1758861608149,3945.51,3.317,False
1758861608149,3945.51,1.6429,False
1758861608257,3945.57,0.2534,False
1758861609568,3945.78,0.3203,False
1758861609568,3945.78,5.3256,False
1758861611931,3946.3,0.6127,False
1758861612783,3946.3,2.146,False
1758861612783,3946.3,0.302,False
1758861612783,3946.31,0.1014,False
1758861612783,3946.31,0.1014,False
1758861612807,3946.39,2.7737,False
1758861612807,3946.39,1.5,False
1758861612874,3946.49,0.1571,False
1758861612874,3946.5,0.2043,False
1758861613508,3946.69,0.1258,False
1758861613508,3946.69,0.2534,False
1758861613508,3946.7,0.152,False
1758861613508,3946.75,0.439,False
1758861613563,3946.74,1.0604,True
1758861613709,3946.74,1.1221,True
1758861613959,3946.74,5.4225,True
1758861613959,3946.74,1.357,True
1758861613959,3946.74,0.4579,True
1758861613959,3946.74,1.357,True
1758861613959,3946.74,1.9358,True
1758861613959,3946.74,1.6119,True
1758861613959,3946.74,0.191,True
1758861613959,3946.74,1.0004,True
1758861613959,3946.74,0.8738,True
1758861613959,3946.74,1.5207,True
1758861613959,3946.74,1.5195,True
1758861613959,3946.74,1.5185,True
1758861613959,3946.74,1.5185,True
1758861613959,3946.74,0.534,True
1758861613959,3946.74,0.99,True
1758861613959,3946.74,0.1001,True
1758861613960,3946.68,0.3311,True
1758861613961,3946.35,1.6587,True
1758861613961,3946.35,1.712,True
1758861613963,3946.35,0.766,True
1758861613963,3946.35,1.8793,True
1758861613963,3946.35,0.3126,True
1758861613963,3946.34,0.1,True
1758861613963,3946.34,0.2028,True
1758861613963,3946.29,0.1268,True
1758861613964,3946.2,0.1484,True
1758861613964,3946.17,0.34,True
1758861613964,3946.13,0.2532,True
1758861613964,3946.1,0.2281,True
1758861613964,3945.97,0.58,True
1758861613964,3945.97,0.58,True
1758861613964,3945.96,0.58,True
1758861613974,3945.91,0.9421,True
1758861613975,3945.91,0.3247,True
1758861614004,3945.91,5.8026,True
1758861614167,3945.9,0.1032,True
1758861614167,3945.9,0.2534,True
1758861614167,3945.9,0.301,True
1758861614167,3945.9,0.219,True
1758861614304,3945.9,0.2113,True
1758861614305,3945.9,0.2317,True
1758861614306,3945.9,0.3133,True
1758861614313,3945.9,0.3118,True
1758861614315,3945.9,0.254,True
1758861614367,3945.9,1.5195,True
1758861614417,3945.89,0.1,True
1758861614605,3945.52,0.1014,True
1758861614605,3945.5,0.1268,True
1758861614613,3945.37,0.1,True
1758861614613,3945.36,0.264,True
1758861616816,3945.15,4.4434,False
1758861616817,3945.15,0.8658,False
1758861616817,3945.15,3.6908,False
1758861616817,3945.15,0.191,False
1758861616817,3945.15,0.1711,False
1758861616817,3945.17,0.5518,False
1758861617176,3945.54,0.879,False
1758861617176,3945.54,0.9341,False
1758861617176,3945.54,2.916,False
1758861617765,3945.53,0.382,True
1758861617765,3945.53,2.0829,True
1758861617765,3945.53,6.1112,True
1758861617765,3945.53,0.191,True
1758861617765,3945.53,1.6119,True
1758861617765,3945.53,0.5,True
1758861617765,3945.53,1.5179,True
1758861617765,3945.53,0.2873,True
1758861617765,3945.53,1.9358,True
1758861617765,3945.34,0.2281,True
1758861617785,3945.14,0.2219,True
1758861617806,3945.11,0.1268,True
1758861617979,3944.81,0.243,True
1758861620673,3944.81,0.4,True
1758861620747,3944.82,0.2521,False
1758861620747,3944.82,0.7479,False
1758861621456,3944.82,1.1965,False
1758861621483,3944.81,1.6364,True
1758861621483,3944.81,1.5207,True
1758861621483,3944.81,0.393,True
1758861621483,3944.81,1.9358,True
1758861621483,3944.81,5.7017,True
1758861621483,3944.78,0.1,True
1758861621484,3944.71,0.1143,True
1758861621484,3944.69,0.1521,True
1758861621484,3944.42,0.1014,True
1758861621484,3944.42,0.1014,True
1758861621484,3944.38,0.1,True
1758861621484,3944.32,0.1268,True
1758861621816,3944.03,0.1521,True
1758861621816,3943.92,0.1268,True
1758861621913,3943.81,0.4,True
1758861622388,3943.81,0.2536,True
1758861624686,3943.82,0.4184,False
1758861626908,3943.82,0.3803,False
1758861627816,3943.74,0.2535,True
1758861627816,3943.72,0.1521,True
1758861627904,3943.7,0.1957,True
1758861628033,3943.62,0.1,True
1758861629805,3943.62,0.2276,True
1758861632451,3943.63,0.3804,False
1758861632628,3943.63,0.33,False
1758861632706,3943.63,0.191,False
1758861632706,3943.63,0.183,False
1758861632857,3943.63,0.119,False
1758861632857,3943.63,0.2481,False
1758861633527,3943.62,1.0,True
1758861634201,3943.62,1.0,True
1758861636010,3943.62,1.9349,True
1758861636460,3943.62,6.8294,True
1758861636460,3943.62,0.393,True
1758861636460,3943.62,2.8066,True
1758861637766,3943.62,2.4515,True
1758861637766,3943.62,0.5894,True
1758861638582,3943.63,3.5247,False
1758861638582,3943.63,3.7621,False
1758861638582,3943.63,0.1061,False
1758861638585,3943.72,0.1521,False
1758861638591,3943.82,0.5552,False
1758861638592,3943.82,0.1572,False
1758861638597,3943.82,0.612,False
1758861638610,3943.82,10.9206,False
1758861638610,3943.82,1.0,False
1758861638610,3943.82,0.2582,False
1758861638618,3943.9,0.8234,True
1758861638626,3943.91,0.1015,False
1758861638626,3943.91,0.2228,False
1758861640616,3944.0,0.1918,False
1758861640616,3944.01,0.2282,False
1758861640616,3944.03,0.1,False
1758861640815,3944.17,0.3803,False
1758861641264,3944.17,1.9987,False
1758861641264,3944.17,0.1646,False
1758861641264,3944.17,2.8917,False
1758861641299,3944.16,0.6551,True
1758861641673,3944.17,0.302,False
1758861641850,3944.32,0.1586,False
1758861641905,3944.32,0.127,False
1758861642778,3944.32,0.2915,False
1758861643027,3944.54,0.1595,False
1758861643779,3944.54,0.38,False
1758861645678,3944.54,0.175,False
1758861645735,3944.54,0.205,False
1758861647435,3944.54,0.1418,False
1758861647435,3944.54,0.2341,False
1758861648271,3944.53,0.3076,True
1758861650068,3944.53,0.1869,True
1758861651522,3944.53,7.0616,True
1758861651522,3944.53,1.0702,True
1758861651541,3944.53,2.2469,True
1758861651541,3944.53,0.191,True
1758861651541,3944.53,0.1942,True
1758861651541,3944.53,0.1066,True
1758861651541,3944.44,0.1521,True
1758861651541,3944.34,0.2282,True
1758861651541,3944.32,1.365,True
1758861651725,3944.14,0.1014,True
1758861651725,3944.14,0.1014,True
1758861651725,3944.12,0.2282,True
1758861651738,3943.95,0.1651,True
1758861651738,3943.92,0.1268,True
1758861651738,3943.91,0.1,True
1758861651738,3943.89,0.1014,True
1758861651759,3943.84,0.1014,True
1758861651759,3943.84,1.9358,True
1758861651759,3943.79,0.381,True
1758861651759,3943.75,0.1521,True
1758861651789,3943.6,0.1001,True
1758861651789,3943.53,0.1268,True
1758861652445,3943.47,0.1267,False
1758861654956,3943.47,0.2535,False
1758861655849,3943.46,0.3815,True
1758861655849,3943.46,0.6086,True
1758861656434,3943.47,0.1523,False
1758861656528,3943.47,0.302,False
1758861656551,3943.66,0.2282,False
1758861659016,3944.12,0.2282,False
1758861660330,3944.17,0.3302,False
1758861660334,3944.17,0.2011,False
1758861660407,3944.17,0.3727,False
1758861661060,3944.16,0.6662,True
1758861661664,3944.17,0.1095,False
1758861663775,3944.17,0.146,False
1758861664216,3944.36,0.1946,False
1758861665136,3944.54,0.3326,False
1758861665870,3944.56,0.1014,False
1758861665870,3944.56,0.1014,False
1758861665871,3944.66,0.1,False
1758861665871,3944.71,0.2535,False
1758861665871,3944.72,0.1268,False
1758861665901,3944.95,0.2506,False
1758861665923,3945.0,0.2706,False
1758861665955,3945.0,0.3,False
1758861665955,3945.03,0.615,False
1758861666023,3945.03,0.1193,False
1758861667416,3945.71,0.1,False
1758861671142,3945.71,0.1633,True
1758861671142,3945.71,0.5553,True
1758861671142,3945.71,0.9643,True
1758861671142,3945.71,1.406,True
1758861671142,3945.71,0.3877,True
1758861671144,3945.7,0.4561,True
1758861671316,3945.56,0.1308,True
1758861671316,3945.56,0.1458,True
1758861671316,3945.32,0.1014,True
1758861671316,3945.31,0.1,True
1758861672223,3945.13,0.5069,False
1758861673392,3945.13,0.191,False
1758861673392,3945.13,0.302,False
1758861673392,3945.13,0.7554,False
1758861674557,3945.13,0.1178,False
1758861674578,3945.13,1.2674,False
1758861676378,3945.12,0.2704,True
1758861677794,3945.12,0.2535,True
1758861677794,3945.12,0.9966,True
1758861677794,3945.12,1.5202,True
1758861677794,3945.12,1.5205,True
1758861677794,3945.12,0.4845,True
1758861677794,3945.12,1.9358,True
1758861677794,3945.11,0.1268,True
1758861677794,3945.11,0.7728,True
1758861677794,3945.1,0.3517,True
1758861677795,3945.03,0.1521,True
1758861677795,3944.93,0.2282,True
1758861677796,3944.73,0.2535,True
1758861677796,3944.71,0.1268,True
1758861677796,3944.7,0.1,True
1758861677796,3944.5,6.3341,True
1758861677796,3944.48,0.252,True
1758861677796,3944.45,2.6407,True
1758861677796,3944.43,0.58,True
1758861677796,3944.43,0.2806,True
1758861677796,3944.43,0.2994,True
1758861677796,3944.39,0.58,True
1758861677796,3944.39,0.58,True
1758861677796,3944.38,0.58,True
1758861677796,3944.38,0.58,True
1758861677796,3944.37,0.2028,True
1758861677797,3944.35,0.2908,True
1758861677797,3944.35,0.7092,True
1758861677797,3944.33,2.8229,True
1758861677802,3944.32,0.1268,True
1758861677802,3944.31,0.1,True
1758861677807,3944.26,0.5293,True
1758861677921,3943.95,1.2312,True
1758861681253,3943.95,0.6572,True
1758861681781,3943.95,0.2002,True
1758861681781,3943.95,0.1938,True
1758861681930,3943.95,0.705,True
1758861681930,3943.95,0.295,True
1758861683288,3943.95,0.1379,True
1758861686732,3943.95,0.21,True
1758861687911,3943.96,0.1552,False
1758861687911,3943.96,3.058,False
1758861688832,3943.96,1.3047,False
1758861688832,3943.96,1.5487,False
1758861688832,3943.96,0.302,False
1758861688837,3944.05,0.1521,False
1758861688837,3944.15,0.2282,False
1758861688837,3944.17,0.2894,False
1758861698050,3944.16,0.2381,True
1758861698050,3944.16,0.1619,True
1758861701218,3944.16,0.3975,True
1758861701218,3944.16,0.9608,True
1758861701218,3944.16,0.4732,True
1758861701218,3944.16,1.0343,True
1758861701218,3944.16,0.5529,True
1758861701218,3944.15,0.3131,True
1758861701275,3944.07,0.1521,True
1758861701351,3943.97,0.2282,True
1758861702616,3943.93,1.518,True
1758861702616,3943.93,1.5205,True
1758861703424,3943.92,0.1268,True
1758861703429,3943.76,0.2282,True
1758861703516,3943.58,0.1014,True
1758861703516,3943.56,0.1014,True
1758861703516,3943.56,0.2536,True
1758861703605,3943.53,0.1268,True
1758861703605,3943.53,0.2719,True
1758861705617,3943.53,0.357,True
1758861705905,3943.54,1.0,False
1758861705950,3943.54,0.7832,False
1758861706012,3943.34,0.1341,True
1758861706306,3943.17,0.3363,True
1758861708416,3943.16,0.1,True
1758861708416,3943.14,0.1269,True
1758861708416,3943.14,0.2536,True
1758861709442,3943.0,1.4005,True
1758861709444,3942.85,0.2283,True
1758861709460,3942.75,0.2536,True
1758861709552,3942.75,0.1656,False
1758861709727,3942.74,0.151,True
1758861709727,3942.74,0.2286,True
1758861714184,3942.74,2.5512,True
1758861715291,3942.75,0.1657,False
1758861715291,3942.75,0.9764,False
1758861716878,3942.74,0.2673,True
1758861718260,3942.75,0.1668,False
1758861718364,3942.75,0.2536,False
1758861721580,3942.75,0.2519,False
1758861721741,3942.75,0.1343,False
1758861723271,3942.75,0.1277,False
1758861723845,3942.82,0.263,False
1758861723846,3942.84,0.1522,False
1758861723846,3942.9,0.1098,False
1758861723856,3942.9,0.1609,False
1758861723863,3942.9,0.1693,False
1758861723863,3942.94,0.2282,False
1758861723959,3943.0,1.1314,False
1758861724411,3943.0,0.7605,False
1758861724419,3943.0,0.7605,False
1758861724465,3943.0,3.649,False
1758861724465,3943.0,1.0835,False
1758861724465,3943.0,2.7561,False
1758861724465,3943.14,0.1269,False
1758861724465,3943.14,0.1014,False
1758861724465,3943.14,0.1014,False
1758861724465,3943.14,0.2536,False
1758861724494,3943.45,0.1,False
1758861724494,3943.53,0.1521,False
1758861724606,3943.53,0.2249,False
1758861724646,3943.53,0.1606,False
1758861724646,3943.54,0.1269,False
1758861724646,3943.54,0.1,False
1758861724646,3943.86,0.1014,False
1758861724646,3943.93,0.1268,False
1758861724646,3943.94,0.1,False
1758861724646,3943.98,0.1721,False
1758861724656,3943.97,0.3115,True
1758861724656,3943.97,0.5785,True
1758861727861,3943.97,0.1885,True
1758861727861,3943.97,0.2115,True
1758861728042,3943.97,0.869,True
1758861728042,3943.97,0.3818,True
1758861728042,3943.97,0.1482,True
1758861728042,3943.97,1.9358,True
1758861728043,3943.7,0.8821,True
1758861728043,3943.57,0.1,True
1758861728043,3943.53,0.1268,True
1758861728043,3943.42,0.9213,True
1758861728043,3943.42,0.6792,True
1758861728043,3943.41,6.3358,True
1758861728053,3943.19,0.1014,False
1758861728057,3943.14,0.1269,True
1758861728057,3943.13,0.2028,True
1758861728057,3942.86,0.5597,True
1758861728295,3942.86,0.4,True
1758861729787,3942.86,0.128,True
1758861729787,3942.86,0.1616,True
1758861729787,3942.86,0.393,True
1758861729787,3942.86,1.3134,True
1758861730363,3942.86,0.131,True
1758861733482,3942.87,0.2,False
1758861735876,3942.86,0.4,True
1758861738744,3942.86,0.254,True
1758861739628,3942.86,1.596,True
1758861739628,3942.86,0.393,True
1758861739628,3942.86,3.011,True
1758861741274,3942.87,1.0,False
1758861741470,3942.86,0.255,True
1758861745966,3942.87,0.1044,False
1758861747422,3942.87,1.6379,False
1758861747422,3942.87,1.5788,False
1758861747422,3942.87,3.0151,False
1758861747422,3942.87,1.0398,False
1758861747422,3942.87,2.2358,False
1758861747422,3942.87,0.263,False
1758861747422,3942.89,6.3367,False
1758861747422,3942.9,0.5,False
1758861747422,3942.93,0.5,False
1758861747422,3942.96,0.1522,False
1758861747422,3942.99,0.9994,False
1758861747422,3943.06,0.2282,False
1758861747422,3943.15,1.9031,False
1758861747422,3943.16,6.3363,False
1758861747422,3943.24,0.8477,False
1758861747422,3943.26,0.1014,False
1758861747422,3943.26,0.1014,False
1758861747422,3943.26,0.2536,False
1758861747422,3943.27,4.05,False
1758861747422,3943.27,0.1,False
1758861747422,3943.36,1.9018,False
1758861747422,3943.39,2.1599,False
1758861747422,3943.41,4.1839,False
1758861747422,3943.41,4.1839,False
1758861747422,3943.43,0.8,False
1758861747422,3943.43,0.2,False
1758861747422,3943.43,1.6,False
1758861747422,3943.43,0.4,False
1758861747429,3943.47,0.5072,False
1758861748184,3943.53,0.2534,False
1758861748793,3943.53,0.469,False
1758861748840,3943.52,0.3937,True
1758861748926,3943.53,0.2228,False
1758861749488,3943.53,0.1003,False
1758861750006,3943.54,0.1269,False
1758861750313,3943.64,0.1062,True
1758861756608,3943.65,0.4052,True
1758861756608,3943.65,4.0,True
1758861756608,3943.65,1.1836,True
1758861756608,3943.65,3.4567,True
1758861757094,3943.7,0.14,True
1758861757784,3943.71,0.2349,False
1758861759811,3943.7,1.1777,True
1758861759811,3943.7,0.9629,True
1758861759811,3943.7,9.9699,True
1758861759811,3943.7,1.9358,True
1758861759811,3943.7,0.191,True
1758861759811,3943.7,2.7525,True
1758861759811,3943.7,1.6087,True
1758861759811,3943.7,0.6446,True
1758861759811,3943.7,1.8657,True
1758861759811,3943.7,0.649,True
1758861759811,3943.7,1.4281,True
1758861759811,3943.7,0.9597,True
1758861759811,3943.7,6.2848,True
1758861759811,3943.7,0.1001,True
1758861759811,3943.61,0.1522,True
1758861759811,3943.55,0.1522,True
1758861759811,3943.52,0.8703,True
1758861759811,3943.52,0.5,True
1758861759812,3943.41,6.3358,True
1758861759816,3943.33,0.2282,True
1758861759816,3943.32,0.58,True
1758861759816,3943.32,0.5787,True
1758861759819,3943.28,0.58,True
1758861759819,3943.28,0.3036,True
1758861759819,3943.28,0.2764,True
1758861759819,3943.28,0.58,True
1758861759821,3943.27,0.58,True
1758861759821,3943.24,0.1,True
1758861759827,3943.22,0.1015,True
1758861759858,3943.16,0.4,True
1758861759869,3943.14,0.1269,True
1758861759928,3943.0,0.4574,True
1758861760097,3942.99,0.3442,True
1758861760252,3943.0,0.2535,False
1758861760661,3943.0,0.2536,False
1758861761216,3942.77,0.1522,True
1758861765167,3942.75,1.0,False
1758861767157,3942.74,0.1147,True
1758861767157,3942.74,0.2346,True
1758861767157,3942.74,0.1707,True
1758861767176,3942.72,0.2423,True
1758861767190,3942.55,0.2283,True
1758861767190,3942.42,0.3132,True
1758861767190,3942.42,0.5072,True
1758861767190,3942.35,0.1269,True
1758861767190,3942.35,0.113,True
1758861767190,3942.35,0.2537,True
1758861767190,3942.35,0.1015,True
1758861767317,3942.27,0.2536,True
1758861769776,3942.16,0.2535,False
1758861771028,3942.16,0.2022,False
1758861771404,3942.16,0.8703,False
1758861773975,3942.15,0.1701,True
1758861774801,3942.15,14.7723,True
1758861774801,3942.15,2.7613,True
1758861774801,3942.15,0.8138,True
1758861774801,3942.15,0.9541,True
1758861774801,3942.15,10.0135,True
1758861774801,3942.15,2.2762,True
1758861774801,3942.14,0.9879,True
1758861774802,3942.03,0.1055,True
1758861774802,3942.0,0.2485,True
1758861774802,3942.0,0.7515,True
1758861774803,3941.96,0.2537,True
1758861774803,3941.94,0.3155,True
1758861774807,3941.83,0.1,True
1758861774807,3941.8,0.1,True
1758861774809,3941.76,0.2537,True
1758861774809,3941.76,0.1015,True
1758861774809,3941.76,0.1015,True
1758861774809,3941.71,1.0,True
1758861774810,3941.68,0.2536,True
1758861774811,3941.62,0.184,True
1758861774811,3941.58,0.58,True
1758861774811,3941.57,0.2617,True
1758861774820,3941.56,0.1269,True
1758861774820,3941.55,0.1,True
1758861774828,3941.37,0.58,True
1758861774828,3941.37,0.1522,True
1758861774828,3941.37,0.2537,True
1758861774830,3941.34,0.1424,True
1758861774841,3941.26,2.0565,True
1758861774841,3941.26,2.0568,True
1758861774841,3941.26,0.1363,True
1758861774842,3941.23,0.5613,True
1758861774843,3941.17,0.6999,True
1758861774843,3941.16,0.1269,True
1758861774915,3941.13,0.2853,True
1758861774934,3941.13,0.229,True
1758861775043,3941.12,0.105,True
1758861776116,3941.11,0.1827,True
1758861776829,3941.0,0.4765,True
1758861777033,3941.0,3.2555,True
1758861777033,3941.0,0.2537,True
1758861777038,3940.99,1.0234,True
1758861777038,3940.99,0.2237,True
1758861777041,3940.99,1.7826,True
1758861777041,3940.99,2.4228,True
1758861777042,3940.99,1.9258,True
1758861777042,3940.98,0.628,True
1758861777427,3940.93,0.2537,True
1758861777427,3940.89,0.3216,True
1758861777427,3940.86,0.1311,True
1758861777430,3940.77,0.1269,True
1758861777430,3940.73,0.1015,True
1758861777432,3940.68,9.5456,True
1758861777440,3940.68,9.0507,True
1758861780422,3940.69,0.1885,False
1758861780422,3940.69,0.171,False
1758861780422,3940.69,0.3329,False
1758861783081,3940.68,15.6944,True
1758861783081,3940.68,1.1906,True
1758861783081,3940.68,0.7866,True
1758861783081,3940.68,0.8184,True
1758861783081,3940.68,2.0782,True
1758861783081,3940.68,7.896,True
1758861783081,3940.68,10.1855,True
1758861783081,3940.68,0.9577,True
1758861783081,3940.68,0.9881,True
1758861783081,3940.68,1.9358,True
1758861783081,3940.68,0.3897,True
1758861783081,3940.68,0.6003,True
1758861783081,3940.68,1.2697,True
1758861783081,3940.68,0.5163,True
1758861783081,3940.68,3.226,True
1758861783081,3940.68,0.1001,True
1758861783081,3940.68,10.82,True
1758861783081,3940.68,1.523,True
1758861783081,3940.68,9.5418,True
1758861784218,3940.67,0.9325,True
1758861784218,3940.67,0.4429,True
1758861784218,3940.67,0.9999,True
1758861787225,3940.67,0.4,True
1758861788416,3940.67,0.2669,True
1758861788895,3940.66,0.446,True
1758861790543,3940.67,0.2092,False
1758861790671,3940.66,0.8739,True
1758861790671,3940.66,1.0062,True
1758861790671,3940.66,0.1779,True
1758861790671,3940.66,2.1615,True
1758861790671,3940.66,1.7693,True
1758861791060,3940.67,0.2537,False
1758861791184,3940.66,0.4,True
1758861791596,3940.66,0.1567,True
1758861793355,3940.66,1.242,True
1758861793880,3940.67,0.185,False
1758861793880,3940.67,0.1653,False
1758861793880,3940.67,1.5845,False
1758861793880,3940.67,1.8054,False
1758861793880,3940.68,13.8138,False
1758861793880,3940.68,3.5279,False
1758861793925,3940.67,1.274,True
1758861795376,3940.68,2.9425,False
1758861796354,3940.67,0.1609,True
1758861797611,3940.67,1.0343,True
1758861798872,3940.67,0.191,True
1758861798872,3940.67,0.1012,True
1758861798872,3940.67,0.1186,True
1758861798872,3940.67,1.732,True
1758861798872,3940.67,0.393,True
1758861798872,3940.67,7.387,True
1758861806811,3940.68,0.9016,False
1758861810051,3940.68,2.2906,False
1758861810051,3940.68,0.7094,False
1758861811119,3940.67,0.3561,True
1758861811778,3940.67,0.6075,True
1758861813264,3940.67,1.0757,True
1758861813264,3940.67,0.915,True
1758861816369,3940.68,0.167,False
1758861816369,3940.68,0.1874,False
1758861816369,3940.68,0.107,False
1758861816369,3940.68,0.5356,False
1758861816481,3940.67,0.3833,True
1758861816481,3940.67,1.5273,True
1758861816481,3940.67,0.5393,True
1758861816481,3940.67,1.269,True
1758861816481,3940.58,0.1523,True
1758861816484,3940.48,0.2284,True
1758861816485,3940.38,0.1,True
1758861816485,3940.37,0.1269,True
1758861816485,3940.35,0.3138,True
1758861816485,3940.35,0.5075,True
1758861816485,3940.28,0.1015,True
1758861816487,3940.28,0.1537,True
1758861816487,3940.28,0.1001,True
1758861816487,3940.25,0.1129,True
1758861816487,3940.16,0.2537,True
1758861816511,3940.03,0.2028,True
1758861816512,3940.0,0.1,True
1758861816512,3940.0,1.0,True
1758861816512,3940.0,0.6,True
1758861816512,3940.0,0.1593,True
1758861816512,3940.0,1.8994,True
1758861816512,3940.0,0.25,True
1758861816512,3940.0,0.2,True
1758861816512,3940.0,0.5,True
1758861816512,3940.0,4.491,True
1758861816512,3940.0,0.3316,True
1758861816512,3940.0,0.5076,True
1758861816512,3940.0,0.9409,True
1758861816512,3940.0,0.4409,True
1758861816512,3940.0,0.5178,True
1758861816546,3940.0,5.3669,True
1758861816546,3940.0,0.2169,True
1758861816548,3940.0,0.2831,True
1758861816548,3940.0,0.5096,True
1758861816548,3940.0,0.5,True
1758861816548,3940.0,0.4,True
1758861816548,3940.0,0.1,True
1758861816548,3940.0,1.1657,True
1758861816548,3940.0,0.8343,True
1758861816548,3940.0,0.1657,True
1758861816548,3940.0,25.853,True
1758861816550,3940.0,8.1007,True
1758861816550,3940.0,2.7421,True
1758861816550,3940.0,4.3981,True
1758861816550,3940.0,1.8757,True
1758861816550,3940.0,0.3052,True
1758861816550,3940.0,2.2683,True
1758861816566,3939.98,0.127,True
1758861816566,3939.89,0.2538,True
1758861816566,3939.89,0.1523,True
1758861816566,3939.89,0.2538,True
1758861816566,3939.73,0.22,True
1758861816567,3939.67,0.58,True
1758861816567,3939.62,0.6773,True
1758861816567,3939.58,0.127,True
1758861816567,3939.5,0.1395,True
1758861816567,3939.49,0.1,True
1758861816567,3939.48,0.1,True
1758861816567,3939.31,0.1083,True
1758861816567,3939.23,0.1513,True
1758861816567,3939.19,0.127,True
1758861816616,3939.17,0.1234,True
1758861816776,3939.18,0.2535,False
1758861816785,3939.18,0.2535,False
1758861816830,3939.17,0.2539,True
1758861817160,3939.18,0.1581,False
1758861817160,3939.18,0.1056,False
1758861817160,3939.29,0.2629,False
1758861817453,3939.4,2.2025,False
1758861817453,3939.4,4.05,False
1758861817453,3939.4,6.0,False
1758861817453,3939.4,0.1093,False
1758861817453,3939.4,3.1,False
1758861817453,3939.4,12.7513,False
1758861817453,3939.4,2.9407,False
1758861817453,3939.49,0.2606,False
1758861817453,3939.5,0.2538,False
1758861817453,3939.58,0.1,False
1758861817453,3939.59,0.127,False
1758861817453,3939.68,0.263,False
1758861817453,3939.69,0.1015,False
1758861817453,3939.85,0.706,False
1758861817453,3939.93,1.2611,False
1758861817453,3939.94,15.4726,False
1758861819533,3939.94,0.1755,False
1758861820541,3939.93,0.191,True
1758861820541,3939.93,1.8245,True
1758861820541,3939.93,0.8123,True
1758861820541,3939.93,10.1858,True
1758861820541,3939.93,0.2702,True
1758861820541,3939.93,0.6344,True
1758861820541,3939.93,1.1831,True
1758861820541,3939.93,1.9785,True
1758861820541,3939.93,7.8428,True
1758861820543,3939.93,0.3156,True
1758861820545,3939.68,39.2107,True
1758861820545,3939.68,8.1335,True
1758861820545,3939.68,2.9507,True
1758861820546,3939.68,0.414,True
1758861820549,3939.68,3.2607,True
1758861820549,3939.68,10.185,True
1758861820550,3939.68,1.086,True
1758861820552,3939.68,0.1729,True
1758861820554,3939.68,0.1538,True
1758861820556,3939.68,0.2246,True
1758861820557,3939.68,0.778,True
1758861820557,3939.68,0.3705,True
1758861820564,3939.68,0.9974,True
1758861820574,3939.68,0.256,True
1758861820750,3939.68,0.4,True
1758861821240,3939.68,0.4,True
1758861823415,3939.69,0.191,False
1758861823415,3939.69,1.208,False
1758861823424,3939.78,0.1343,False
1758861823424,3939.88,0.2284,False
1758861824359,3939.98,0.127,False
1758861824359,3940.0,0.2538,False
1758861824416,3940.0,0.4236,False
1758861824439,3940.01,2.0482,False
1758861824440,3940.01,0.7605,False
1758861824440,3940.01,0.2154,False
1758861826473,3940.0,0.2538,True
1758861826727,3940.01,0.2362,False
1758861827689,3940.01,0.302,False
1758861827722,3940.08,0.204,False
1758861831304,3940.2,0.7199,False
1758861831986,3940.38,0.127,False
1758861831986,3940.4,0.2498,False
1758861831986,3940.41,0.1,False
1758861832255,3940.68,0.1268,False
1758861833562,3940.68,0.9396,False
1758861833562,3940.68,7.0351,False
1758861833562,3940.68,0.1255,False
1758861833562,3940.68,0.1419,False
1758861833562,3940.69,0.7743,False
1758861833563,3940.77,0.1523,False
1758861833563,3940.77,0.1269,False
1758861834937,3940.97,0.1035,False
1758861834937,3940.98,0.2537,False
1758861834944,3941.13,0.1,False
1758861836597,3941.36,0.1015,False
1758861836597,3941.36,2.2222,False
1758861839282,3941.44,0.9288,True
1758861839282,3941.44,0.4332,True
1758861840312,3941.56,0.1269,False
1758861840438,3941.74,0.3125,True
1758861840438,3941.74,0.3942,True
1758861841237,3941.75,0.2537,False
1758861841237,3941.75,0.112,False
1758861841237,3941.75,0.302,False
1758861841344,3941.84,0.1015,False
1758861841351,3941.94,0.2283,False
1758861841351,3941.96,0.1269,False
1758861841390,3942.14,0.161,False
1758861841590,3942.15,0.8801,False
1758861841590,3942.16,1.9088,False
1758861842903,3942.15,0.6923,True
1758861843656,3942.16,0.1583,False
1758861843690,3942.16,0.1221,False
1758861843961,3942.16,0.2171,False
1758861843963,3942.16,0.6922,False
1758861843963,3942.23,0.1522,False
1758861843966,3942.35,0.1269,False
1758861843966,3942.36,0.1,False
1758861843966,3942.5,0.3341,False
1758861845772,3942.49,0.1,True
1758861846911,3942.49,1.998,True
1758861849879,3942.49,0.5195,True
1758861851582,3942.5,0.2536,False
1758861851582,3942.5,2.064,False
1758861851582,3942.5,0.6149,False
1758861852354,3942.49,0.1,True
1758861852552,3942.5,1.1511,False
1758861852552,3942.53,0.2536,False
1758861852617,3942.69,0.2052,False
1758861852784,3942.74,0.2612,True
1758861853798,3942.75,0.1228,False
1758861853798,3942.75,0.1269,False
1758861853798,3942.75,9.0456,False
1758861853798,3942.75,1.2497,False
1758861853856,3942.89,0.1242,False
1758861854469,3943.0,0.2536,False
1758861854575,3943.28,0.1522,False
1758861854575,3943.28,0.2536,False
1758861855174,3943.32,0.2527,False
1758861855250,3943.31,1.0341,True
1758861856605,3943.32,2.0024,False
1758861856605,3943.32,0.5863,False
1758861856746,3943.31,1.6613,True
1758861856746,3943.31,0.3246,True
1758861858167,3943.31,0.1683,True
1758861858319,3943.31,3.0987,True
1758861858319,3943.31,0.191,True
1758861858319,3943.31,10.1854,True
1758861858319,3943.31,0.5239,True
1758861858319,3943.31,1.521,True
1758861858319,3943.31,0.1692,True
1758861858319,3943.31,1.6637,True
1758861859524,3943.32,0.2982,False
1758861859524,3943.32,1.6733,False
1758861862985,3943.5,0.1944,False
1758861862985,3943.5,0.1097,False
1758861863071,3943.5,0.22,False
1758861863992,3943.5,0.3085,False
1758861866581,3943.51,0.7325,False
1758861866581,3943.51,0.3243,False
1758861866581,3943.54,0.1269,False
1758861866581,3943.6,0.1522,False
1758861866581,3943.7,0.2282,False
1758861866581,3943.89,0.1014,False
1758861866581,3943.89,0.1014,False
1758861866581,3943.9,0.2536,False
1758861866581,3943.93,0.1268,False
1758861866581,3943.94,0.1,False
1758861867119,3943.94,0.1001,False
1758861868922,3943.93,0.1255,True
1758861871214,3943.94,0.7099,False
1758861871596,3943.94,1.5127,False
1758861871596,3943.94,0.7114,False
1758861875804,3943.93,1.1409,True
1758861875870,3943.94,0.4656,False
1758861875870,3943.94,0.1404,False
1758861876149,3943.94,0.1616,False
1758861876149,3943.94,0.8988,False
1758861876379,3943.93,6.2764,True
1758861876379,3943.93,0.5072,True
1758861877213,3943.93,0.6502,True
1758861877213,3943.93,0.1658,True
1758861877213,3943.93,0.191,True
1758861877213,3943.93,0.2838,True
1758861877388,3943.94,1.0,False
1758861877446,3943.93,0.3292,True
1758861877447,3943.93,1.0377,True
1758861877447,3943.93,1.4855,True
1758861877447,3943.93,1.1127,True
1758861877447,3943.93,1.2392,True
1758861877447,3943.93,2.7109,True
1758861877447,3943.93,0.465,True
1758861877447,3943.93,0.3416,True
1758861877447,3943.93,0.4779,True
1758861877447,3943.93,0.6523,True
1758861877447,3943.93,0.6156,True
1758861877447,3943.93,0.3995,True
1758861877447,3943.93,1.9358,True
1758861877447,3943.93,0.1905,True
1758861877447,3943.84,0.1521,True
1758861877447,3943.82,0.161,True
1758861877447,3943.82,0.3357,True
1758861877447,3943.82,0.1749,True
1758861877447,3943.74,0.2282,True
1758861877448,3943.54,0.1014,True
1758861877448,3943.53,0.1268,True
1758861877448,3943.53,0.1,True
1758861877463,3943.53,0.393,True
1758861877463,3943.52,0.2357,True
1758861877486,3943.52,0.1582,True
1758861877559,3943.5,0.1552,True
1758861878172,3943.48,0.2535,False
1758861878636,3943.48,0.1744,False
1758861878925,3943.48,0.7472,False
1758861878962,3943.47,1.3669,True
1758861878962,3943.43,0.4954,True
1758861878962,3943.41,0.1522,True
1758861878962,3943.3,0.262,True
1758861878962,3943.14,0.1269,True
1758861878962,3943.11,0.2536,True
1758861878962,3943.1,0.1014,True
1758861878962,3943.03,2.0975,True
1758861878962,3942.91,0.1,True
1758861878962,3942.74,0.1269,True
1758861878962,3942.74,0.1,True
1758861878962,3942.71,2.1016,True
1758861880599,3942.72,0.2909,False
1758861880599,3942.72,1.6015,False
1758861880599,3942.72,1.873,False
1758861880599,3942.72,1.2318,False
1758861881585,3943.12,0.1,False
1758861881585,3943.12,2.0939,False
1758861884059,3943.12,0.3923,False
1758861886589,3943.12,0.1342,False
1758861886589,3943.12,0.302,False
1758861886589,3943.14,0.1269,False
1758861886589,3943.21,0.1522,False
1758861886589,3943.31,0.2283,False
1758861886589,3943.36,1.5502,False
1758861888546,3943.51,0.1529,False
1758861891140,3943.54,0.1269,False
1758861896593,3943.87,2.364,False
1758861896593,3943.87,0.1299,False
1758861899030,3943.87,0.8207,False
1758861900550,3943.94,0.2036,False
1758861900559,3943.96,0.1521,False
1758861900617,3944.0,0.2156,False
1758861900617,3944.06,0.2282,False
1758861901953,3944.17,0.9137,False
1758861901953,3944.17,1.3687,False
1758861904395,3944.17,1.8634,False
1758861904395,3944.17,0.302,False
1758861904397,3944.26,0.1014,False
1758861904397,3944.26,0.1014,False
1758861904397,3944.26,0.2534,False
1758861904483,3944.36,0.1922,False
1758861904840,3944.5,0.153,False
1758861906631,3944.65,0.1955,False
1758861906631,3944.65,1.1123,False
1758861906631,3944.72,0.1268,False
1758861906768,3944.95,0.1521,False
1758861906770,3945.0,0.2225,False
1758861906770,3945.0,0.2775,False
1758861906770,3945.0,5.2223,False
1758861906770,3945.0,3.9428,False
1758861906770,3945.0,0.2535,False
1758861906770,3945.03,1.732,False
1758861907285,3945.03,0.2149,False
1758861907285,3945.11,0.1268,False
1758861907285,3945.22,0.2281,False
1758861907285,3945.36,0.1,False
1758861907285,3945.36,0.1014,False
1758861907285,3945.38,1.6,False
1758861907285,3945.42,0.2535,False
1758861907290,3945.5,0.2096,False
1758861907290,3945.51,0.1268,False
1758861908038,3945.6,0.3884,True
1758861908237,3945.61,0.1805,False
1758861908237,3945.81,0.2534,False
1758861908237,3945.84,0.1,False
1758861908237,3945.9,0.1268,False
1758861908237,3945.94,0.1014,False
1758861908237,3945.99,1.31,False
1758861908616,3946.0,0.1948,False
1758861908665,3946.13,0.5,True
1758861909303,3946.13,0.5,True
1758861909308,3946.13,0.1267,True
1758861909505,3946.14,2.7898,False
1758861909505,3946.14,6.0,False
1758861909516,3946.3,0.1268,False
1758861909519,3946.39,2.8851,False
1758861909939,3946.38,0.5,True
1758861910619,3946.38,0.3002,True
1758861911581,3946.39,0.1445,False
1758861911581,3946.39,2.1532,False
1758861912065,3946.38,3.1977,True
1758861912065,3946.38,4.0,True
1758861912065,3946.38,0.5,True
1758861912065,3946.38,4.3205,True
1758861913022,3946.38,0.191,True
1758861913022,3946.38,0.114,True
1758861914884,3946.39,0.2533,False
1758861915485,3946.38,2.5339,True
1758861916014,3946.38,0.241,True
1758861916156,3946.39,0.5067,False
1758861916198,3946.39,1.6619,False
1758861916198,3946.39,3.0552,False
1758861916198,3946.39,0.302,False
1758861916598,3946.5,0.1673,False
1758861916598,3946.53,0.1014,False
1758861916598,3946.53,0.1013,False
1758861916598,3946.58,0.228,False
1758861916598,3946.69,0.1268,False
1758861916598,3946.73,1.3875,False
1758861916598,3946.78,0.2534,False
1758861916598,3946.78,0.1013,False
1758861917266,3946.8,0.5954,False
1758861919810,3946.79,0.191,True
1758861919810,3946.79,0.4581,True
1758861919810,3946.79,1.2951,True
1758861919810,3946.79,1.6122,True
1758861919810,3946.79,1.2084,True
1758861919810,3946.79,0.1652,True
1758861919810,3946.79,0.8,True
1758861919810,3946.79,0.2372,True
1758861919810,3946.79,0.3381,True
1758861919810,3946.79,1.2433,True
1758861919811,3946.79,0.6875,True
1758861919811,3946.7,0.152,True
1758861919811,3946.62,0.6798,True
1758861919811,3946.6,0.228,True
1758861919811,3946.58,0.23,True
1758861919811,3946.55,0.987,True
1758861919811,3946.41,5.982,True
1758861919816,3946.4,0.4,True
1758861919816,3946.39,0.1,True
1758861919816,3946.29,0.1521,True
1758861919816,3946.29,0.1268,True
1758861919816,3946.29,0.203,True
1758861919816,3946.24,1.6,True
1758861919863,3946.13,0.1156,True
1758861919871,3946.13,0.3801,True
1758861919877,3946.13,0.173,True
1758861919971,3946.13,1.0619,True
1758861920109,3946.01,0.1295,False
1758861920658,3945.99,0.2534,True
1758861921291,3945.91,0.1127,True
1758861921291,3945.9,0.1268,True
1758861921316,3945.75,0.1014,True
1758861921316,3945.73,0.1,True
1758861921316,3945.61,0.1014,True
1758861921316,3945.61,0.1014,True
1758861921316,3945.6,0.2495,True
1758861921637,3945.5,0.1268,True
1758861921848,3945.4,0.3117,True
1758861922586,3945.12,0.2281,True
1758861922586,3945.11,0.1268,True
1758861922873,3944.94,0.3087,True
1758861924277,3944.94,0.393,True
1758861924277,3944.94,2.3298,True
1758861924277,3944.94,10.818,True
1758861924277,3944.93,0.2535,True
1758861924278,3944.72,0.1,True
1758861924278,3944.71,0.1268,True
1758861924278,3944.64,2.928,True
1758861924278,3944.53,0.2535,True
1758861924280,3944.42,0.4,True
1758861924283,3944.32,0.1268,True
1758861924283,3944.26,0.1157,True
1758861924285,3944.26,0.145,True
1758861924286,3944.26,0.5393,True
1758861924286,3944.08,0.1,True
1758861924286,3944.01,0.58,True
1758861924286,3943.99,0.2027,True
1758861924286,3943.92,0.1268,True
1758861924286,3943.91,0.58,True
1758861924286,3943.82,0.57,True
1758861924379,3943.82,0.126,True
1758861924837,3943.82,0.4,True
1758861926580,3943.83,0.3172,False
1758861926580,3943.83,0.1068,False
1758861926580,3943.83,0.2443,False
1758861926580,3943.83,1.2266,False
1758861926580,3943.83,0.4749,False
1758861929114,3943.73,0.1521,True
1758861929118,3943.63,0.2282,True
1758861929225,3943.5,0.2535,True
1758861929230,3943.43,0.1014,True
1758861929230,3943.43,0.1014,True
1758861929230,3943.43,0.2536,True
1758861930341,3943.14,0.1243,True
1758861930341,3943.04,0.1522,True
1758861930341,3943.04,0.2536,True
1758861930341,3943.0,0.2536,True
1758861930341,3942.96,0.1014,True
1758861930341,3942.74,0.1269,True
1758861930341,3942.63,0.1,True
1758861930341,3942.56,0.1,True
1758861930341,3942.5,0.2536,True
1758861930341,3942.46,0.6833,True
1758861930341,3942.38,0.2,True
1758861930352,3942.29,0.6759,True
1758861930352,3942.16,0.2028,True
1758861930352,3942.15,0.2575,True
1758861931080,3942.15,0.2537,True
1758861931174,3942.16,0.191,False
1758861931182,3942.16,0.2534,False
1758861931190,3942.16,0.2535,False
1758861931635,3942.15,1.965,True
1758861931973,3942.15,0.2341,True
1758861931973,3942.15,0.4382,True
1758861933255,3942.16,0.302,False
1758861933255,3942.16,1.989,False
1758861936590,3942.16,2.4636,False
1758861937011,3942.15,2.4229,True
1758861937011,3942.15,0.27,True
1758861941530,3942.01,0.191,False
1758861941530,3942.08,4.1123,False
1758861941581,3942.13,0.1486,False
1758861941581,3942.16,1.9892,False
1758861941583,3942.15,3.0,True
1758861942111,3942.15,4.593,True
1758861942111,3942.15,1.3249,True
1758861942111,3942.15,1.3249,True
1758861942111,3942.15,1.8035,True
1758861942111,3942.15,1.9358,True
1758861942111,3942.15,0.6375,True
1758861942111,3942.15,4.05,True
1758861942111,3942.15,0.8979,True
1758861942111,3942.15,0.3819,True
1758861942111,3942.15,2.9999,True
1758861945916,3942.14,0.1659,True
1758861946016,3942.06,0.1522,True
1758861947236,3942.0,0.1648,True
1758861947236,3941.96,0.2283,True
1758861947236,3941.95,0.1269,True
1758861947378,3941.76,0.1015,True
1758861947378,3941.76,0.1015,True
1758861947391,3941.76,0.2397,True
1758861949432,3941.61,0.1015,True
1758861949432,3941.61,0.1015,True
1758861949432,3941.61,0.197,True
1758861955944,3941.57,0.1268,False
1758861956171,3941.57,0.2512,False
1758861956172,3941.66,0.1084,False
1758861956217,3941.76,0.1424,False
1758861956595,3941.96,0.1269,False
1758861956595,3941.96,0.9791,False
1758861956595,3942.02,0.9327,False
1758861958649,3942.1,0.1,False
1758861958649,3942.1,1.55,False
1758861958649,3942.11,0.1522,False
1758861958649,3942.16,1.0339,False
1758861958649,3942.16,3.9639,False
1758861958650,3942.16,2.374,False
1758861958650,3942.21,0.2283,False
1758861958652,3942.35,0.1269,False
1758861958652,3942.4,0.1015,False
1758861958652,3942.41,0.1015,False
1758861958652,3942.41,0.1015,False
1758861958652,3942.41,0.2537,False
1758861958652,3942.5,0.5,False
1758861958652,3942.55,0.6815,False
1758861958656,3942.56,0.1,False
1758861960093,3942.77,0.1587,False
1758861960710,3942.8,0.2536,False
1758861960775,3943.14,0.1269,False
1758861961589,3943.4,0.302,False
1758861961589,3943.54,0.1269,False
1758861961589,3943.56,0.52,False
1758861961589,3943.84,0.943,False
1758861964058,3943.82,0.3986,True
1758861964098,3943.82,2.7684,True
1758861964098,3943.73,0.1521,True
1758861964098,3943.72,1.2793,True
1758861964156,3943.72,0.144,True
1758861964454,3943.72,10.5225,True
1758861964454,3943.72,4.4474,True
1758861964454,3943.72,3.8068,True
1758861964456,3943.63,0.2282,True
1758861964562,3943.43,0.1014,True
1758861964562,3943.43,0.2536,True
1758861964835,3943.22,0.261,True
1758861966586,3943.17,2.6024,False
1758861967212,3943.14,0.1269,True
1758861967907,3942.8,0.2282,True
1758861969613,3942.6,0.2536,True
1758861969613,3942.6,0.1015,True
1758861969717,3942.35,0.1269,True
1758861969717,3942.06,0.177,True
1758861969913,3942.01,0.4,True
1758861971564,3942.01,1.086,True
1758861972351,3942.01,0.3935,True
1758861972717,3941.95,0.1269,True
1758861972835,3941.93,0.4,True
1758861973550,3941.93,0.5131,True
1758861973916,3941.92,0.1522,True
1758861974212,3941.79,0.2283,True
1758861974647,3941.59,0.2351,True
1758861975404,3941.56,0.1269,True
1758861975487,3941.54,0.1015,True
1758861976602,3941.36,0.5,False
1758861976602,3941.36,2.1642,False
1758861977438,3941.35,4.5464,True
1758861977438,3941.35,2.3664,True
1758861977439,3941.22,0.1,True
1758861977439,3941.2,0.2537,True
1758861977439,3941.16,0.1269,True
1758861977439,3941.15,0.1522,True
1758861977439,3941.08,0.2537,True
1758861977440,3940.77,0.1269,True
1758861977440,3940.74,0.1,True
1758861977440,3940.69,0.2537,True
1758861977440,3940.69,0.58,True
1758861977440,3940.68,0.1268,True
1758861977440,3940.68,1.808,True
1758861977440,3940.68,0.1491,True
1758861977440,3940.68,0.58,True
1758861977440,3940.65,0.58,True
1758861977440,3940.65,0.271,True
1758861977441,3940.65,0.309,True
1758861977441,3940.64,0.4,True
1758861977444,3940.64,0.18,True
1758861977444,3940.64,0.58,True
1758861977664,3940.47,0.467,True
1758861977765,3940.47,0.4,True
1758861978977,3940.48,0.2535,False
1758861978987,3940.48,0.2535,False
1758861981086,3940.47,0.4,True
